2025-07-08T08:49:54.957+08:00  WARN 99473 --- [MyWebProject] [HikariPool-1 housekeeper] com.zaxxer.hikari.pool.HikariPool        : HikariPool-1 - Thread starvation or clock leap detected (housekeeper delta=9h27m40s805ms).
2025-07-08T09:08:36.581+08:00 DEBUG 99473 --- [MyWebProject] [http-nio-8080-exec-10] o.s.security.web.FilterChainProxy        : Securing POST /login
2025-07-08T09:08:36.654+08:00 DEBUG 99473 --- [MyWebProject] [http-nio-8080-exec-10] o.s.s.w.a.AnonymousAuthenticationFilter  : Set SecurityContextHolder to anonymous SecurityContext
2025-07-08T09:08:36.660+08:00 DEBUG 99473 --- [MyWebProject] [http-nio-8080-exec-10] o.s.security.web.FilterChainProxy        : Secured POST /login
2025-07-08T09:08:37.477+08:00  INFO 99473 --- [MyWebProject] [http-nio-8080-exec-10] c.e.demo.controller.LoginRestController  : !!!!!!!!!! LOGIN API HAS BEEN CALLED !!!!!!!!!!
2025-07-08T09:08:38.514+08:00 DEBUG 99473 --- [MyWebProject] [http-nio-8080-exec-10] o.s.s.a.dao.DaoAuthenticationProvider    : Authenticated user
2025-07-08T09:08:41.109+08:00 DEBUG 99473 --- [MyWebProject] [http-nio-8080-exec-2] o.s.security.web.FilterChainProxy        : Securing OPTIONS /check-login
2025-07-08T09:08:41.093+08:00 DEBUG 99473 --- [MyWebProject] [http-nio-8080-exec-1] o.s.security.web.FilterChainProxy        : Securing OPTIONS /userinfo
2025-07-08T09:08:41.101+08:00 DEBUG 99473 --- [MyWebProject] [http-nio-8080-exec-6] o.s.security.web.FilterChainProxy        : Securing GET /products
2025-07-08T09:08:41.152+08:00 DEBUG 99473 --- [MyWebProject] [http-nio-8080-exec-6] o.s.s.w.a.AnonymousAuthenticationFilter  : Set SecurityContextHolder to anonymous SecurityContext
2025-07-08T09:08:41.153+08:00 DEBUG 99473 --- [MyWebProject] [http-nio-8080-exec-6] o.s.s.w.session.SessionManagementFilter  : Request requested invalid session id 8B734B1700FBADEECC0CBA233E33889E
2025-07-08T09:08:41.153+08:00 DEBUG 99473 --- [MyWebProject] [http-nio-8080-exec-6] o.s.security.web.FilterChainProxy        : Secured GET /products
2025-07-08T09:08:41.118+08:00 DEBUG 99473 --- [MyWebProject] [http-nio-8080-exec-5] o.s.security.web.FilterChainProxy        : Securing OPTIONS /userinfo
2025-07-08T09:08:41.164+08:00 DEBUG 99473 --- [MyWebProject] [http-nio-8080-exec-4] o.s.security.web.FilterChainProxy        : Securing OPTIONS /check-login
2025-07-08T09:08:41.177+08:00 DEBUG 99473 --- [MyWebProject] [http-nio-8080-exec-9] o.s.security.web.FilterChainProxy        : Securing GET /check-login
2025-07-08T09:08:41.180+08:00 DEBUG 99473 --- [MyWebProject] [http-nio-8080-exec-8] o.s.security.web.FilterChainProxy        : Securing GET /userinfo
2025-07-08T09:08:41.197+08:00 DEBUG 99473 --- [MyWebProject] [http-nio-8080-exec-9] o.s.security.web.FilterChainProxy        : Secured GET /check-login
2025-07-08T09:08:41.201+08:00 DEBUG 99473 --- [MyWebProject] [http-nio-8080-exec-8] o.s.security.web.FilterChainProxy        : Secured GET /userinfo
2025-07-08T09:08:41.278+08:00 DEBUG 99473 --- [MyWebProject] [http-nio-8080-exec-3] o.s.security.web.FilterChainProxy        : Securing GET /check-login
2025-07-08T09:08:41.284+08:00 DEBUG 99473 --- [MyWebProject] [http-nio-8080-exec-3] o.s.security.web.FilterChainProxy        : Secured GET /check-login
2025-07-08T09:08:41.296+08:00 DEBUG 99473 --- [MyWebProject] [http-nio-8080-exec-7] o.s.security.web.FilterChainProxy        : Securing GET /check-login
2025-07-08T09:08:41.307+08:00 DEBUG 99473 --- [MyWebProject] [http-nio-8080-exec-7] .s.ChangeSessionIdAuthenticationStrategy : Changed session id from 5E310431206E49085CDEBA9DB3268416
2025-07-08T09:08:41.307+08:00 DEBUG 99473 --- [MyWebProject] [http-nio-8080-exec-10] o.s.security.web.FilterChainProxy        : Securing GET /userinfo
2025-07-08T09:08:41.308+08:00 DEBUG 99473 --- [MyWebProject] [http-nio-8080-exec-7] o.s.security.web.FilterChainProxy        : Secured GET /check-login
2025-07-08T09:08:41.322+08:00 DEBUG 99473 --- [MyWebProject] [http-nio-8080-exec-10] o.s.security.web.FilterChainProxy        : Secured GET /userinfo
2025-07-08T09:08:41.336+08:00 DEBUG 99473 --- [MyWebProject] [http-nio-8080-exec-2] o.s.security.web.FilterChainProxy        : Securing GET /userinfo
2025-07-08T09:08:41.350+08:00 DEBUG 99473 --- [MyWebProject] [http-nio-8080-exec-2] o.s.security.web.FilterChainProxy        : Secured GET /userinfo
2025-07-08T09:08:41.370+08:00 DEBUG 99473 --- [MyWebProject] [http-nio-8080-exec-1] o.s.security.web.FilterChainProxy        : Securing GET /products
2025-07-08T09:08:41.375+08:00 DEBUG 99473 --- [MyWebProject] [http-nio-8080-exec-1] o.s.s.w.a.AnonymousAuthenticationFilter  : Set SecurityContextHolder to anonymous SecurityContext
2025-07-08T09:08:41.375+08:00 DEBUG 99473 --- [MyWebProject] [http-nio-8080-exec-1] o.s.s.w.session.SessionManagementFilter  : Request requested invalid session id 8B734B1700FBADEECC0CBA233E33889E
2025-07-08T09:08:41.375+08:00 DEBUG 99473 --- [MyWebProject] [http-nio-8080-exec-1] o.s.security.web.FilterChainProxy        : Secured GET /products
2025-07-08T09:08:41.390+08:00 DEBUG 99473 --- [MyWebProject] [http-nio-8080-exec-5] o.s.security.web.FilterChainProxy        : Securing OPTIONS /chatrooms?userId=4
2025-07-08T09:08:41.491+08:00 DEBUG 99473 --- [MyWebProject] [http-nio-8080-exec-9] o.s.security.web.FilterChainProxy        : Securing GET /chatrooms?userId=4
2025-07-08T09:08:41.505+08:00 DEBUG 99473 --- [MyWebProject] [http-nio-8080-exec-9] .s.ChangeSessionIdAuthenticationStrategy : Changed session id from 6067888536BD07EC373863A87140CFEF
2025-07-08T09:08:41.506+08:00 DEBUG 99473 --- [MyWebProject] [http-nio-8080-exec-9] o.s.security.web.FilterChainProxy        : Secured GET /chatrooms?userId=4
2025-07-08T09:08:41.512+08:00 DEBUG 99473 --- [MyWebProject] [http-nio-8080-exec-5] o.s.security.web.FilterChainProxy        : Securing GET /check-login
2025-07-08T09:08:41.512+08:00 DEBUG 99473 --- [MyWebProject] [http-nio-8080-exec-3] o.s.security.web.FilterChainProxy        : Securing GET /userinfo
2025-07-08T09:08:41.521+08:00 DEBUG 99473 --- [MyWebProject] [http-nio-8080-exec-3] o.s.security.web.FilterChainProxy        : Secured GET /userinfo
2025-07-08T09:08:41.521+08:00 DEBUG 99473 --- [MyWebProject] [http-nio-8080-exec-5] o.s.security.web.FilterChainProxy        : Secured GET /check-login
2025-07-08T09:08:41.714+08:00 DEBUG 99473 --- [MyWebProject] [http-nio-8080-exec-8] o.s.security.web.FilterChainProxy        : Securing GET /chatrooms?userId=4
2025-07-08T09:08:41.730+08:00 DEBUG 99473 --- [MyWebProject] [http-nio-8080-exec-8] .s.ChangeSessionIdAuthenticationStrategy : Changed session id from 927B177FD69C174C0D85151308BEE15F
2025-07-08T09:08:41.739+08:00 DEBUG 99473 --- [MyWebProject] [http-nio-8080-exec-8] o.s.security.web.FilterChainProxy        : Secured GET /chatrooms?userId=4
2025-07-08T09:08:41.867+08:00 DEBUG 99473 --- [MyWebProject] [http-nio-8080-exec-7] o.s.security.web.FilterChainProxy        : Securing GET /uploads/products/2_1751872983771_0.jpg
2025-07-08T09:08:41.868+08:00 DEBUG 99473 --- [MyWebProject] [http-nio-8080-exec-7] o.s.s.w.a.AnonymousAuthenticationFilter  : Set SecurityContextHolder to anonymous SecurityContext
2025-07-08T09:08:41.868+08:00 DEBUG 99473 --- [MyWebProject] [http-nio-8080-exec-7] o.s.security.web.FilterChainProxy        : Secured GET /uploads/products/2_1751872983771_0.jpg
2025-07-08T09:08:41.911+08:00 DEBUG 99473 --- [MyWebProject] [http-nio-8080-exec-10] o.s.security.web.FilterChainProxy        : Securing GET /store/all
2025-07-08T09:08:41.912+08:00 DEBUG 99473 --- [MyWebProject] [http-nio-8080-exec-10] o.s.s.w.a.AnonymousAuthenticationFilter  : Set SecurityContextHolder to anonymous SecurityContext
2025-07-08T09:08:41.913+08:00 DEBUG 99473 --- [MyWebProject] [http-nio-8080-exec-10] o.s.security.web.FilterChainProxy        : Secured GET /store/all
2025-07-08T09:08:41.936+08:00 DEBUG 99473 --- [MyWebProject] [http-nio-8080-exec-10] o.s.security.web.FilterChainProxy        : Securing GET /store/all
2025-07-08T09:08:41.937+08:00 DEBUG 99473 --- [MyWebProject] [http-nio-8080-exec-10] o.s.s.w.a.AnonymousAuthenticationFilter  : Set SecurityContextHolder to anonymous SecurityContext
2025-07-08T09:08:41.938+08:00 DEBUG 99473 --- [MyWebProject] [http-nio-8080-exec-10] o.s.security.web.FilterChainProxy        : Secured GET /store/all
2025-07-08T09:09:14.914+08:00 DEBUG 99473 --- [MyWebProject] [http-nio-8080-exec-6] o.s.security.web.FilterChainProxy        : Securing GET /product/2
2025-07-08T09:09:14.917+08:00 DEBUG 99473 --- [MyWebProject] [http-nio-8080-exec-5] o.s.security.web.FilterChainProxy        : Securing GET /store/all
2025-07-08T09:09:14.917+08:00 DEBUG 99473 --- [MyWebProject] [http-nio-8080-exec-2] o.s.security.web.FilterChainProxy        : Securing PUT /product/view/2
2025-07-08T09:09:14.917+08:00 DEBUG 99473 --- [MyWebProject] [http-nio-8080-exec-5] o.s.s.w.a.AnonymousAuthenticationFilter  : Set SecurityContextHolder to anonymous SecurityContext
2025-07-08T09:09:14.918+08:00 DEBUG 99473 --- [MyWebProject] [http-nio-8080-exec-1] o.s.security.web.FilterChainProxy        : Securing PUT /product/view/2
2025-07-08T09:09:14.918+08:00 DEBUG 99473 --- [MyWebProject] [http-nio-8080-exec-2] o.s.s.w.a.AnonymousAuthenticationFilter  : Set SecurityContextHolder to anonymous SecurityContext
2025-07-08T09:09:14.918+08:00 DEBUG 99473 --- [MyWebProject] [http-nio-8080-exec-5] o.s.security.web.FilterChainProxy        : Secured GET /store/all
2025-07-08T09:09:14.918+08:00 DEBUG 99473 --- [MyWebProject] [http-nio-8080-exec-2] o.s.security.web.FilterChainProxy        : Secured PUT /product/view/2
2025-07-08T09:09:14.918+08:00 DEBUG 99473 --- [MyWebProject] [http-nio-8080-exec-1] o.s.s.w.a.AnonymousAuthenticationFilter  : Set SecurityContextHolder to anonymous SecurityContext
2025-07-08T09:09:14.919+08:00 DEBUG 99473 --- [MyWebProject] [http-nio-8080-exec-1] o.s.security.web.FilterChainProxy        : Secured PUT /product/view/2
2025-07-08T09:09:14.921+08:00 DEBUG 99473 --- [MyWebProject] [http-nio-8080-exec-6] o.s.s.w.a.AnonymousAuthenticationFilter  : Set SecurityContextHolder to anonymous SecurityContext
2025-07-08T09:09:14.922+08:00 DEBUG 99473 --- [MyWebProject] [http-nio-8080-exec-3] o.s.security.web.FilterChainProxy        : Securing GET /twd-jpy
2025-07-08T09:09:14.922+08:00 DEBUG 99473 --- [MyWebProject] [http-nio-8080-exec-6] o.s.security.web.FilterChainProxy        : Secured GET /product/2
2025-07-08T09:09:14.922+08:00 DEBUG 99473 --- [MyWebProject] [http-nio-8080-exec-3] o.s.s.w.a.AnonymousAuthenticationFilter  : Set SecurityContextHolder to anonymous SecurityContext
2025-07-08T09:09:14.923+08:00 DEBUG 99473 --- [MyWebProject] [http-nio-8080-exec-3] o.s.security.web.FilterChainProxy        : Secured GET /twd-jpy
2025-07-08T09:09:14.956+08:00 DEBUG 99473 --- [MyWebProject] [http-nio-8080-exec-9] o.s.security.web.FilterChainProxy        : Securing GET /store/all
2025-07-08T09:09:14.957+08:00 DEBUG 99473 --- [MyWebProject] [http-nio-8080-exec-9] o.s.s.w.a.AnonymousAuthenticationFilter  : Set SecurityContextHolder to anonymous SecurityContext
2025-07-08T09:09:14.958+08:00 DEBUG 99473 --- [MyWebProject] [http-nio-8080-exec-9] o.s.security.web.FilterChainProxy        : Secured GET /store/all
2025-07-08T09:09:14.967+08:00 DEBUG 99473 --- [MyWebProject] [http-nio-8080-exec-8] o.s.security.web.FilterChainProxy        : Securing GET /product/2
2025-07-08T09:09:14.968+08:00 DEBUG 99473 --- [MyWebProject] [http-nio-8080-exec-8] o.s.s.w.a.AnonymousAuthenticationFilter  : Set SecurityContextHolder to anonymous SecurityContext
2025-07-08T09:09:14.968+08:00 DEBUG 99473 --- [MyWebProject] [http-nio-8080-exec-8] o.s.security.web.FilterChainProxy        : Secured GET /product/2
2025-07-08T09:09:15.020+08:00 DEBUG 99473 --- [MyWebProject] [http-nio-8080-exec-7] o.s.security.web.FilterChainProxy        : Securing GET /uploads/products/2_1751872983771_0.jpg
2025-07-08T09:09:15.020+08:00 DEBUG 99473 --- [MyWebProject] [http-nio-8080-exec-7] o.s.s.w.a.AnonymousAuthenticationFilter  : Set SecurityContextHolder to anonymous SecurityContext
2025-07-08T09:09:15.021+08:00 DEBUG 99473 --- [MyWebProject] [http-nio-8080-exec-7] o.s.security.web.FilterChainProxy        : Secured GET /uploads/products/2_1751872983771_0.jpg
2025-07-08T09:09:15.040+08:00 DEBUG 99473 --- [MyWebProject] [http-nio-8080-exec-10] o.s.security.web.FilterChainProxy        : Securing GET /userinfo
2025-07-08T09:09:15.045+08:00 DEBUG 99473 --- [MyWebProject] [http-nio-8080-exec-4] o.s.security.web.FilterChainProxy        : Securing GET /check-login
2025-07-08T09:09:15.058+08:00 DEBUG 99473 --- [MyWebProject] [http-nio-8080-exec-5] o.s.security.web.FilterChainProxy        : Securing GET /chatrooms?userId=4
2025-07-08T09:09:15.062+08:00 DEBUG 99473 --- [MyWebProject] [http-nio-8080-exec-10] .s.ChangeSessionIdAuthenticationStrategy : Changed session id from 9E81045CF7E8253009D2B00C6F2B09D0
2025-07-08T09:09:15.063+08:00 DEBUG 99473 --- [MyWebProject] [http-nio-8080-exec-10] o.s.security.web.FilterChainProxy        : Secured GET /userinfo
2025-07-08T09:09:15.065+08:00 DEBUG 99473 --- [MyWebProject] [http-nio-8080-exec-4] o.s.security.web.FilterChainProxy        : Secured GET /check-login
2025-07-08T09:09:15.066+08:00 DEBUG 99473 --- [MyWebProject] [http-nio-8080-exec-5] o.s.security.web.FilterChainProxy        : Secured GET /chatrooms?userId=4
2025-07-08T09:09:15.073+08:00 DEBUG 99473 --- [MyWebProject] [http-nio-8080-exec-4] o.s.security.web.FilterChainProxy        : Securing GET /check-login
2025-07-08T09:09:15.090+08:00 DEBUG 99473 --- [MyWebProject] [http-nio-8080-exec-6] o.s.security.web.FilterChainProxy        : Securing GET /userinfo
2025-07-08T09:09:15.093+08:00 DEBUG 99473 --- [MyWebProject] [http-nio-8080-exec-6] o.s.security.web.FilterChainProxy        : Secured GET /userinfo
2025-07-08T09:09:15.095+08:00 DEBUG 99473 --- [MyWebProject] [http-nio-8080-exec-4] o.s.security.web.FilterChainProxy        : Secured GET /check-login
2025-07-08T09:09:15.151+08:00 DEBUG 99473 --- [MyWebProject] [http-nio-8080-exec-8] o.s.security.web.FilterChainProxy        : Securing GET /chatrooms?userId=4
2025-07-08T09:09:15.159+08:00 DEBUG 99473 --- [MyWebProject] [http-nio-8080-exec-8] o.s.security.web.FilterChainProxy        : Secured GET /chatrooms?userId=4
2025-07-08T09:09:15.394+08:00 DEBUG 99473 --- [MyWebProject] [http-nio-8080-exec-10] o.s.security.web.FilterChainProxy        : Securing GET /userinfo
2025-07-08T09:09:15.395+08:00 DEBUG 99473 --- [MyWebProject] [http-nio-8080-exec-7] o.s.security.web.FilterChainProxy        : Securing GET /chatrooms?userId=4
2025-07-08T09:09:15.395+08:00 DEBUG 99473 --- [MyWebProject] [http-nio-8080-exec-9] o.s.security.web.FilterChainProxy        : Securing GET /check-login
2025-07-08T09:09:15.410+08:00 DEBUG 99473 --- [MyWebProject] [http-nio-8080-exec-7] .s.ChangeSessionIdAuthenticationStrategy : Changed session id from C665AED8814DAB4AA22396286AA45C6C
2025-07-08T09:09:15.411+08:00 DEBUG 99473 --- [MyWebProject] [http-nio-8080-exec-7] o.s.security.web.FilterChainProxy        : Secured GET /chatrooms?userId=4
2025-07-08T09:09:15.412+08:00 DEBUG 99473 --- [MyWebProject] [http-nio-8080-exec-9] o.s.security.web.FilterChainProxy        : Secured GET /check-login
2025-07-08T09:09:15.414+08:00 DEBUG 99473 --- [MyWebProject] [http-nio-8080-exec-10] o.s.security.web.FilterChainProxy        : Secured GET /userinfo
2025-07-08T09:09:15.451+08:00 DEBUG 99473 --- [MyWebProject] [http-nio-8080-exec-4] o.s.security.web.FilterChainProxy        : Securing GET /chatrooms?userId=4
2025-07-08T09:09:15.456+08:00 DEBUG 99473 --- [MyWebProject] [http-nio-8080-exec-4] o.s.security.web.FilterChainProxy        : Secured GET /chatrooms?userId=4
2025-07-08T09:09:15.844+08:00 DEBUG 99473 --- [MyWebProject] [http-nio-8080-exec-3] o.s.security.web.FilterChainProxy        : Securing GET /twd-jpy
2025-07-08T09:09:15.846+08:00 DEBUG 99473 --- [MyWebProject] [http-nio-8080-exec-3] o.s.s.w.a.AnonymousAuthenticationFilter  : Set SecurityContextHolder to anonymous SecurityContext
2025-07-08T09:09:15.846+08:00 DEBUG 99473 --- [MyWebProject] [http-nio-8080-exec-3] o.s.s.w.session.SessionManagementFilter  : Request requested invalid session id 9E81045CF7E8253009D2B00C6F2B09D0
2025-07-08T09:09:15.846+08:00 DEBUG 99473 --- [MyWebProject] [http-nio-8080-exec-3] o.s.security.web.FilterChainProxy        : Secured GET /twd-jpy
2025-07-08T09:09:18.099+08:00 DEBUG 99473 --- [MyWebProject] [http-nio-8080-exec-9] o.s.security.web.FilterChainProxy        : Securing GET /check-login
2025-07-08T09:09:18.098+08:00 DEBUG 99473 --- [MyWebProject] [http-nio-8080-exec-2] o.s.security.web.FilterChainProxy        : Securing GET /categories
2025-07-08T09:09:18.101+08:00 DEBUG 99473 --- [MyWebProject] [http-nio-8080-exec-8] o.s.security.web.FilterChainProxy        : Securing GET /chatrooms?userId=4
2025-07-08T09:09:18.098+08:00 DEBUG 99473 --- [MyWebProject] [http-nio-8080-exec-1] o.s.security.web.FilterChainProxy        : Securing GET /products
2025-07-08T09:09:18.098+08:00 DEBUG 99473 --- [MyWebProject] [http-nio-8080-exec-5] o.s.security.web.FilterChainProxy        : Securing GET /userinfo
2025-07-08T09:09:18.102+08:00 DEBUG 99473 --- [MyWebProject] [http-nio-8080-exec-1] o.s.s.w.a.AnonymousAuthenticationFilter  : Set SecurityContextHolder to anonymous SecurityContext
2025-07-08T09:09:18.101+08:00 DEBUG 99473 --- [MyWebProject] [http-nio-8080-exec-2] o.s.s.w.a.AnonymousAuthenticationFilter  : Set SecurityContextHolder to anonymous SecurityContext
2025-07-08T09:09:18.104+08:00 DEBUG 99473 --- [MyWebProject] [http-nio-8080-exec-2] o.s.security.web.FilterChainProxy        : Secured GET /categories
2025-07-08T09:09:18.104+08:00 DEBUG 99473 --- [MyWebProject] [http-nio-8080-exec-1] o.s.security.web.FilterChainProxy        : Secured GET /products
2025-07-08T09:09:18.125+08:00 DEBUG 99473 --- [MyWebProject] [http-nio-8080-exec-5] .s.ChangeSessionIdAuthenticationStrategy : Changed session id from 0917396DEAEA98D8E97570C2D0C8EF4C
2025-07-08T09:09:18.126+08:00 DEBUG 99473 --- [MyWebProject] [http-nio-8080-exec-5] o.s.security.web.FilterChainProxy        : Secured GET /userinfo
2025-07-08T09:09:18.145+08:00 DEBUG 99473 --- [MyWebProject] [http-nio-8080-exec-9] o.s.security.web.FilterChainProxy        : Secured GET /check-login
2025-07-08T09:09:18.151+08:00 DEBUG 99473 --- [MyWebProject] [http-nio-8080-exec-8] o.s.security.web.FilterChainProxy        : Secured GET /chatrooms?userId=4
2025-07-08T09:09:18.161+08:00 DEBUG 99473 --- [MyWebProject] [http-nio-8080-exec-10] o.s.security.web.FilterChainProxy        : Securing GET /check-login
2025-07-08T09:09:18.171+08:00 DEBUG 99473 --- [MyWebProject] [http-nio-8080-exec-10] o.s.security.web.FilterChainProxy        : Secured GET /check-login
2025-07-08T09:09:18.198+08:00 DEBUG 99473 --- [MyWebProject] [http-nio-8080-exec-7] o.s.security.web.FilterChainProxy        : Securing GET /userinfo
2025-07-08T09:09:18.206+08:00 DEBUG 99473 --- [MyWebProject] [http-nio-8080-exec-7] o.s.security.web.FilterChainProxy        : Secured GET /userinfo
2025-07-08T09:09:18.214+08:00 DEBUG 99473 --- [MyWebProject] [http-nio-8080-exec-4] o.s.security.web.FilterChainProxy        : Securing GET /products
2025-07-08T09:09:18.215+08:00 DEBUG 99473 --- [MyWebProject] [http-nio-8080-exec-4] o.s.s.w.a.AnonymousAuthenticationFilter  : Set SecurityContextHolder to anonymous SecurityContext
2025-07-08T09:09:18.216+08:00 DEBUG 99473 --- [MyWebProject] [http-nio-8080-exec-4] o.s.s.w.session.SessionManagementFilter  : Request requested invalid session id 0917396DEAEA98D8E97570C2D0C8EF4C
2025-07-08T09:09:18.217+08:00 DEBUG 99473 --- [MyWebProject] [http-nio-8080-exec-4] o.s.security.web.FilterChainProxy        : Secured GET /products
2025-07-08T09:09:18.220+08:00 DEBUG 99473 --- [MyWebProject] [http-nio-8080-exec-6] o.s.security.web.FilterChainProxy        : Securing GET /categories
2025-07-08T09:09:18.221+08:00 DEBUG 99473 --- [MyWebProject] [http-nio-8080-exec-6] o.s.s.w.a.AnonymousAuthenticationFilter  : Set SecurityContextHolder to anonymous SecurityContext
2025-07-08T09:09:18.221+08:00 DEBUG 99473 --- [MyWebProject] [http-nio-8080-exec-6] o.s.s.w.session.SessionManagementFilter  : Request requested invalid session id 0917396DEAEA98D8E97570C2D0C8EF4C
2025-07-08T09:09:18.221+08:00 DEBUG 99473 --- [MyWebProject] [http-nio-8080-exec-6] o.s.security.web.FilterChainProxy        : Secured GET /categories
2025-07-08T09:09:18.238+08:00 DEBUG 99473 --- [MyWebProject] [http-nio-8080-exec-3] o.s.security.web.FilterChainProxy        : Securing GET /chatrooms?userId=4
2025-07-08T09:09:18.244+08:00 DEBUG 99473 --- [MyWebProject] [http-nio-8080-exec-3] o.s.security.web.FilterChainProxy        : Secured GET /chatrooms?userId=4
2025-07-08T09:09:18.691+08:00 DEBUG 99473 --- [MyWebProject] [http-nio-8080-exec-9] o.s.security.web.FilterChainProxy        : Securing GET /check-login
2025-07-08T09:09:18.705+08:00 DEBUG 99473 --- [MyWebProject] [http-nio-8080-exec-9] .s.ChangeSessionIdAuthenticationStrategy : Changed session id from 8A59366291CB27DC9807E82597A6C31E
2025-07-08T09:09:18.705+08:00 DEBUG 99473 --- [MyWebProject] [http-nio-8080-exec-9] o.s.security.web.FilterChainProxy        : Secured GET /check-login
2025-07-08T09:09:18.709+08:00 DEBUG 99473 --- [MyWebProject] [http-nio-8080-exec-5] o.s.security.web.FilterChainProxy        : Securing GET /store/all
2025-07-08T09:09:18.709+08:00 DEBUG 99473 --- [MyWebProject] [http-nio-8080-exec-5] o.s.s.w.a.AnonymousAuthenticationFilter  : Set SecurityContextHolder to anonymous SecurityContext
2025-07-08T09:09:18.710+08:00 DEBUG 99473 --- [MyWebProject] [http-nio-8080-exec-5] o.s.s.w.session.SessionManagementFilter  : Request requested invalid session id 8A59366291CB27DC9807E82597A6C31E
2025-07-08T09:09:18.709+08:00 DEBUG 99473 --- [MyWebProject] [http-nio-8080-exec-10] o.s.security.web.FilterChainProxy        : Securing GET /userinfo
2025-07-08T09:09:18.711+08:00 DEBUG 99473 --- [MyWebProject] [http-nio-8080-exec-5] o.s.security.web.FilterChainProxy        : Secured GET /store/all
2025-07-08T09:09:18.710+08:00 DEBUG 99473 --- [MyWebProject] [http-nio-8080-exec-1] o.s.security.web.FilterChainProxy        : Securing GET /chatrooms?userId=4
2025-07-08T09:09:18.717+08:00 DEBUG 99473 --- [MyWebProject] [http-nio-8080-exec-1] o.s.security.web.FilterChainProxy        : Secured GET /chatrooms?userId=4
2025-07-08T09:09:18.718+08:00 DEBUG 99473 --- [MyWebProject] [http-nio-8080-exec-10] o.s.security.web.FilterChainProxy        : Secured GET /userinfo
2025-07-08T09:09:18.728+08:00 DEBUG 99473 --- [MyWebProject] [http-nio-8080-exec-2] o.s.security.web.FilterChainProxy        : Securing GET /store/all
2025-07-08T09:09:18.728+08:00 DEBUG 99473 --- [MyWebProject] [http-nio-8080-exec-2] o.s.s.w.a.AnonymousAuthenticationFilter  : Set SecurityContextHolder to anonymous SecurityContext
2025-07-08T09:09:18.729+08:00 DEBUG 99473 --- [MyWebProject] [http-nio-8080-exec-2] o.s.s.w.session.SessionManagementFilter  : Request requested invalid session id 8A59366291CB27DC9807E82597A6C31E
2025-07-08T09:09:18.729+08:00 DEBUG 99473 --- [MyWebProject] [http-nio-8080-exec-2] o.s.security.web.FilterChainProxy        : Secured GET /store/all
2025-07-08T09:09:18.780+08:00 DEBUG 99473 --- [MyWebProject] [http-nio-8080-exec-7] o.s.security.web.FilterChainProxy        : Securing GET /uploads/products/2_1751872983771_0.jpg
2025-07-08T09:09:18.783+08:00 DEBUG 99473 --- [MyWebProject] [http-nio-8080-exec-7] o.s.s.w.a.AnonymousAuthenticationFilter  : Set SecurityContextHolder to anonymous SecurityContext
2025-07-08T09:09:18.784+08:00 DEBUG 99473 --- [MyWebProject] [http-nio-8080-exec-7] o.s.security.web.FilterChainProxy        : Secured GET /uploads/products/2_1751872983771_0.jpg
2025-07-08T09:09:18.826+08:00 DEBUG 99473 --- [MyWebProject] [http-nio-8080-exec-6] o.s.security.web.FilterChainProxy        : Securing GET /chatrooms?userId=4
2025-07-08T09:09:18.838+08:00 DEBUG 99473 --- [MyWebProject] [http-nio-8080-exec-6] .s.ChangeSessionIdAuthenticationStrategy : Changed session id from E2121B9325FCEB71EBB50883158F8E9B
2025-07-08T09:09:18.841+08:00 DEBUG 99473 --- [MyWebProject] [http-nio-8080-exec-6] o.s.security.web.FilterChainProxy        : Secured GET /chatrooms?userId=4
2025-07-08T09:09:32.198+08:00 DEBUG 99473 --- [MyWebProject] [http-nio-8080-exec-9] o.s.security.web.FilterChainProxy        : Securing GET /product/search?keywords=t
2025-07-08T09:09:32.203+08:00 DEBUG 99473 --- [MyWebProject] [http-nio-8080-exec-9] o.s.s.w.a.AnonymousAuthenticationFilter  : Set SecurityContextHolder to anonymous SecurityContext
2025-07-08T09:09:32.203+08:00 DEBUG 99473 --- [MyWebProject] [http-nio-8080-exec-9] o.s.security.web.FilterChainProxy        : Secured GET /product/search?keywords=t
2025-07-08T09:09:32.201+08:00 DEBUG 99473 --- [MyWebProject] [http-nio-8080-exec-3] o.s.security.web.FilterChainProxy        : Securing GET /userinfo
2025-07-08T09:09:32.201+08:00 DEBUG 99473 --- [MyWebProject] [http-nio-8080-exec-8] o.s.security.web.FilterChainProxy        : Securing GET /check-login
2025-07-08T09:09:32.198+08:00 DEBUG 99473 --- [MyWebProject] [http-nio-8080-exec-4] o.s.security.web.FilterChainProxy        : Securing GET /chatrooms?userId=4
2025-07-08T09:09:32.212+08:00 DEBUG 99473 --- [MyWebProject] [http-nio-8080-exec-3] .s.ChangeSessionIdAuthenticationStrategy : Changed session id from 06B4D28FC34ED80926E41668D79262BD
2025-07-08T09:09:32.213+08:00 DEBUG 99473 --- [MyWebProject] [http-nio-8080-exec-3] o.s.security.web.FilterChainProxy        : Secured GET /userinfo
2025-07-08T09:09:32.220+08:00 DEBUG 99473 --- [MyWebProject] [http-nio-8080-exec-8] o.s.security.web.FilterChainProxy        : Secured GET /check-login
2025-07-08T09:09:32.222+08:00 DEBUG 99473 --- [MyWebProject] [http-nio-8080-exec-4] o.s.security.web.FilterChainProxy        : Secured GET /chatrooms?userId=4
2025-07-08T09:09:32.232+08:00 DEBUG 99473 --- [MyWebProject] [http-nio-8080-exec-5] o.s.security.web.FilterChainProxy        : Securing GET /check-login
2025-07-08T09:09:32.255+08:00 DEBUG 99473 --- [MyWebProject] [http-nio-8080-exec-5] o.s.security.web.FilterChainProxy        : Secured GET /check-login
2025-07-08T09:09:32.269+08:00 DEBUG 99473 --- [MyWebProject] [http-nio-8080-exec-10] o.s.security.web.FilterChainProxy        : Securing GET /check-login
2025-07-08T09:09:32.275+08:00 DEBUG 99473 --- [MyWebProject] [http-nio-8080-exec-10] o.s.security.web.FilterChainProxy        : Secured GET /check-login
2025-07-08T09:09:32.280+08:00 DEBUG 99473 --- [MyWebProject] [http-nio-8080-exec-1] o.s.security.web.FilterChainProxy        : Securing GET /chatrooms?userId=4
2025-07-08T09:09:32.287+08:00 DEBUG 99473 --- [MyWebProject] [http-nio-8080-exec-1] o.s.security.web.FilterChainProxy        : Secured GET /chatrooms?userId=4
2025-07-08T09:09:32.301+08:00 DEBUG 99473 --- [MyWebProject] [http-nio-8080-exec-2] o.s.security.web.FilterChainProxy        : Securing GET /userinfo
2025-07-08T09:09:32.307+08:00 DEBUG 99473 --- [MyWebProject] [http-nio-8080-exec-2] o.s.security.web.FilterChainProxy        : Secured GET /userinfo
2025-07-08T09:09:32.317+08:00 DEBUG 99473 --- [MyWebProject] [http-nio-8080-exec-7] o.s.security.web.FilterChainProxy        : Securing GET /chatrooms?userId=4
2025-07-08T09:09:32.322+08:00 DEBUG 99473 --- [MyWebProject] [http-nio-8080-exec-7] o.s.security.web.FilterChainProxy        : Secured GET /chatrooms?userId=4
2025-07-08T09:09:32.332+08:00 DEBUG 99473 --- [MyWebProject] [http-nio-8080-exec-6] o.s.security.web.FilterChainProxy        : Securing GET /userinfo
2025-07-08T09:09:32.341+08:00 DEBUG 99473 --- [MyWebProject] [http-nio-8080-exec-6] o.s.security.web.FilterChainProxy        : Secured GET /userinfo
2025-07-08T09:09:32.369+08:00 DEBUG 99473 --- [MyWebProject] [http-nio-8080-exec-8] o.s.security.web.FilterChainProxy        : Securing GET /chatrooms?userId=4
2025-07-08T09:09:32.378+08:00 DEBUG 99473 --- [MyWebProject] [http-nio-8080-exec-8] .s.ChangeSessionIdAuthenticationStrategy : Changed session id from 1DB408B0B3B32948C01751ABD3151926
2025-07-08T09:09:32.379+08:00 DEBUG 99473 --- [MyWebProject] [http-nio-8080-exec-8] o.s.security.web.FilterChainProxy        : Secured GET /chatrooms?userId=4
2025-07-08T09:09:32.405+08:00 DEBUG 99473 --- [MyWebProject] [http-nio-8080-exec-5] o.s.security.web.FilterChainProxy        : Securing GET /product/search?keywords=t
2025-07-08T09:09:32.406+08:00 DEBUG 99473 --- [MyWebProject] [http-nio-8080-exec-5] o.s.s.w.a.AnonymousAuthenticationFilter  : Set SecurityContextHolder to anonymous SecurityContext
2025-07-08T09:09:32.407+08:00 DEBUG 99473 --- [MyWebProject] [http-nio-8080-exec-5] o.s.security.web.FilterChainProxy        : Secured GET /product/search?keywords=t
2025-07-08T09:09:32.438+08:00 DEBUG 99473 --- [MyWebProject] [http-nio-8080-exec-4] o.s.security.web.FilterChainProxy        : Securing GET /uploads/products/2_1751872983771_0.jpg
2025-07-08T09:09:32.438+08:00 DEBUG 99473 --- [MyWebProject] [http-nio-8080-exec-4] o.s.s.w.a.AnonymousAuthenticationFilter  : Set SecurityContextHolder to anonymous SecurityContext
2025-07-08T09:09:32.438+08:00 DEBUG 99473 --- [MyWebProject] [http-nio-8080-exec-4] o.s.security.web.FilterChainProxy        : Secured GET /uploads/products/2_1751872983771_0.jpg
2025-07-08T09:09:32.453+08:00 DEBUG 99473 --- [MyWebProject] [http-nio-8080-exec-10] o.s.security.web.FilterChainProxy        : Securing GET /store/all
2025-07-08T09:09:32.455+08:00 DEBUG 99473 --- [MyWebProject] [http-nio-8080-exec-10] o.s.s.w.a.AnonymousAuthenticationFilter  : Set SecurityContextHolder to anonymous SecurityContext
2025-07-08T09:09:32.455+08:00 DEBUG 99473 --- [MyWebProject] [http-nio-8080-exec-10] o.s.security.web.FilterChainProxy        : Secured GET /store/all
2025-07-08T09:09:32.484+08:00 DEBUG 99473 --- [MyWebProject] [http-nio-8080-exec-3] o.s.security.web.FilterChainProxy        : Securing GET /store/all
2025-07-08T09:09:32.485+08:00 DEBUG 99473 --- [MyWebProject] [http-nio-8080-exec-3] o.s.s.w.a.AnonymousAuthenticationFilter  : Set SecurityContextHolder to anonymous SecurityContext
2025-07-08T09:09:32.485+08:00 DEBUG 99473 --- [MyWebProject] [http-nio-8080-exec-3] o.s.security.web.FilterChainProxy        : Secured GET /store/all
2025-07-08T09:09:35.010+08:00 DEBUG 99473 --- [MyWebProject] [http-nio-8080-exec-1] o.s.security.web.FilterChainProxy        : Securing GET /check-login
2025-07-08T09:09:35.014+08:00 DEBUG 99473 --- [MyWebProject] [http-nio-8080-exec-1] .s.ChangeSessionIdAuthenticationStrategy : Changed session id from 76BE06E5911898CF786BBB92AE0533E5
2025-07-08T09:09:35.016+08:00 DEBUG 99473 --- [MyWebProject] [http-nio-8080-exec-1] o.s.security.web.FilterChainProxy        : Secured GET /check-login
2025-07-08T09:09:35.021+08:00 DEBUG 99473 --- [MyWebProject] [http-nio-8080-exec-2] o.s.security.web.FilterChainProxy        : Securing GET /userinfo
2025-07-08T09:09:35.026+08:00 DEBUG 99473 --- [MyWebProject] [http-nio-8080-exec-7] o.s.security.web.FilterChainProxy        : Securing GET /chatrooms?userId=4
2025-07-08T09:09:35.027+08:00 DEBUG 99473 --- [MyWebProject] [http-nio-8080-exec-1] o.s.security.web.FilterChainProxy        : Securing GET /categories
2025-07-08T09:09:35.029+08:00 DEBUG 99473 --- [MyWebProject] [http-nio-8080-exec-7] o.s.security.web.FilterChainProxy        : Secured GET /chatrooms?userId=4
2025-07-08T09:09:35.030+08:00 DEBUG 99473 --- [MyWebProject] [http-nio-8080-exec-1] o.s.s.w.a.AnonymousAuthenticationFilter  : Set SecurityContextHolder to anonymous SecurityContext
2025-07-08T09:09:35.034+08:00 DEBUG 99473 --- [MyWebProject] [http-nio-8080-exec-1] o.s.s.w.session.SessionManagementFilter  : Request requested invalid session id 76BE06E5911898CF786BBB92AE0533E5
2025-07-08T09:09:35.035+08:00 DEBUG 99473 --- [MyWebProject] [http-nio-8080-exec-1] o.s.security.web.FilterChainProxy        : Secured GET /categories
2025-07-08T09:09:35.062+08:00 DEBUG 99473 --- [MyWebProject] [http-nio-8080-exec-6] o.s.security.web.FilterChainProxy        : Securing GET /products
2025-07-08T09:09:35.073+08:00 DEBUG 99473 --- [MyWebProject] [http-nio-8080-exec-6] o.s.s.w.a.AnonymousAuthenticationFilter  : Set SecurityContextHolder to anonymous SecurityContext
2025-07-08T09:09:35.073+08:00 DEBUG 99473 --- [MyWebProject] [http-nio-8080-exec-6] o.s.s.w.session.SessionManagementFilter  : Request requested invalid session id 76BE06E5911898CF786BBB92AE0533E5
2025-07-08T09:09:35.073+08:00 DEBUG 99473 --- [MyWebProject] [http-nio-8080-exec-8] o.s.security.web.FilterChainProxy        : Securing GET /check-login
2025-07-08T09:09:35.073+08:00 DEBUG 99473 --- [MyWebProject] [http-nio-8080-exec-6] o.s.security.web.FilterChainProxy        : Secured GET /products
2025-07-08T09:09:35.076+08:00 DEBUG 99473 --- [MyWebProject] [http-nio-8080-exec-2] o.s.security.web.FilterChainProxy        : Secured GET /userinfo
2025-07-08T09:09:35.078+08:00 DEBUG 99473 --- [MyWebProject] [http-nio-8080-exec-8] o.s.security.web.FilterChainProxy        : Secured GET /check-login
2025-07-08T09:09:35.099+08:00 DEBUG 99473 --- [MyWebProject] [http-nio-8080-exec-5] o.s.security.web.FilterChainProxy        : Securing GET /userinfo
2025-07-08T09:09:35.106+08:00 DEBUG 99473 --- [MyWebProject] [http-nio-8080-exec-5] o.s.security.web.FilterChainProxy        : Secured GET /userinfo
2025-07-08T09:09:35.109+08:00 DEBUG 99473 --- [MyWebProject] [http-nio-8080-exec-4] o.s.security.web.FilterChainProxy        : Securing GET /categories
2025-07-08T09:09:35.110+08:00 DEBUG 99473 --- [MyWebProject] [http-nio-8080-exec-4] o.s.s.w.a.AnonymousAuthenticationFilter  : Set SecurityContextHolder to anonymous SecurityContext
2025-07-08T09:09:35.110+08:00 DEBUG 99473 --- [MyWebProject] [http-nio-8080-exec-4] o.s.s.w.session.SessionManagementFilter  : Request requested invalid session id 76BE06E5911898CF786BBB92AE0533E5
2025-07-08T09:09:35.110+08:00 DEBUG 99473 --- [MyWebProject] [http-nio-8080-exec-4] o.s.security.web.FilterChainProxy        : Secured GET /categories
2025-07-08T09:09:35.120+08:00 DEBUG 99473 --- [MyWebProject] [http-nio-8080-exec-7] o.s.security.web.FilterChainProxy        : Securing GET /chatrooms?userId=4
2025-07-08T09:09:35.124+08:00 DEBUG 99473 --- [MyWebProject] [http-nio-8080-exec-3] o.s.security.web.FilterChainProxy        : Securing GET /products
2025-07-08T09:09:35.125+08:00 DEBUG 99473 --- [MyWebProject] [http-nio-8080-exec-3] o.s.s.w.a.AnonymousAuthenticationFilter  : Set SecurityContextHolder to anonymous SecurityContext
2025-07-08T09:09:35.125+08:00 DEBUG 99473 --- [MyWebProject] [http-nio-8080-exec-3] o.s.s.w.session.SessionManagementFilter  : Request requested invalid session id 76BE06E5911898CF786BBB92AE0533E5
2025-07-08T09:09:35.125+08:00 DEBUG 99473 --- [MyWebProject] [http-nio-8080-exec-3] o.s.security.web.FilterChainProxy        : Secured GET /products
2025-07-08T09:09:35.125+08:00 DEBUG 99473 --- [MyWebProject] [http-nio-8080-exec-7] o.s.security.web.FilterChainProxy        : Secured GET /chatrooms?userId=4
2025-07-08T09:09:35.191+08:00 DEBUG 99473 --- [MyWebProject] [http-nio-8080-exec-9] o.s.security.web.FilterChainProxy        : Securing GET /check-login
2025-07-08T09:09:35.191+08:00 DEBUG 99473 --- [MyWebProject] [http-nio-8080-exec-8] o.s.security.web.FilterChainProxy        : Securing GET /userinfo
2025-07-08T09:09:35.191+08:00 DEBUG 99473 --- [MyWebProject] [http-nio-8080-exec-2] o.s.security.web.FilterChainProxy        : Securing GET /chatrooms?userId=4
2025-07-08T09:09:35.194+08:00 DEBUG 99473 --- [MyWebProject] [http-nio-8080-exec-8] .s.ChangeSessionIdAuthenticationStrategy : Changed session id from 9431A9ED8AA53BDA57FB1E8A16C7C7D8
2025-07-08T09:09:35.195+08:00 DEBUG 99473 --- [MyWebProject] [http-nio-8080-exec-8] o.s.security.web.FilterChainProxy        : Secured GET /userinfo
2025-07-08T09:09:35.195+08:00 DEBUG 99473 --- [MyWebProject] [http-nio-8080-exec-2] o.s.security.web.FilterChainProxy        : Secured GET /chatrooms?userId=4
2025-07-08T09:09:35.197+08:00 DEBUG 99473 --- [MyWebProject] [http-nio-8080-exec-9] o.s.security.web.FilterChainProxy        : Secured GET /check-login
2025-07-08T09:09:35.263+08:00 DEBUG 99473 --- [MyWebProject] [http-nio-8080-exec-1] o.s.security.web.FilterChainProxy        : Securing GET /uploads/products/2_1751872983771_0.jpg
2025-07-08T09:09:35.267+08:00 DEBUG 99473 --- [MyWebProject] [http-nio-8080-exec-1] o.s.s.w.a.AnonymousAuthenticationFilter  : Set SecurityContextHolder to anonymous SecurityContext
2025-07-08T09:09:35.268+08:00 DEBUG 99473 --- [MyWebProject] [http-nio-8080-exec-1] o.s.security.web.FilterChainProxy        : Secured GET /uploads/products/2_1751872983771_0.jpg
2025-07-08T09:09:35.271+08:00 DEBUG 99473 --- [MyWebProject] [http-nio-8080-exec-5] o.s.security.web.FilterChainProxy        : Securing GET /check-login
2025-07-08T09:09:35.271+08:00 DEBUG 99473 --- [MyWebProject] [http-nio-8080-exec-10] o.s.security.web.FilterChainProxy        : Securing GET /userinfo
2025-07-08T09:09:35.271+08:00 DEBUG 99473 --- [MyWebProject] [http-nio-8080-exec-4] o.s.security.web.FilterChainProxy        : Securing GET /store/all
2025-07-08T09:09:35.271+08:00 DEBUG 99473 --- [MyWebProject] [http-nio-8080-exec-6] o.s.security.web.FilterChainProxy        : Securing GET /chatrooms?userId=4
2025-07-08T09:09:35.273+08:00 DEBUG 99473 --- [MyWebProject] [http-nio-8080-exec-4] o.s.s.w.a.AnonymousAuthenticationFilter  : Set SecurityContextHolder to anonymous SecurityContext
2025-07-08T09:09:35.273+08:00 DEBUG 99473 --- [MyWebProject] [http-nio-8080-exec-4] o.s.security.web.FilterChainProxy        : Secured GET /store/all
2025-07-08T09:09:35.275+08:00 DEBUG 99473 --- [MyWebProject] [http-nio-8080-exec-10] .s.ChangeSessionIdAuthenticationStrategy : Changed session id from 98FC0DEF42DBFC9713B31ABE180A095C
2025-07-08T09:09:35.276+08:00 DEBUG 99473 --- [MyWebProject] [http-nio-8080-exec-6] .s.ChangeSessionIdAuthenticationStrategy : Changed session id from BBA1D5A11EB3A99ACB842550A15E2A7C
2025-07-08T09:09:35.276+08:00 DEBUG 99473 --- [MyWebProject] [http-nio-8080-exec-6] o.s.security.web.FilterChainProxy        : Secured GET /chatrooms?userId=4
2025-07-08T09:09:35.276+08:00 DEBUG 99473 --- [MyWebProject] [http-nio-8080-exec-10] o.s.security.web.FilterChainProxy        : Secured GET /userinfo
2025-07-08T09:09:35.285+08:00 DEBUG 99473 --- [MyWebProject] [http-nio-8080-exec-5] o.s.security.web.FilterChainProxy        : Secured GET /check-login
2025-07-08T09:09:35.294+08:00 DEBUG 99473 --- [MyWebProject] [http-nio-8080-exec-7] o.s.security.web.FilterChainProxy        : Securing GET /store/all
2025-07-08T09:09:35.295+08:00 DEBUG 99473 --- [MyWebProject] [http-nio-8080-exec-7] o.s.s.w.a.AnonymousAuthenticationFilter  : Set SecurityContextHolder to anonymous SecurityContext
2025-07-08T09:09:35.296+08:00 DEBUG 99473 --- [MyWebProject] [http-nio-8080-exec-7] o.s.s.w.session.SessionManagementFilter  : Request requested invalid session id 98FC0DEF42DBFC9713B31ABE180A095C
2025-07-08T09:09:35.296+08:00 DEBUG 99473 --- [MyWebProject] [http-nio-8080-exec-7] o.s.security.web.FilterChainProxy        : Secured GET /store/all
2025-07-08T09:09:35.382+08:00 DEBUG 99473 --- [MyWebProject] [http-nio-8080-exec-3] o.s.security.web.FilterChainProxy        : Securing GET /chatrooms?userId=4
2025-07-08T09:09:35.391+08:00 DEBUG 99473 --- [MyWebProject] [http-nio-8080-exec-3] .s.ChangeSessionIdAuthenticationStrategy : Changed session id from B692938728BA0A50E9FB7FFC32E772CD
2025-07-08T09:09:35.391+08:00 DEBUG 99473 --- [MyWebProject] [http-nio-8080-exec-3] o.s.security.web.FilterChainProxy        : Secured GET /chatrooms?userId=4
2025-07-08T09:09:36.788+08:00 DEBUG 99473 --- [MyWebProject] [http-nio-8080-exec-9] o.s.security.web.FilterChainProxy        : Securing OPTIONS /chat/room?buyerId=4&storeId=1
2025-07-08T09:09:36.793+08:00 DEBUG 99473 --- [MyWebProject] [http-nio-8080-exec-8] o.s.security.web.FilterChainProxy        : Securing GET /chat/room?buyerId=4&storeId=1
2025-07-08T09:09:36.799+08:00 DEBUG 99473 --- [MyWebProject] [http-nio-8080-exec-8] .s.ChangeSessionIdAuthenticationStrategy : Changed session id from D4E2F5D76EAB98179928C8352F3F7E3C
2025-07-08T09:09:36.807+08:00 DEBUG 99473 --- [MyWebProject] [http-nio-8080-exec-8] o.s.security.web.FilterChainProxy        : Secured GET /chat/room?buyerId=4&storeId=1
2025-07-08T09:09:36.898+08:00 DEBUG 99473 --- [MyWebProject] [http-nio-8080-exec-2] o.s.security.web.FilterChainProxy        : Securing GET /chat/1
2025-07-08T09:09:36.904+08:00 DEBUG 99473 --- [MyWebProject] [http-nio-8080-exec-2] o.s.s.w.a.AnonymousAuthenticationFilter  : Set SecurityContextHolder to anonymous SecurityContext
2025-07-08T09:09:36.904+08:00 DEBUG 99473 --- [MyWebProject] [http-nio-8080-exec-2] o.s.security.web.FilterChainProxy        : Secured GET /chat/1
2025-07-08T09:09:37.097+08:00 DEBUG 99473 --- [MyWebProject] [http-nio-8080-exec-1] o.s.security.web.FilterChainProxy        : Securing GET /chat-websocket/info?t=1751936977093
2025-07-08T09:09:37.102+08:00 DEBUG 99473 --- [MyWebProject] [http-nio-8080-exec-1] o.s.s.w.a.AnonymousAuthenticationFilter  : Set SecurityContextHolder to anonymous SecurityContext
2025-07-08T09:09:37.103+08:00 DEBUG 99473 --- [MyWebProject] [http-nio-8080-exec-1] o.s.security.web.FilterChainProxy        : Secured GET /chat-websocket/info?t=1751936977093
2025-07-08T09:09:37.117+08:00 DEBUG 99473 --- [MyWebProject] [http-nio-8080-exec-10] o.s.security.web.FilterChainProxy        : Securing GET /chat-websocket/808/cdjoylnu/websocket
2025-07-08T09:09:37.118+08:00 DEBUG 99473 --- [MyWebProject] [http-nio-8080-exec-10] o.s.s.w.a.AnonymousAuthenticationFilter  : Set SecurityContextHolder to anonymous SecurityContext
2025-07-08T09:09:37.118+08:00 DEBUG 99473 --- [MyWebProject] [http-nio-8080-exec-10] o.s.security.web.FilterChainProxy        : Secured GET /chat-websocket/808/cdjoylnu/websocket
2025-07-08T09:09:43.192+08:00 DEBUG 99473 --- [MyWebProject] [http-nio-8080-exec-9] o.s.security.web.FilterChainProxy        : Securing GET /chat/room?buyerId=4&storeId=1
2025-07-08T09:09:43.203+08:00 DEBUG 99473 --- [MyWebProject] [http-nio-8080-exec-9] .s.ChangeSessionIdAuthenticationStrategy : Changed session id from B1169DE5CECA071AB9AD0F7AB7C7D8C0
2025-07-08T09:09:43.204+08:00 DEBUG 99473 --- [MyWebProject] [http-nio-8080-exec-9] o.s.security.web.FilterChainProxy        : Secured GET /chat/room?buyerId=4&storeId=1
2025-07-08T09:09:43.256+08:00 DEBUG 99473 --- [MyWebProject] [http-nio-8080-exec-8] o.s.security.web.FilterChainProxy        : Securing GET /chat/1
2025-07-08T09:09:43.258+08:00 DEBUG 99473 --- [MyWebProject] [http-nio-8080-exec-8] o.s.s.w.a.AnonymousAuthenticationFilter  : Set SecurityContextHolder to anonymous SecurityContext
2025-07-08T09:09:43.259+08:00 DEBUG 99473 --- [MyWebProject] [http-nio-8080-exec-8] o.s.security.web.FilterChainProxy        : Secured GET /chat/1
2025-07-08T09:09:43.312+08:00 DEBUG 99473 --- [MyWebProject] [http-nio-8080-exec-2] o.s.security.web.FilterChainProxy        : Securing GET /chat-websocket/info?t=1751936983304
2025-07-08T09:09:43.313+08:00 DEBUG 99473 --- [MyWebProject] [http-nio-8080-exec-2] o.s.s.w.a.AnonymousAuthenticationFilter  : Set SecurityContextHolder to anonymous SecurityContext
2025-07-08T09:09:43.313+08:00 DEBUG 99473 --- [MyWebProject] [http-nio-8080-exec-2] o.s.security.web.FilterChainProxy        : Secured GET /chat-websocket/info?t=1751936983304
2025-07-08T09:09:43.327+08:00 DEBUG 99473 --- [MyWebProject] [http-nio-8080-exec-1] o.s.security.web.FilterChainProxy        : Securing GET /chat-websocket/260/5wje3o5w/websocket
2025-07-08T09:09:43.328+08:00 DEBUG 99473 --- [MyWebProject] [http-nio-8080-exec-1] o.s.s.w.a.AnonymousAuthenticationFilter  : Set SecurityContextHolder to anonymous SecurityContext
2025-07-08T09:09:43.329+08:00 DEBUG 99473 --- [MyWebProject] [http-nio-8080-exec-1] o.s.security.web.FilterChainProxy        : Secured GET /chat-websocket/260/5wje3o5w/websocket
2025-07-08T09:10:06.560+08:00 DEBUG 99473 --- [MyWebProject] [http-nio-8080-exec-3] o.s.security.web.FilterChainProxy        : Securing PUT /product/view/2
2025-07-08T09:10:06.563+08:00 DEBUG 99473 --- [MyWebProject] [http-nio-8080-exec-7] o.s.security.web.FilterChainProxy        : Securing PUT /product/view/2
2025-07-08T09:10:06.564+08:00 DEBUG 99473 --- [MyWebProject] [http-nio-8080-exec-7] o.s.s.w.a.AnonymousAuthenticationFilter  : Set SecurityContextHolder to anonymous SecurityContext
2025-07-08T09:10:06.564+08:00 DEBUG 99473 --- [MyWebProject] [http-nio-8080-exec-7] o.s.security.web.FilterChainProxy        : Secured PUT /product/view/2
2025-07-08T09:10:06.565+08:00 DEBUG 99473 --- [MyWebProject] [http-nio-8080-exec-3] o.s.s.w.a.AnonymousAuthenticationFilter  : Set SecurityContextHolder to anonymous SecurityContext
2025-07-08T09:10:06.565+08:00 DEBUG 99473 --- [MyWebProject] [http-nio-8080-exec-3] o.s.security.web.FilterChainProxy        : Secured PUT /product/view/2
2025-07-08T09:10:06.567+08:00 DEBUG 99473 --- [MyWebProject] [http-nio-8080-exec-9] o.s.security.web.FilterChainProxy        : Securing GET /product/2
2025-07-08T09:10:06.571+08:00 DEBUG 99473 --- [MyWebProject] [http-nio-8080-exec-9] o.s.s.w.a.AnonymousAuthenticationFilter  : Set SecurityContextHolder to anonymous SecurityContext
2025-07-08T09:10:06.571+08:00 DEBUG 99473 --- [MyWebProject] [http-nio-8080-exec-9] o.s.security.web.FilterChainProxy        : Secured GET /product/2
2025-07-08T09:10:06.569+08:00 DEBUG 99473 --- [MyWebProject] [http-nio-8080-exec-8] o.s.security.web.FilterChainProxy        : Securing GET /store/all
2025-07-08T09:10:06.576+08:00 DEBUG 99473 --- [MyWebProject] [http-nio-8080-exec-2] o.s.security.web.FilterChainProxy        : Securing GET /twd-jpy
2025-07-08T09:10:06.577+08:00 DEBUG 99473 --- [MyWebProject] [http-nio-8080-exec-8] o.s.s.w.a.AnonymousAuthenticationFilter  : Set SecurityContextHolder to anonymous SecurityContext
2025-07-08T09:10:06.578+08:00 DEBUG 99473 --- [MyWebProject] [http-nio-8080-exec-2] o.s.s.w.a.AnonymousAuthenticationFilter  : Set SecurityContextHolder to anonymous SecurityContext
2025-07-08T09:10:06.579+08:00 DEBUG 99473 --- [MyWebProject] [http-nio-8080-exec-8] o.s.security.web.FilterChainProxy        : Secured GET /store/all
2025-07-08T09:10:06.579+08:00 DEBUG 99473 --- [MyWebProject] [http-nio-8080-exec-2] o.s.security.web.FilterChainProxy        : Secured GET /twd-jpy
2025-07-08T09:10:06.610+08:00 DEBUG 99473 --- [MyWebProject] [http-nio-8080-exec-1] o.s.security.web.FilterChainProxy        : Securing GET /product/2
2025-07-08T09:10:06.615+08:00 DEBUG 99473 --- [MyWebProject] [http-nio-8080-exec-1] o.s.s.w.a.AnonymousAuthenticationFilter  : Set SecurityContextHolder to anonymous SecurityContext
2025-07-08T09:10:06.617+08:00 DEBUG 99473 --- [MyWebProject] [http-nio-8080-exec-1] o.s.security.web.FilterChainProxy        : Secured GET /product/2
2025-07-08T09:10:06.627+08:00 DEBUG 99473 --- [MyWebProject] [http-nio-8080-exec-10] o.s.security.web.FilterChainProxy        : Securing GET /store/all
2025-07-08T09:10:06.628+08:00 DEBUG 99473 --- [MyWebProject] [http-nio-8080-exec-10] o.s.s.w.a.AnonymousAuthenticationFilter  : Set SecurityContextHolder to anonymous SecurityContext
2025-07-08T09:10:06.630+08:00 DEBUG 99473 --- [MyWebProject] [http-nio-8080-exec-10] o.s.security.web.FilterChainProxy        : Secured GET /store/all
2025-07-08T09:10:06.648+08:00 DEBUG 99473 --- [MyWebProject] [http-nio-8080-exec-4] o.s.security.web.FilterChainProxy        : Securing GET /uploads/products/2_1751872983771_0.jpg
2025-07-08T09:10:06.649+08:00 DEBUG 99473 --- [MyWebProject] [http-nio-8080-exec-4] o.s.s.w.a.AnonymousAuthenticationFilter  : Set SecurityContextHolder to anonymous SecurityContext
2025-07-08T09:10:06.651+08:00 DEBUG 99473 --- [MyWebProject] [http-nio-8080-exec-4] o.s.security.web.FilterChainProxy        : Secured GET /uploads/products/2_1751872983771_0.jpg
2025-07-08T09:10:06.658+08:00 DEBUG 99473 --- [MyWebProject] [http-nio-8080-exec-5] o.s.security.web.FilterChainProxy        : Securing GET /chatrooms?userId=4
2025-07-08T09:10:06.661+08:00 DEBUG 99473 --- [MyWebProject] [http-nio-8080-exec-6] o.s.security.web.FilterChainProxy        : Securing GET /check-login
2025-07-08T09:10:06.662+08:00 DEBUG 99473 --- [MyWebProject] [http-nio-8080-exec-7] o.s.security.web.FilterChainProxy        : Securing GET /userinfo
2025-07-08T09:10:06.665+08:00 DEBUG 99473 --- [MyWebProject] [http-nio-8080-exec-5] .s.ChangeSessionIdAuthenticationStrategy : Changed session id from EAD232529034D2754BD4D4BD3905CF63
2025-07-08T09:10:06.670+08:00 DEBUG 99473 --- [MyWebProject] [http-nio-8080-exec-5] o.s.security.web.FilterChainProxy        : Secured GET /chatrooms?userId=4
2025-07-08T09:10:06.670+08:00 DEBUG 99473 --- [MyWebProject] [http-nio-8080-exec-7] o.s.security.web.FilterChainProxy        : Secured GET /userinfo
2025-07-08T09:10:06.672+08:00 DEBUG 99473 --- [MyWebProject] [http-nio-8080-exec-6] o.s.security.web.FilterChainProxy        : Secured GET /check-login
2025-07-08T09:10:06.680+08:00 DEBUG 99473 --- [MyWebProject] [http-nio-8080-exec-6] o.s.security.web.FilterChainProxy        : Securing GET /check-login
2025-07-08T09:10:06.692+08:00 DEBUG 99473 --- [MyWebProject] [http-nio-8080-exec-6] o.s.security.web.FilterChainProxy        : Secured GET /check-login
2025-07-08T09:10:06.706+08:00 DEBUG 99473 --- [MyWebProject] [http-nio-8080-exec-9] o.s.security.web.FilterChainProxy        : Securing GET /chatrooms?userId=4
2025-07-08T09:10:06.712+08:00 DEBUG 99473 --- [MyWebProject] [http-nio-8080-exec-9] o.s.security.web.FilterChainProxy        : Secured GET /chatrooms?userId=4
2025-07-08T09:10:06.747+08:00 DEBUG 99473 --- [MyWebProject] [http-nio-8080-exec-8] o.s.security.web.FilterChainProxy        : Securing GET /userinfo
2025-07-08T09:10:06.756+08:00 DEBUG 99473 --- [MyWebProject] [http-nio-8080-exec-8] o.s.security.web.FilterChainProxy        : Secured GET /userinfo
2025-07-08T09:10:06.858+08:00 DEBUG 99473 --- [MyWebProject] [http-nio-8080-exec-4] o.s.security.web.FilterChainProxy        : Securing GET /check-login
2025-07-08T09:10:06.860+08:00 DEBUG 99473 --- [MyWebProject] [http-nio-8080-exec-5] o.s.security.web.FilterChainProxy        : Securing GET /chatrooms?userId=4
2025-07-08T09:10:06.860+08:00 DEBUG 99473 --- [MyWebProject] [http-nio-8080-exec-10] o.s.security.web.FilterChainProxy        : Securing GET /userinfo
2025-07-08T09:10:06.861+08:00 DEBUG 99473 --- [MyWebProject] [http-nio-8080-exec-4] .s.ChangeSessionIdAuthenticationStrategy : Changed session id from A3FAB27D1F2D310D9CD4F77320B71D9A
2025-07-08T09:10:06.862+08:00 DEBUG 99473 --- [MyWebProject] [http-nio-8080-exec-4] o.s.security.web.FilterChainProxy        : Secured GET /check-login
2025-07-08T09:10:06.863+08:00 DEBUG 99473 --- [MyWebProject] [http-nio-8080-exec-10] o.s.security.web.FilterChainProxy        : Secured GET /userinfo
2025-07-08T09:10:06.868+08:00 DEBUG 99473 --- [MyWebProject] [http-nio-8080-exec-5] o.s.security.web.FilterChainProxy        : Secured GET /chatrooms?userId=4
2025-07-08T09:10:06.957+08:00 DEBUG 99473 --- [MyWebProject] [http-nio-8080-exec-6] o.s.security.web.FilterChainProxy        : Securing GET /chatrooms?userId=4
2025-07-08T09:10:06.961+08:00 DEBUG 99473 --- [MyWebProject] [http-nio-8080-exec-6] .s.ChangeSessionIdAuthenticationStrategy : Changed session id from B3037DB3AA781E47FBA3CE28760DC3C2
2025-07-08T09:10:06.962+08:00 DEBUG 99473 --- [MyWebProject] [http-nio-8080-exec-6] o.s.security.web.FilterChainProxy        : Secured GET /chatrooms?userId=4
2025-07-08T09:10:07.042+08:00 DEBUG 99473 --- [MyWebProject] [http-nio-8080-exec-3] o.s.security.web.FilterChainProxy        : Securing GET /twd-jpy
2025-07-08T09:10:07.043+08:00 DEBUG 99473 --- [MyWebProject] [http-nio-8080-exec-3] o.s.s.w.a.AnonymousAuthenticationFilter  : Set SecurityContextHolder to anonymous SecurityContext
2025-07-08T09:10:07.044+08:00 DEBUG 99473 --- [MyWebProject] [http-nio-8080-exec-3] o.s.s.w.session.SessionManagementFilter  : Request requested invalid session id EAD232529034D2754BD4D4BD3905CF63
2025-07-08T09:10:07.044+08:00 DEBUG 99473 --- [MyWebProject] [http-nio-8080-exec-3] o.s.security.web.FilterChainProxy        : Secured GET /twd-jpy
2025-07-08T09:10:09.827+08:00 DEBUG 99473 --- [MyWebProject] [http-nio-8080-exec-1] o.s.security.web.FilterChainProxy        : Securing GET /chat/room?buyerId=4&storeId=1
2025-07-08T09:10:09.839+08:00 DEBUG 99473 --- [MyWebProject] [http-nio-8080-exec-1] .s.ChangeSessionIdAuthenticationStrategy : Changed session id from 96A5DEFA0C63D61A7BEEE9007425A5BB
2025-07-08T09:10:09.839+08:00 DEBUG 99473 --- [MyWebProject] [http-nio-8080-exec-1] o.s.security.web.FilterChainProxy        : Secured GET /chat/room?buyerId=4&storeId=1
2025-07-08T09:10:09.881+08:00 DEBUG 99473 --- [MyWebProject] [http-nio-8080-exec-7] o.s.security.web.FilterChainProxy        : Securing GET /chat/1
2025-07-08T09:10:09.882+08:00 DEBUG 99473 --- [MyWebProject] [http-nio-8080-exec-7] o.s.s.w.a.AnonymousAuthenticationFilter  : Set SecurityContextHolder to anonymous SecurityContext
2025-07-08T09:10:09.883+08:00 DEBUG 99473 --- [MyWebProject] [http-nio-8080-exec-7] o.s.security.web.FilterChainProxy        : Secured GET /chat/1
2025-07-08T09:10:09.941+08:00 DEBUG 99473 --- [MyWebProject] [http-nio-8080-exec-9] o.s.security.web.FilterChainProxy        : Securing GET /chat-websocket/info?t=1751937009933
2025-07-08T09:10:09.942+08:00 DEBUG 99473 --- [MyWebProject] [http-nio-8080-exec-9] o.s.s.w.a.AnonymousAuthenticationFilter  : Set SecurityContextHolder to anonymous SecurityContext
2025-07-08T09:10:09.943+08:00 DEBUG 99473 --- [MyWebProject] [http-nio-8080-exec-9] o.s.security.web.FilterChainProxy        : Secured GET /chat-websocket/info?t=1751937009933
2025-07-08T09:10:09.959+08:00 DEBUG 99473 --- [MyWebProject] [http-nio-8080-exec-8] o.s.security.web.FilterChainProxy        : Securing GET /chat-websocket/580/zq04pqgn/websocket
2025-07-08T09:10:09.960+08:00 DEBUG 99473 --- [MyWebProject] [http-nio-8080-exec-8] o.s.s.w.a.AnonymousAuthenticationFilter  : Set SecurityContextHolder to anonymous SecurityContext
2025-07-08T09:10:09.960+08:00 DEBUG 99473 --- [MyWebProject] [http-nio-8080-exec-8] o.s.security.web.FilterChainProxy        : Secured GET /chat-websocket/580/zq04pqgn/websocket
2025-07-08T09:10:17.644+08:00 DEBUG 99473 --- [MyWebProject] [http-nio-8080-exec-2] o.s.security.web.FilterChainProxy        : Securing GET /categories
2025-07-08T09:10:17.657+08:00 DEBUG 99473 --- [MyWebProject] [http-nio-8080-exec-2] o.s.s.w.a.AnonymousAuthenticationFilter  : Set SecurityContextHolder to anonymous SecurityContext
2025-07-08T09:10:17.663+08:00 DEBUG 99473 --- [MyWebProject] [http-nio-8080-exec-7] o.s.security.web.FilterChainProxy        : Securing GET /userinfo
2025-07-08T09:10:17.675+08:00 DEBUG 99473 --- [MyWebProject] [http-nio-8080-exec-2] o.s.security.web.FilterChainProxy        : Secured GET /categories
2025-07-08T09:10:17.654+08:00 DEBUG 99473 --- [MyWebProject] [http-nio-8080-exec-3] o.s.security.web.FilterChainProxy        : Securing GET /products
2025-07-08T09:10:17.676+08:00 DEBUG 99473 --- [MyWebProject] [http-nio-8080-exec-3] o.s.s.w.a.AnonymousAuthenticationFilter  : Set SecurityContextHolder to anonymous SecurityContext
2025-07-08T09:10:17.657+08:00 DEBUG 99473 --- [MyWebProject] [http-nio-8080-exec-1] o.s.security.web.FilterChainProxy        : Securing GET /chatrooms?userId=4
2025-07-08T09:10:17.688+08:00 DEBUG 99473 --- [MyWebProject] [http-nio-8080-exec-3] o.s.security.web.FilterChainProxy        : Secured GET /products
2025-07-08T09:10:17.688+08:00 DEBUG 99473 --- [MyWebProject] [http-nio-8080-exec-7] .s.ChangeSessionIdAuthenticationStrategy : Changed session id from A3C18AD50220EFE508BA2CFE0CF64230
2025-07-08T09:10:17.689+08:00 DEBUG 99473 --- [MyWebProject] [http-nio-8080-exec-7] o.s.security.web.FilterChainProxy        : Secured GET /userinfo
2025-07-08T09:10:17.692+08:00 DEBUG 99473 --- [MyWebProject] [http-nio-8080-exec-1] o.s.security.web.FilterChainProxy        : Secured GET /chatrooms?userId=4
2025-07-08T09:10:17.695+08:00 DEBUG 99473 --- [MyWebProject] [http-nio-8080-exec-9] o.s.security.web.FilterChainProxy        : Securing GET /check-login
2025-07-08T09:10:17.708+08:00 DEBUG 99473 --- [MyWebProject] [http-nio-8080-exec-9] o.s.security.web.FilterChainProxy        : Secured GET /check-login
2025-07-08T09:10:17.734+08:00 DEBUG 99473 --- [MyWebProject] [http-nio-8080-exec-8] o.s.security.web.FilterChainProxy        : Securing GET /check-login
2025-07-08T09:10:17.740+08:00 DEBUG 99473 --- [MyWebProject] [http-nio-8080-exec-8] o.s.security.web.FilterChainProxy        : Secured GET /check-login
2025-07-08T09:10:17.751+08:00 DEBUG 99473 --- [MyWebProject] [http-nio-8080-exec-4] o.s.security.web.FilterChainProxy        : Securing GET /categories
2025-07-08T09:10:17.752+08:00 DEBUG 99473 --- [MyWebProject] [http-nio-8080-exec-4] o.s.s.w.a.AnonymousAuthenticationFilter  : Set SecurityContextHolder to anonymous SecurityContext
2025-07-08T09:10:17.752+08:00 DEBUG 99473 --- [MyWebProject] [http-nio-8080-exec-4] o.s.s.w.session.SessionManagementFilter  : Request requested invalid session id A3C18AD50220EFE508BA2CFE0CF64230
2025-07-08T09:10:17.753+08:00 DEBUG 99473 --- [MyWebProject] [http-nio-8080-exec-4] o.s.security.web.FilterChainProxy        : Secured GET /categories
2025-07-08T09:10:17.760+08:00 DEBUG 99473 --- [MyWebProject] [http-nio-8080-exec-10] o.s.security.web.FilterChainProxy        : Securing GET /products
2025-07-08T09:10:17.761+08:00 DEBUG 99473 --- [MyWebProject] [http-nio-8080-exec-10] o.s.s.w.a.AnonymousAuthenticationFilter  : Set SecurityContextHolder to anonymous SecurityContext
2025-07-08T09:10:17.761+08:00 DEBUG 99473 --- [MyWebProject] [http-nio-8080-exec-10] o.s.s.w.session.SessionManagementFilter  : Request requested invalid session id A3C18AD50220EFE508BA2CFE0CF64230
2025-07-08T09:10:17.762+08:00 DEBUG 99473 --- [MyWebProject] [http-nio-8080-exec-10] o.s.security.web.FilterChainProxy        : Secured GET /products
2025-07-08T09:10:17.769+08:00 DEBUG 99473 --- [MyWebProject] [http-nio-8080-exec-5] o.s.security.web.FilterChainProxy        : Securing GET /chatrooms?userId=4
2025-07-08T09:10:17.773+08:00 DEBUG 99473 --- [MyWebProject] [http-nio-8080-exec-5] o.s.security.web.FilterChainProxy        : Secured GET /chatrooms?userId=4
2025-07-08T09:10:17.783+08:00 DEBUG 99473 --- [MyWebProject] [http-nio-8080-exec-6] o.s.security.web.FilterChainProxy        : Securing GET /userinfo
2025-07-08T09:10:17.788+08:00 DEBUG 99473 --- [MyWebProject] [http-nio-8080-exec-6] o.s.security.web.FilterChainProxy        : Secured GET /userinfo
2025-07-08T09:10:17.836+08:00 DEBUG 99473 --- [MyWebProject] [http-nio-8080-exec-8] o.s.security.web.FilterChainProxy        : Securing GET /userinfo
2025-07-08T09:10:17.836+08:00 DEBUG 99473 --- [MyWebProject] [http-nio-8080-exec-2] o.s.security.web.FilterChainProxy        : Securing GET /chatrooms?userId=4
2025-07-08T09:10:17.836+08:00 DEBUG 99473 --- [MyWebProject] [http-nio-8080-exec-9] o.s.security.web.FilterChainProxy        : Securing GET /check-login
2025-07-08T09:10:17.839+08:00 DEBUG 99473 --- [MyWebProject] [http-nio-8080-exec-8] .s.ChangeSessionIdAuthenticationStrategy : Changed session id from EB11190A5433427770B36BC712840CFA
2025-07-08T09:10:17.839+08:00 DEBUG 99473 --- [MyWebProject] [http-nio-8080-exec-8] o.s.security.web.FilterChainProxy        : Secured GET /userinfo
2025-07-08T09:10:17.844+08:00 DEBUG 99473 --- [MyWebProject] [http-nio-8080-exec-2] o.s.security.web.FilterChainProxy        : Secured GET /chatrooms?userId=4
2025-07-08T09:10:17.855+08:00 DEBUG 99473 --- [MyWebProject] [http-nio-8080-exec-9] o.s.security.web.FilterChainProxy        : Secured GET /check-login
2025-07-08T09:10:18.011+08:00 DEBUG 99473 --- [MyWebProject] [http-nio-8080-exec-3] o.s.security.web.FilterChainProxy        : Securing GET /uploads/products/2_1751872983771_0.jpg
2025-07-08T09:10:18.012+08:00 DEBUG 99473 --- [MyWebProject] [http-nio-8080-exec-3] o.s.s.w.a.AnonymousAuthenticationFilter  : Set SecurityContextHolder to anonymous SecurityContext
2025-07-08T09:10:18.012+08:00 DEBUG 99473 --- [MyWebProject] [http-nio-8080-exec-3] o.s.security.web.FilterChainProxy        : Secured GET /uploads/products/2_1751872983771_0.jpg
2025-07-08T09:10:18.024+08:00 DEBUG 99473 --- [MyWebProject] [http-nio-8080-exec-4] o.s.security.web.FilterChainProxy        : Securing GET /check-login
2025-07-08T09:10:18.028+08:00 DEBUG 99473 --- [MyWebProject] [http-nio-8080-exec-4] .s.ChangeSessionIdAuthenticationStrategy : Changed session id from B1D034B334981AF6C459733393A5B895
2025-07-08T09:10:18.028+08:00 DEBUG 99473 --- [MyWebProject] [http-nio-8080-exec-4] o.s.security.web.FilterChainProxy        : Secured GET /check-login
2025-07-08T09:10:18.037+08:00 DEBUG 99473 --- [MyWebProject] [http-nio-8080-exec-1] o.s.security.web.FilterChainProxy        : Securing GET /userinfo
2025-07-08T09:10:18.037+08:00 DEBUG 99473 --- [MyWebProject] [http-nio-8080-exec-7] o.s.security.web.FilterChainProxy        : Securing GET /chatrooms?userId=4
2025-07-08T09:10:18.040+08:00 DEBUG 99473 --- [MyWebProject] [http-nio-8080-exec-1] .s.ChangeSessionIdAuthenticationStrategy : Changed session id from AE1BDD3A566FA4ABF3DCDEB9FCF6FC12
2025-07-08T09:10:18.040+08:00 DEBUG 99473 --- [MyWebProject] [http-nio-8080-exec-7] o.s.security.web.FilterChainProxy        : Secured GET /chatrooms?userId=4
2025-07-08T09:10:18.041+08:00 DEBUG 99473 --- [MyWebProject] [http-nio-8080-exec-1] o.s.security.web.FilterChainProxy        : Secured GET /userinfo
2025-07-08T09:10:18.044+08:00 DEBUG 99473 --- [MyWebProject] [http-nio-8080-exec-10] o.s.security.web.FilterChainProxy        : Securing GET /store/all
2025-07-08T09:10:18.045+08:00 DEBUG 99473 --- [MyWebProject] [http-nio-8080-exec-10] o.s.s.w.a.AnonymousAuthenticationFilter  : Set SecurityContextHolder to anonymous SecurityContext
2025-07-08T09:10:18.045+08:00 DEBUG 99473 --- [MyWebProject] [http-nio-8080-exec-10] o.s.s.w.session.SessionManagementFilter  : Request requested invalid session id AE1BDD3A566FA4ABF3DCDEB9FCF6FC12
2025-07-08T09:10:18.045+08:00 DEBUG 99473 --- [MyWebProject] [http-nio-8080-exec-10] o.s.security.web.FilterChainProxy        : Secured GET /store/all
2025-07-08T09:10:18.060+08:00 DEBUG 99473 --- [MyWebProject] [http-nio-8080-exec-5] o.s.security.web.FilterChainProxy        : Securing GET /store/all
2025-07-08T09:10:18.061+08:00 DEBUG 99473 --- [MyWebProject] [http-nio-8080-exec-5] o.s.s.w.a.AnonymousAuthenticationFilter  : Set SecurityContextHolder to anonymous SecurityContext
2025-07-08T09:10:18.061+08:00 DEBUG 99473 --- [MyWebProject] [http-nio-8080-exec-5] o.s.s.w.session.SessionManagementFilter  : Request requested invalid session id AE1BDD3A566FA4ABF3DCDEB9FCF6FC12
2025-07-08T09:10:18.062+08:00 DEBUG 99473 --- [MyWebProject] [http-nio-8080-exec-5] o.s.security.web.FilterChainProxy        : Secured GET /store/all
2025-07-08T09:10:18.191+08:00 DEBUG 99473 --- [MyWebProject] [http-nio-8080-exec-6] o.s.security.web.FilterChainProxy        : Securing GET /chatrooms?userId=4
2025-07-08T09:10:18.200+08:00 DEBUG 99473 --- [MyWebProject] [http-nio-8080-exec-6] .s.ChangeSessionIdAuthenticationStrategy : Changed session id from 0D083AC282F593F0CF3E438812BED880
2025-07-08T09:10:18.200+08:00 DEBUG 99473 --- [MyWebProject] [http-nio-8080-exec-6] o.s.security.web.FilterChainProxy        : Secured GET /chatrooms?userId=4
2025-07-08T09:12:04.065+08:00  INFO 99473 --- [MyWebProject] [MessageBroker-3] o.s.w.s.c.WebSocketMessageBrokerStats    : WebSocketSession[0 current WS(0)-HttpStream(0)-HttpPoll(0), 3 total, 0 closed abnormally (0 connect failure, 0 send limit, 0 transport error)], stompSubProtocol[processed CONNECT(3)-CONNECTED(3)-DISCONNECT(3)], stompBrokerRelay[null], inboundChannel[pool size = 0, active threads = 0, queued tasks = 0, completed tasks = 36], outboundChannel[pool size = 0, active threads = 0, queued tasks = 0, completed tasks = 9], sockJsScheduler[pool size = 4, active threads = 1, queued tasks = 1, completed tasks = 31]
2025-07-08T09:42:04.030+08:00  INFO 99473 --- [MyWebProject] [MessageBroker-2] o.s.w.s.c.WebSocketMessageBrokerStats    : WebSocketSession[0 current WS(0)-HttpStream(0)-HttpPoll(0), 3 total, 0 closed abnormally (0 connect failure, 0 send limit, 0 transport error)], stompSubProtocol[processed CONNECT(3)-CONNECTED(3)-DISCONNECT(3)], stompBrokerRelay[null], inboundChannel[pool size = 0, active threads = 0, queued tasks = 0, completed tasks = 36], outboundChannel[pool size = 0, active threads = 0, queued tasks = 0, completed tasks = 9], sockJsScheduler[pool size = 4, active threads = 1, queued tasks = 1, completed tasks = 392]
2025-07-08T10:12:04.060+08:00  INFO 99473 --- [MyWebProject] [MessageBroker-3] o.s.w.s.c.WebSocketMessageBrokerStats    : WebSocketSession[0 current WS(0)-HttpStream(0)-HttpPoll(0), 3 total, 0 closed abnormally (0 connect failure, 0 send limit, 0 transport error)], stompSubProtocol[processed CONNECT(3)-CONNECTED(3)-DISCONNECT(3)], stompBrokerRelay[null], inboundChannel[pool size = 0, active threads = 0, queued tasks = 0, completed tasks = 36], outboundChannel[pool size = 0, active threads = 0, queued tasks = 0, completed tasks = 9], sockJsScheduler[pool size = 4, active threads = 1, queued tasks = 1, completed tasks = 753]
2025-07-08T10:14:41.756+08:00 DEBUG 99473 --- [MyWebProject] [http-nio-8080-exec-3] o.s.security.web.FilterChainProxy        : Securing GET /products
2025-07-08T10:14:41.756+08:00 DEBUG 99473 --- [MyWebProject] [http-nio-8080-exec-6] o.s.security.web.FilterChainProxy        : Securing OPTIONS /userinfo
2025-07-08T10:14:41.756+08:00 DEBUG 99473 --- [MyWebProject] [http-nio-8080-exec-4] o.s.security.web.FilterChainProxy        : Securing GET /categories
2025-07-08T10:14:41.756+08:00 DEBUG 99473 --- [MyWebProject] [http-nio-8080-exec-5] o.s.security.web.FilterChainProxy        : Securing OPTIONS /check-login
2025-07-08T10:14:41.756+08:00 DEBUG 99473 --- [MyWebProject] [http-nio-8080-exec-8] o.s.security.web.FilterChainProxy        : Securing OPTIONS /chatrooms?userId=4
2025-07-08T10:14:41.756+08:00 DEBUG 99473 --- [MyWebProject] [http-nio-8080-exec-10] o.s.security.web.FilterChainProxy        : Securing OPTIONS /chatrooms?userId=4
2025-07-08T10:14:41.757+08:00 DEBUG 99473 --- [MyWebProject] [http-nio-8080-exec-9] o.s.security.web.FilterChainProxy        : Securing OPTIONS /userinfo
2025-07-08T10:14:41.757+08:00 DEBUG 99473 --- [MyWebProject] [http-nio-8080-exec-1] o.s.security.web.FilterChainProxy        : Securing OPTIONS /check-login
2025-07-08T10:14:41.781+08:00 DEBUG 99473 --- [MyWebProject] [http-nio-8080-exec-3] o.s.s.w.a.AnonymousAuthenticationFilter  : Set SecurityContextHolder to anonymous SecurityContext
2025-07-08T10:14:41.781+08:00 DEBUG 99473 --- [MyWebProject] [http-nio-8080-exec-4] o.s.s.w.a.AnonymousAuthenticationFilter  : Set SecurityContextHolder to anonymous SecurityContext
2025-07-08T10:14:41.786+08:00 DEBUG 99473 --- [MyWebProject] [http-nio-8080-exec-4] o.s.s.w.session.SessionManagementFilter  : Request requested invalid session id BF0D5C1B22B101AED09B1BC2363C8864
2025-07-08T10:14:41.786+08:00 DEBUG 99473 --- [MyWebProject] [http-nio-8080-exec-3] o.s.s.w.session.SessionManagementFilter  : Request requested invalid session id BF0D5C1B22B101AED09B1BC2363C8864
2025-07-08T10:14:41.793+08:00 DEBUG 99473 --- [MyWebProject] [http-nio-8080-exec-4] o.s.security.web.FilterChainProxy        : Secured GET /categories
2025-07-08T10:14:41.794+08:00 DEBUG 99473 --- [MyWebProject] [http-nio-8080-exec-3] o.s.security.web.FilterChainProxy        : Secured GET /products
2025-07-08T10:14:41.815+08:00 DEBUG 99473 --- [MyWebProject] [http-nio-8080-exec-7] o.s.security.web.FilterChainProxy        : Securing GET /chatrooms?userId=4
2025-07-08T10:14:41.816+08:00 DEBUG 99473 --- [MyWebProject] [http-nio-8080-exec-2] o.s.security.web.FilterChainProxy        : Securing GET /userinfo
2025-07-08T10:14:41.826+08:00 DEBUG 99473 --- [MyWebProject] [http-nio-8080-exec-10] o.s.security.web.FilterChainProxy        : Securing GET /check-login
2025-07-08T10:14:41.896+08:00 DEBUG 99473 --- [MyWebProject] [http-nio-8080-exec-7] o.s.security.web.FilterChainProxy        : Secured GET /chatrooms?userId=4
2025-07-08T10:14:41.896+08:00 DEBUG 99473 --- [MyWebProject] [http-nio-8080-exec-10] o.s.security.web.FilterChainProxy        : Secured GET /check-login
2025-07-08T10:14:41.897+08:00 DEBUG 99473 --- [MyWebProject] [http-nio-8080-exec-2] o.s.security.web.FilterChainProxy        : Secured GET /userinfo
2025-07-08T10:14:41.968+08:00 DEBUG 99473 --- [MyWebProject] [http-nio-8080-exec-8] o.s.security.web.FilterChainProxy        : Securing GET /check-login
2025-07-08T10:14:42.002+08:00 DEBUG 99473 --- [MyWebProject] [http-nio-8080-exec-8] o.s.security.web.FilterChainProxy        : Secured GET /check-login
2025-07-08T10:14:42.008+08:00 DEBUG 99473 --- [MyWebProject] [http-nio-8080-exec-8] o.s.security.web.FilterChainProxy        : Securing GET /check-login
2025-07-08T10:14:42.021+08:00 DEBUG 99473 --- [MyWebProject] [http-nio-8080-exec-8] .s.ChangeSessionIdAuthenticationStrategy : Changed session id from A40F7599902CC30EF15FABA1BFAA7432
2025-07-08T10:14:42.022+08:00 DEBUG 99473 --- [MyWebProject] [http-nio-8080-exec-8] o.s.security.web.FilterChainProxy        : Secured GET /check-login
2025-07-08T10:14:42.040+08:00 DEBUG 99473 --- [MyWebProject] [http-nio-8080-exec-6] o.s.security.web.FilterChainProxy        : Securing GET /userinfo
2025-07-08T10:14:42.048+08:00 DEBUG 99473 --- [MyWebProject] [http-nio-8080-exec-6] o.s.security.web.FilterChainProxy        : Secured GET /userinfo
2025-07-08T10:14:42.073+08:00 DEBUG 99473 --- [MyWebProject] [http-nio-8080-exec-6] o.s.security.web.FilterChainProxy        : Securing GET /userinfo
2025-07-08T10:14:42.085+08:00 DEBUG 99473 --- [MyWebProject] [http-nio-8080-exec-6] o.s.security.web.FilterChainProxy        : Secured GET /userinfo
2025-07-08T10:14:42.095+08:00 DEBUG 99473 --- [MyWebProject] [http-nio-8080-exec-1] o.s.security.web.FilterChainProxy        : Securing GET /chatrooms?userId=4
2025-07-08T10:14:42.107+08:00 DEBUG 99473 --- [MyWebProject] [http-nio-8080-exec-1] o.s.security.web.FilterChainProxy        : Secured GET /chatrooms?userId=4
2025-07-08T10:14:42.218+08:00 DEBUG 99473 --- [MyWebProject] [http-nio-8080-exec-9] o.s.security.web.FilterChainProxy        : Securing GET /check-login
2025-07-08T10:14:42.232+08:00 DEBUG 99473 --- [MyWebProject] [http-nio-8080-exec-9] .s.ChangeSessionIdAuthenticationStrategy : Changed session id from A98B1A22363D069962506E6314308AD5
2025-07-08T10:14:42.233+08:00 DEBUG 99473 --- [MyWebProject] [http-nio-8080-exec-9] o.s.security.web.FilterChainProxy        : Secured GET /check-login
2025-07-08T10:14:42.242+08:00 DEBUG 99473 --- [MyWebProject] [http-nio-8080-exec-10] o.s.security.web.FilterChainProxy        : Securing GET /categories
2025-07-08T10:14:42.242+08:00 DEBUG 99473 --- [MyWebProject] [http-nio-8080-exec-8] o.s.security.web.FilterChainProxy        : Securing GET /userinfo
2025-07-08T10:14:42.242+08:00 DEBUG 99473 --- [MyWebProject] [http-nio-8080-exec-10] o.s.s.w.a.AnonymousAuthenticationFilter  : Set SecurityContextHolder to anonymous SecurityContext
2025-07-08T10:14:42.243+08:00 DEBUG 99473 --- [MyWebProject] [http-nio-8080-exec-10] o.s.s.w.session.SessionManagementFilter  : Request requested invalid session id BF0D5C1B22B101AED09B1BC2363C8864
2025-07-08T10:14:42.244+08:00 DEBUG 99473 --- [MyWebProject] [http-nio-8080-exec-10] o.s.security.web.FilterChainProxy        : Secured GET /categories
2025-07-08T10:14:42.249+08:00 DEBUG 99473 --- [MyWebProject] [http-nio-8080-exec-8] o.s.security.web.FilterChainProxy        : Secured GET /userinfo
2025-07-08T10:14:42.269+08:00 DEBUG 99473 --- [MyWebProject] [http-nio-8080-exec-1] o.s.security.web.FilterChainProxy        : Securing GET /chatrooms?userId=4
2025-07-08T10:14:42.297+08:00 DEBUG 99473 --- [MyWebProject] [http-nio-8080-exec-1] o.s.security.web.FilterChainProxy        : Secured GET /chatrooms?userId=4
2025-07-08T10:14:42.340+08:00 DEBUG 99473 --- [MyWebProject] [http-nio-8080-exec-5] o.s.security.web.FilterChainProxy        : Securing GET /chatrooms?userId=4
2025-07-08T10:14:42.350+08:00 DEBUG 99473 --- [MyWebProject] [http-nio-8080-exec-5] o.s.security.web.FilterChainProxy        : Secured GET /chatrooms?userId=4
2025-07-08T10:14:42.374+08:00 DEBUG 99473 --- [MyWebProject] [http-nio-8080-exec-7] o.s.security.web.FilterChainProxy        : Securing GET /products
2025-07-08T10:14:42.375+08:00 DEBUG 99473 --- [MyWebProject] [http-nio-8080-exec-7] o.s.s.w.a.AnonymousAuthenticationFilter  : Set SecurityContextHolder to anonymous SecurityContext
2025-07-08T10:14:42.375+08:00 DEBUG 99473 --- [MyWebProject] [http-nio-8080-exec-7] o.s.s.w.session.SessionManagementFilter  : Request requested invalid session id BF0D5C1B22B101AED09B1BC2363C8864
2025-07-08T10:14:42.380+08:00 DEBUG 99473 --- [MyWebProject] [http-nio-8080-exec-7] o.s.security.web.FilterChainProxy        : Secured GET /products
2025-07-08T10:14:42.380+08:00 DEBUG 99473 --- [MyWebProject] [http-nio-8080-exec-5] o.s.security.web.FilterChainProxy        : Securing GET /chatrooms?userId=4
2025-07-08T10:14:42.394+08:00 DEBUG 99473 --- [MyWebProject] [http-nio-8080-exec-5] o.s.security.web.FilterChainProxy        : Secured GET /chatrooms?userId=4
2025-07-08T10:14:42.424+08:00 DEBUG 99473 --- [MyWebProject] [http-nio-8080-exec-5] o.s.security.web.FilterChainProxy        : Securing GET /chatrooms?userId=4
2025-07-08T10:14:42.434+08:00 DEBUG 99473 --- [MyWebProject] [http-nio-8080-exec-5] .s.ChangeSessionIdAuthenticationStrategy : Changed session id from 0329CAE71BD1DAE367084C1B36E2A687
2025-07-08T10:14:42.435+08:00 DEBUG 99473 --- [MyWebProject] [http-nio-8080-exec-5] o.s.security.web.FilterChainProxy        : Secured GET /chatrooms?userId=4
2025-07-08T10:14:42.538+08:00 DEBUG 99473 --- [MyWebProject] [http-nio-8080-exec-9] o.s.security.web.FilterChainProxy        : Securing GET /uploads/products/2_1751872983771_0.jpg
2025-07-08T10:14:42.560+08:00 DEBUG 99473 --- [MyWebProject] [http-nio-8080-exec-9] o.s.s.w.a.AnonymousAuthenticationFilter  : Set SecurityContextHolder to anonymous SecurityContext
2025-07-08T10:14:42.562+08:00 DEBUG 99473 --- [MyWebProject] [http-nio-8080-exec-9] o.s.security.web.FilterChainProxy        : Secured GET /uploads/products/2_1751872983771_0.jpg
2025-07-08T10:14:42.546+08:00 DEBUG 99473 --- [MyWebProject] [http-nio-8080-exec-2] o.s.security.web.FilterChainProxy        : Securing GET /store/all
2025-07-08T10:14:42.578+08:00 DEBUG 99473 --- [MyWebProject] [http-nio-8080-exec-2] o.s.s.w.a.AnonymousAuthenticationFilter  : Set SecurityContextHolder to anonymous SecurityContext
2025-07-08T10:14:42.580+08:00 DEBUG 99473 --- [MyWebProject] [http-nio-8080-exec-2] o.s.security.web.FilterChainProxy        : Secured GET /store/all
2025-07-08T10:14:42.614+08:00 DEBUG 99473 --- [MyWebProject] [http-nio-8080-exec-8] o.s.security.web.FilterChainProxy        : Securing GET /store/all
2025-07-08T10:14:42.616+08:00 DEBUG 99473 --- [MyWebProject] [http-nio-8080-exec-8] o.s.s.w.a.AnonymousAuthenticationFilter  : Set SecurityContextHolder to anonymous SecurityContext
2025-07-08T10:14:42.616+08:00 DEBUG 99473 --- [MyWebProject] [http-nio-8080-exec-8] o.s.security.web.FilterChainProxy        : Secured GET /store/all
2025-07-08T10:14:46.711+08:00 DEBUG 99473 --- [MyWebProject] [http-nio-8080-exec-10] o.s.security.web.FilterChainProxy        : Securing GET /check-login
2025-07-08T10:14:46.719+08:00 DEBUG 99473 --- [MyWebProject] [http-nio-8080-exec-1] o.s.security.web.FilterChainProxy        : Securing GET /chatrooms?userId=4
2025-07-08T10:14:46.726+08:00 DEBUG 99473 --- [MyWebProject] [http-nio-8080-exec-4] o.s.security.web.FilterChainProxy        : Securing OPTIONS /cartitem/allitems
2025-07-08T10:14:46.727+08:00 DEBUG 99473 --- [MyWebProject] [http-nio-8080-exec-10] .s.ChangeSessionIdAuthenticationStrategy : Changed session id from 842925D68720B95A9AA6F484AE3A7F3C
2025-07-08T10:14:46.728+08:00 DEBUG 99473 --- [MyWebProject] [http-nio-8080-exec-10] o.s.security.web.FilterChainProxy        : Secured GET /check-login
2025-07-08T10:14:46.728+08:00 DEBUG 99473 --- [MyWebProject] [http-nio-8080-exec-6] o.s.security.web.FilterChainProxy        : Securing GET /store/all
2025-07-08T10:14:47.030+08:00 DEBUG 99473 --- [MyWebProject] [http-nio-8080-exec-7] o.s.security.web.FilterChainProxy        : Securing OPTIONS /cartitem/allitems
2025-07-08T10:14:47.034+08:00 DEBUG 99473 --- [MyWebProject] [http-nio-8080-exec-1] o.s.security.web.FilterChainProxy        : Secured GET /chatrooms?userId=4
2025-07-08T10:14:47.068+08:00 DEBUG 99473 --- [MyWebProject] [http-nio-8080-exec-6] o.s.s.w.a.AnonymousAuthenticationFilter  : Set SecurityContextHolder to anonymous SecurityContext
2025-07-08T10:14:47.068+08:00 DEBUG 99473 --- [MyWebProject] [http-nio-8080-exec-6] o.s.s.w.session.SessionManagementFilter  : Request requested invalid session id 842925D68720B95A9AA6F484AE3A7F3C
2025-07-08T10:14:47.069+08:00 DEBUG 99473 --- [MyWebProject] [http-nio-8080-exec-6] o.s.security.web.FilterChainProxy        : Secured GET /store/all
2025-07-08T10:14:47.071+08:00 DEBUG 99473 --- [MyWebProject] [http-nio-8080-exec-7] o.s.security.web.FilterChainProxy        : Securing GET /check-login
2025-07-08T10:14:47.068+08:00 DEBUG 99473 --- [MyWebProject] [http-nio-8080-exec-3] o.s.security.web.FilterChainProxy        : Securing GET /userinfo
2025-07-08T10:14:47.073+08:00 DEBUG 99473 --- [MyWebProject] [http-nio-8080-exec-4] o.s.security.web.FilterChainProxy        : Securing GET /cartitem/allitems
2025-07-08T10:14:47.074+08:00 DEBUG 99473 --- [MyWebProject] [http-nio-8080-exec-7] o.s.security.web.FilterChainProxy        : Secured GET /check-login
2025-07-08T10:14:47.105+08:00 DEBUG 99473 --- [MyWebProject] [http-nio-8080-exec-3] o.s.security.web.FilterChainProxy        : Secured GET /userinfo
2025-07-08T10:14:47.108+08:00 DEBUG 99473 --- [MyWebProject] [http-nio-8080-exec-2] o.s.security.web.FilterChainProxy        : Securing GET /check-login
2025-07-08T10:14:47.136+08:00 DEBUG 99473 --- [MyWebProject] [http-nio-8080-exec-4] .s.ChangeSessionIdAuthenticationStrategy : Changed session id from A167D01D7B9FB6F51E36C307A421B46E
2025-07-08T10:14:47.138+08:00 DEBUG 99473 --- [MyWebProject] [http-nio-8080-exec-8] o.s.security.web.FilterChainProxy        : Securing GET /userinfo
2025-07-08T10:14:47.139+08:00 DEBUG 99473 --- [MyWebProject] [http-nio-8080-exec-4] o.s.security.web.FilterChainProxy        : Secured GET /cartitem/allitems
2025-07-08T10:14:47.138+08:00 DEBUG 99473 --- [MyWebProject] [http-nio-8080-exec-2] o.s.security.web.FilterChainProxy        : Secured GET /check-login
2025-07-08T10:14:47.154+08:00 DEBUG 99473 --- [MyWebProject] [http-nio-8080-exec-8] o.s.security.web.FilterChainProxy        : Secured GET /userinfo
2025-07-08T10:14:47.202+08:00 DEBUG 99473 --- [MyWebProject] [http-nio-8080-exec-10] o.s.security.web.FilterChainProxy        : Securing GET /chatrooms?userId=4
2025-07-08T10:14:47.207+08:00 DEBUG 99473 --- [MyWebProject] [http-nio-8080-exec-10] o.s.security.web.FilterChainProxy        : Secured GET /chatrooms?userId=4
2025-07-08T10:14:47.220+08:00 DEBUG 99473 --- [MyWebProject] [http-nio-8080-exec-5] o.s.security.web.FilterChainProxy        : Securing GET /userinfo
2025-07-08T10:14:47.252+08:00 DEBUG 99473 --- [MyWebProject] [http-nio-8080-exec-9] o.s.security.web.FilterChainProxy        : Securing GET /store/all
2025-07-08T10:14:47.252+08:00 DEBUG 99473 --- [MyWebProject] [http-nio-8080-exec-9] o.s.s.w.a.AnonymousAuthenticationFilter  : Set SecurityContextHolder to anonymous SecurityContext
2025-07-08T10:14:47.252+08:00 DEBUG 99473 --- [MyWebProject] [http-nio-8080-exec-9] o.s.s.w.session.SessionManagementFilter  : Request requested invalid session id 842925D68720B95A9AA6F484AE3A7F3C
2025-07-08T10:14:47.252+08:00 DEBUG 99473 --- [MyWebProject] [http-nio-8080-exec-9] o.s.security.web.FilterChainProxy        : Secured GET /store/all
2025-07-08T10:14:47.252+08:00 DEBUG 99473 --- [MyWebProject] [http-nio-8080-exec-5] o.s.security.web.FilterChainProxy        : Secured GET /userinfo
2025-07-08T10:14:47.281+08:00 DEBUG 99473 --- [MyWebProject] [http-nio-8080-exec-7] o.s.security.web.FilterChainProxy        : Securing GET /chatrooms?userId=4
2025-07-08T10:14:47.284+08:00 DEBUG 99473 --- [MyWebProject] [http-nio-8080-exec-7] o.s.security.web.FilterChainProxy        : Secured GET /chatrooms?userId=4
2025-07-08T10:14:47.326+08:00 DEBUG 99473 --- [MyWebProject] [http-nio-8080-exec-7] o.s.security.web.FilterChainProxy        : Securing GET /chatrooms?userId=4
2025-07-08T10:14:47.348+08:00 DEBUG 99473 --- [MyWebProject] [http-nio-8080-exec-7] .s.ChangeSessionIdAuthenticationStrategy : Changed session id from A3CD5A34822601CACFD2FB46A5480EA3
2025-07-08T10:14:47.352+08:00 DEBUG 99473 --- [MyWebProject] [http-nio-8080-exec-7] o.s.security.web.FilterChainProxy        : Secured GET /chatrooms?userId=4
2025-07-08T10:14:47.473+08:00 DEBUG 99473 --- [MyWebProject] [http-nio-8080-exec-2] o.s.security.web.FilterChainProxy        : Securing GET /cartitem/allitems
2025-07-08T10:14:47.476+08:00 DEBUG 99473 --- [MyWebProject] [http-nio-8080-exec-2] o.s.security.web.FilterChainProxy        : Secured GET /cartitem/allitems
2025-07-08T10:14:50.291+08:00 DEBUG 99473 --- [MyWebProject] [http-nio-8080-exec-1] o.s.security.web.FilterChainProxy        : Securing OPTIONS /cartitem/update
2025-07-08T10:14:50.313+08:00 DEBUG 99473 --- [MyWebProject] [http-nio-8080-exec-8] o.s.security.web.FilterChainProxy        : Securing PUT /cartitem/update
2025-07-08T10:14:50.329+08:00 DEBUG 99473 --- [MyWebProject] [http-nio-8080-exec-8] .s.ChangeSessionIdAuthenticationStrategy : Changed session id from CCFEA382EDE074D9AFEA8719A2CCA6E2
2025-07-08T10:14:50.331+08:00 DEBUG 99473 --- [MyWebProject] [http-nio-8080-exec-8] o.s.security.web.FilterChainProxy        : Secured PUT /cartitem/update
2025-07-08T10:14:50.618+08:00 DEBUG 99473 --- [MyWebProject] [http-nio-8080-exec-6] o.s.security.web.FilterChainProxy        : Securing PUT /cartitem/update
2025-07-08T10:14:50.664+08:00 DEBUG 99473 --- [MyWebProject] [http-nio-8080-exec-6] o.s.security.web.FilterChainProxy        : Secured PUT /cartitem/update
2025-07-08T10:14:53.421+08:00 DEBUG 99473 --- [MyWebProject] [http-nio-8080-exec-5] o.s.security.web.FilterChainProxy        : Securing GET /check-login
2025-07-08T10:14:53.426+08:00 DEBUG 99473 --- [MyWebProject] [http-nio-8080-exec-9] o.s.security.web.FilterChainProxy        : Securing GET /userinfo
2025-07-08T10:14:53.427+08:00 DEBUG 99473 --- [MyWebProject] [http-nio-8080-exec-5] .s.ChangeSessionIdAuthenticationStrategy : Changed session id from D40A5D630C8D6C1539F2390A5882EC44
2025-07-08T10:14:53.429+08:00 DEBUG 99473 --- [MyWebProject] [http-nio-8080-exec-5] o.s.security.web.FilterChainProxy        : Secured GET /check-login
2025-07-08T10:14:53.433+08:00 DEBUG 99473 --- [MyWebProject] [http-nio-8080-exec-9] o.s.security.web.FilterChainProxy        : Secured GET /userinfo
2025-07-08T10:14:53.446+08:00 DEBUG 99473 --- [MyWebProject] [http-nio-8080-exec-10] o.s.security.web.FilterChainProxy        : Securing GET /products
2025-07-08T10:14:53.448+08:00 DEBUG 99473 --- [MyWebProject] [http-nio-8080-exec-3] o.s.security.web.FilterChainProxy        : Securing GET /check-login
2025-07-08T10:14:53.455+08:00 DEBUG 99473 --- [MyWebProject] [http-nio-8080-exec-3] o.s.security.web.FilterChainProxy        : Secured GET /check-login
2025-07-08T10:14:53.461+08:00 DEBUG 99473 --- [MyWebProject] [http-nio-8080-exec-3] o.s.security.web.FilterChainProxy        : Securing GET /categories
2025-07-08T10:14:53.472+08:00 DEBUG 99473 --- [MyWebProject] [http-nio-8080-exec-10] o.s.s.w.a.AnonymousAuthenticationFilter  : Set SecurityContextHolder to anonymous SecurityContext
2025-07-08T10:14:53.487+08:00 DEBUG 99473 --- [MyWebProject] [http-nio-8080-exec-10] o.s.s.w.session.SessionManagementFilter  : Request requested invalid session id D40A5D630C8D6C1539F2390A5882EC44
2025-07-08T10:14:53.488+08:00 DEBUG 99473 --- [MyWebProject] [http-nio-8080-exec-10] o.s.security.web.FilterChainProxy        : Secured GET /products
2025-07-08T10:14:53.474+08:00 DEBUG 99473 --- [MyWebProject] [http-nio-8080-exec-7] o.s.security.web.FilterChainProxy        : Securing GET /chatrooms?userId=4
2025-07-08T10:14:53.462+08:00 DEBUG 99473 --- [MyWebProject] [http-nio-8080-exec-3] o.s.s.w.a.AnonymousAuthenticationFilter  : Set SecurityContextHolder to anonymous SecurityContext
2025-07-08T10:14:53.517+08:00 DEBUG 99473 --- [MyWebProject] [http-nio-8080-exec-3] o.s.s.w.session.SessionManagementFilter  : Request requested invalid session id D40A5D630C8D6C1539F2390A5882EC44
2025-07-08T10:14:53.518+08:00 DEBUG 99473 --- [MyWebProject] [http-nio-8080-exec-3] o.s.security.web.FilterChainProxy        : Secured GET /categories
2025-07-08T10:14:53.544+08:00 DEBUG 99473 --- [MyWebProject] [http-nio-8080-exec-2] o.s.security.web.FilterChainProxy        : Securing GET /userinfo
2025-07-08T10:14:53.557+08:00 DEBUG 99473 --- [MyWebProject] [http-nio-8080-exec-7] o.s.security.web.FilterChainProxy        : Secured GET /chatrooms?userId=4
2025-07-08T10:14:53.562+08:00 DEBUG 99473 --- [MyWebProject] [http-nio-8080-exec-2] o.s.security.web.FilterChainProxy        : Secured GET /userinfo
2025-07-08T10:14:53.584+08:00 DEBUG 99473 --- [MyWebProject] [http-nio-8080-exec-1] o.s.security.web.FilterChainProxy        : Securing GET /chatrooms?userId=4
2025-07-08T10:14:53.585+08:00 DEBUG 99473 --- [MyWebProject] [http-nio-8080-exec-8] o.s.security.web.FilterChainProxy        : Securing GET /products
2025-07-08T10:14:53.585+08:00 DEBUG 99473 --- [MyWebProject] [http-nio-8080-exec-8] o.s.s.w.a.AnonymousAuthenticationFilter  : Set SecurityContextHolder to anonymous SecurityContext
2025-07-08T10:14:53.585+08:00 DEBUG 99473 --- [MyWebProject] [http-nio-8080-exec-8] o.s.s.w.session.SessionManagementFilter  : Request requested invalid session id D40A5D630C8D6C1539F2390A5882EC44
2025-07-08T10:14:53.586+08:00 DEBUG 99473 --- [MyWebProject] [http-nio-8080-exec-8] o.s.security.web.FilterChainProxy        : Secured GET /products
2025-07-08T10:14:53.588+08:00 DEBUG 99473 --- [MyWebProject] [http-nio-8080-exec-1] o.s.security.web.FilterChainProxy        : Secured GET /chatrooms?userId=4
2025-07-08T10:14:53.595+08:00 DEBUG 99473 --- [MyWebProject] [http-nio-8080-exec-6] o.s.security.web.FilterChainProxy        : Securing GET /categories
2025-07-08T10:14:53.596+08:00 DEBUG 99473 --- [MyWebProject] [http-nio-8080-exec-6] o.s.s.w.a.AnonymousAuthenticationFilter  : Set SecurityContextHolder to anonymous SecurityContext
2025-07-08T10:14:53.597+08:00 DEBUG 99473 --- [MyWebProject] [http-nio-8080-exec-6] o.s.security.web.FilterChainProxy        : Secured GET /categories
2025-07-08T10:14:53.638+08:00 DEBUG 99473 --- [MyWebProject] [http-nio-8080-exec-5] o.s.security.web.FilterChainProxy        : Securing GET /check-login
2025-07-08T10:14:53.639+08:00 DEBUG 99473 --- [MyWebProject] [http-nio-8080-exec-4] o.s.security.web.FilterChainProxy        : Securing GET /userinfo
2025-07-08T10:14:53.639+08:00 DEBUG 99473 --- [MyWebProject] [http-nio-8080-exec-9] o.s.security.web.FilterChainProxy        : Securing GET /chatrooms?userId=4
2025-07-08T10:14:53.644+08:00 DEBUG 99473 --- [MyWebProject] [http-nio-8080-exec-5] o.s.security.web.FilterChainProxy        : Secured GET /check-login
2025-07-08T10:14:53.644+08:00 DEBUG 99473 --- [MyWebProject] [http-nio-8080-exec-9] .s.ChangeSessionIdAuthenticationStrategy : Changed session id from 323B3D601CE82C32510A74D84A7E8913
2025-07-08T10:14:53.644+08:00 DEBUG 99473 --- [MyWebProject] [http-nio-8080-exec-4] o.s.security.web.FilterChainProxy        : Secured GET /userinfo
2025-07-08T10:14:53.645+08:00 DEBUG 99473 --- [MyWebProject] [http-nio-8080-exec-9] o.s.security.web.FilterChainProxy        : Secured GET /chatrooms?userId=4
2025-07-08T10:14:53.738+08:00 DEBUG 99473 --- [MyWebProject] [http-nio-8080-exec-2] o.s.security.web.FilterChainProxy        : Securing GET /uploads/products/2_1751872983771_0.jpg
2025-07-08T10:14:53.739+08:00 DEBUG 99473 --- [MyWebProject] [http-nio-8080-exec-2] o.s.s.w.a.AnonymousAuthenticationFilter  : Set SecurityContextHolder to anonymous SecurityContext
2025-07-08T10:14:53.739+08:00 DEBUG 99473 --- [MyWebProject] [http-nio-8080-exec-2] o.s.security.web.FilterChainProxy        : Secured GET /uploads/products/2_1751872983771_0.jpg
2025-07-08T10:14:53.766+08:00 DEBUG 99473 --- [MyWebProject] [http-nio-8080-exec-7] o.s.security.web.FilterChainProxy        : Securing GET /check-login
2025-07-08T10:14:53.771+08:00 DEBUG 99473 --- [MyWebProject] [http-nio-8080-exec-10] o.s.security.web.FilterChainProxy        : Securing GET /userinfo
2025-07-08T10:14:53.776+08:00 DEBUG 99473 --- [MyWebProject] [http-nio-8080-exec-7] .s.ChangeSessionIdAuthenticationStrategy : Changed session id from 710173A5658CAAFA4B904605FCE1160F
2025-07-08T10:14:53.776+08:00 DEBUG 99473 --- [MyWebProject] [http-nio-8080-exec-10] .s.ChangeSessionIdAuthenticationStrategy : Changed session id from 920C89A19BFCC94157BBE3720D425CBE
2025-07-08T10:14:53.776+08:00 DEBUG 99473 --- [MyWebProject] [http-nio-8080-exec-7] o.s.security.web.FilterChainProxy        : Secured GET /check-login
2025-07-08T10:14:53.777+08:00 DEBUG 99473 --- [MyWebProject] [http-nio-8080-exec-10] o.s.security.web.FilterChainProxy        : Secured GET /userinfo
2025-07-08T10:14:53.787+08:00 DEBUG 99473 --- [MyWebProject] [http-nio-8080-exec-3] o.s.security.web.FilterChainProxy        : Securing GET /chatrooms?userId=4
2025-07-08T10:14:53.794+08:00 DEBUG 99473 --- [MyWebProject] [http-nio-8080-exec-3] o.s.security.web.FilterChainProxy        : Secured GET /chatrooms?userId=4
2025-07-08T10:14:53.800+08:00 DEBUG 99473 --- [MyWebProject] [http-nio-8080-exec-8] o.s.security.web.FilterChainProxy        : Securing GET /store/all
2025-07-08T10:14:53.801+08:00 DEBUG 99473 --- [MyWebProject] [http-nio-8080-exec-8] o.s.s.w.a.AnonymousAuthenticationFilter  : Set SecurityContextHolder to anonymous SecurityContext
2025-07-08T10:14:53.801+08:00 DEBUG 99473 --- [MyWebProject] [http-nio-8080-exec-8] o.s.security.web.FilterChainProxy        : Secured GET /store/all
2025-07-08T10:14:53.837+08:00 DEBUG 99473 --- [MyWebProject] [http-nio-8080-exec-6] o.s.security.web.FilterChainProxy        : Securing GET /store/all
2025-07-08T10:14:53.837+08:00 DEBUG 99473 --- [MyWebProject] [http-nio-8080-exec-6] o.s.s.w.a.AnonymousAuthenticationFilter  : Set SecurityContextHolder to anonymous SecurityContext
2025-07-08T10:14:53.838+08:00 DEBUG 99473 --- [MyWebProject] [http-nio-8080-exec-6] o.s.security.web.FilterChainProxy        : Secured GET /store/all
2025-07-08T10:14:53.938+08:00 DEBUG 99473 --- [MyWebProject] [http-nio-8080-exec-1] o.s.security.web.FilterChainProxy        : Securing GET /chatrooms?userId=4
2025-07-08T10:14:53.950+08:00 DEBUG 99473 --- [MyWebProject] [http-nio-8080-exec-1] .s.ChangeSessionIdAuthenticationStrategy : Changed session id from 6A0A4E654143AB9F9688478BA53223F3
2025-07-08T10:14:53.951+08:00 DEBUG 99473 --- [MyWebProject] [http-nio-8080-exec-1] o.s.security.web.FilterChainProxy        : Secured GET /chatrooms?userId=4
2025-07-08T10:14:54.816+08:00 DEBUG 99473 --- [MyWebProject] [http-nio-8080-exec-5] o.s.security.web.FilterChainProxy        : Securing GET /check-login
2025-07-08T10:14:54.816+08:00 DEBUG 99473 --- [MyWebProject] [http-nio-8080-exec-4] o.s.security.web.FilterChainProxy        : Securing GET /userinfo
2025-07-08T10:14:54.816+08:00 DEBUG 99473 --- [MyWebProject] [http-nio-8080-exec-9] o.s.security.web.FilterChainProxy        : Securing GET /chatrooms?userId=4
2025-07-08T10:14:54.817+08:00 DEBUG 99473 --- [MyWebProject] [http-nio-8080-exec-7] o.s.security.web.FilterChainProxy        : Securing GET /store/all
2025-07-08T10:14:54.818+08:00 DEBUG 99473 --- [MyWebProject] [http-nio-8080-exec-7] o.s.s.w.a.AnonymousAuthenticationFilter  : Set SecurityContextHolder to anonymous SecurityContext
2025-07-08T10:14:54.819+08:00 DEBUG 99473 --- [MyWebProject] [http-nio-8080-exec-2] o.s.security.web.FilterChainProxy        : Securing GET /cartitem/allitems
2025-07-08T10:14:54.819+08:00 DEBUG 99473 --- [MyWebProject] [http-nio-8080-exec-7] o.s.security.web.FilterChainProxy        : Secured GET /store/all
2025-07-08T10:14:54.822+08:00 DEBUG 99473 --- [MyWebProject] [http-nio-8080-exec-4] .s.ChangeSessionIdAuthenticationStrategy : Changed session id from 6AE8F5F83A5B9DBFD279C5D5362C827C
2025-07-08T10:14:54.822+08:00 DEBUG 99473 --- [MyWebProject] [http-nio-8080-exec-5] o.s.security.web.FilterChainProxy        : Secured GET /check-login
2025-07-08T10:14:54.822+08:00 DEBUG 99473 --- [MyWebProject] [http-nio-8080-exec-4] o.s.security.web.FilterChainProxy        : Secured GET /userinfo
2025-07-08T10:14:54.831+08:00 DEBUG 99473 --- [MyWebProject] [http-nio-8080-exec-2] o.s.security.web.FilterChainProxy        : Secured GET /cartitem/allitems
2025-07-08T10:14:54.822+08:00 DEBUG 99473 --- [MyWebProject] [http-nio-8080-exec-9] o.s.security.web.FilterChainProxy        : Secured GET /chatrooms?userId=4
2025-07-08T10:14:54.839+08:00 DEBUG 99473 --- [MyWebProject] [http-nio-8080-exec-5] o.s.security.web.FilterChainProxy        : Securing GET /check-login
2025-07-08T10:14:54.849+08:00 DEBUG 99473 --- [MyWebProject] [http-nio-8080-exec-5] o.s.security.web.FilterChainProxy        : Secured GET /check-login
2025-07-08T10:14:54.857+08:00 DEBUG 99473 --- [MyWebProject] [http-nio-8080-exec-3] o.s.security.web.FilterChainProxy        : Securing GET /check-login
2025-07-08T10:14:54.864+08:00 DEBUG 99473 --- [MyWebProject] [http-nio-8080-exec-3] o.s.security.web.FilterChainProxy        : Secured GET /check-login
2025-07-08T10:14:54.873+08:00 DEBUG 99473 --- [MyWebProject] [http-nio-8080-exec-8] o.s.security.web.FilterChainProxy        : Securing GET /userinfo
2025-07-08T10:14:54.880+08:00 DEBUG 99473 --- [MyWebProject] [http-nio-8080-exec-8] o.s.security.web.FilterChainProxy        : Secured GET /userinfo
2025-07-08T10:14:54.887+08:00 DEBUG 99473 --- [MyWebProject] [http-nio-8080-exec-6] o.s.security.web.FilterChainProxy        : Securing GET /store/all
2025-07-08T10:14:54.888+08:00 DEBUG 99473 --- [MyWebProject] [http-nio-8080-exec-6] o.s.s.w.a.AnonymousAuthenticationFilter  : Set SecurityContextHolder to anonymous SecurityContext
2025-07-08T10:14:54.889+08:00 DEBUG 99473 --- [MyWebProject] [http-nio-8080-exec-6] o.s.s.w.session.SessionManagementFilter  : Request requested invalid session id 6AE8F5F83A5B9DBFD279C5D5362C827C
2025-07-08T10:14:54.893+08:00 DEBUG 99473 --- [MyWebProject] [http-nio-8080-exec-6] o.s.security.web.FilterChainProxy        : Secured GET /store/all
2025-07-08T10:14:54.903+08:00 DEBUG 99473 --- [MyWebProject] [http-nio-8080-exec-10] o.s.security.web.FilterChainProxy        : Securing GET /userinfo
2025-07-08T10:14:54.903+08:00 DEBUG 99473 --- [MyWebProject] [http-nio-8080-exec-1] o.s.security.web.FilterChainProxy        : Securing GET /chatrooms?userId=4
2025-07-08T10:14:54.907+08:00 DEBUG 99473 --- [MyWebProject] [http-nio-8080-exec-10] o.s.security.web.FilterChainProxy        : Secured GET /userinfo
2025-07-08T10:14:54.911+08:00 DEBUG 99473 --- [MyWebProject] [http-nio-8080-exec-1] o.s.security.web.FilterChainProxy        : Secured GET /chatrooms?userId=4
2025-07-08T10:14:54.913+08:00 DEBUG 99473 --- [MyWebProject] [http-nio-8080-exec-5] o.s.security.web.FilterChainProxy        : Securing GET /cartitem/allitems
2025-07-08T10:14:54.922+08:00 DEBUG 99473 --- [MyWebProject] [http-nio-8080-exec-5] o.s.security.web.FilterChainProxy        : Secured GET /cartitem/allitems
2025-07-08T10:14:54.934+08:00 DEBUG 99473 --- [MyWebProject] [http-nio-8080-exec-4] o.s.security.web.FilterChainProxy        : Securing GET /chatrooms?userId=4
2025-07-08T10:14:54.941+08:00 DEBUG 99473 --- [MyWebProject] [http-nio-8080-exec-4] o.s.security.web.FilterChainProxy        : Secured GET /chatrooms?userId=4
2025-07-08T10:14:54.980+08:00 DEBUG 99473 --- [MyWebProject] [http-nio-8080-exec-3] o.s.security.web.FilterChainProxy        : Securing GET /chatrooms?userId=4
2025-07-08T10:14:54.983+08:00 DEBUG 99473 --- [MyWebProject] [http-nio-8080-exec-3] .s.ChangeSessionIdAuthenticationStrategy : Changed session id from B8DA69C9E92641B8C26FECD6F3697BAA
2025-07-08T10:14:54.999+08:00 DEBUG 99473 --- [MyWebProject] [http-nio-8080-exec-3] o.s.security.web.FilterChainProxy        : Secured GET /chatrooms?userId=4
2025-07-08T10:14:56.610+08:00 DEBUG 99473 --- [MyWebProject] [http-nio-8080-exec-7] o.s.security.web.FilterChainProxy        : Securing OPTIONS /orders/user
2025-07-08T10:14:56.613+08:00 DEBUG 99473 --- [MyWebProject] [http-nio-8080-exec-9] o.s.security.web.FilterChainProxy        : Securing GET /store/all
2025-07-08T10:14:56.617+08:00 DEBUG 99473 --- [MyWebProject] [http-nio-8080-exec-9] o.s.s.w.a.AnonymousAuthenticationFilter  : Set SecurityContextHolder to anonymous SecurityContext
2025-07-08T10:14:56.617+08:00 DEBUG 99473 --- [MyWebProject] [http-nio-8080-exec-9] o.s.security.web.FilterChainProxy        : Secured GET /store/all
2025-07-08T10:14:56.651+08:00 DEBUG 99473 --- [MyWebProject] [http-nio-8080-exec-8] o.s.security.web.FilterChainProxy        : Securing GET /chatrooms?userId=4
2025-07-08T10:14:56.668+08:00 DEBUG 99473 --- [MyWebProject] [http-nio-8080-exec-7] o.s.security.web.FilterChainProxy        : Securing OPTIONS /orders/store
2025-07-08T10:14:56.669+08:00 DEBUG 99473 --- [MyWebProject] [http-nio-8080-exec-8] .s.ChangeSessionIdAuthenticationStrategy : Changed session id from C3132C7D781D12E2E9BC4D7B561C7A00
2025-07-08T10:14:56.673+08:00 DEBUG 99473 --- [MyWebProject] [http-nio-8080-exec-11] o.s.security.web.FilterChainProxy        : Securing OPTIONS /userlist
2025-07-08T10:14:56.676+08:00 DEBUG 99473 --- [MyWebProject] [http-nio-8080-exec-7] o.s.security.web.FilterChainProxy        : Securing GET /check-login
2025-07-08T10:14:56.666+08:00 DEBUG 99473 --- [MyWebProject] [http-nio-8080-exec-2] o.s.security.web.FilterChainProxy        : Securing GET /userinfo
2025-07-08T10:14:56.677+08:00 DEBUG 99473 --- [MyWebProject] [http-nio-8080-exec-8] o.s.security.web.FilterChainProxy        : Secured GET /chatrooms?userId=4
2025-07-08T10:14:56.673+08:00 DEBUG 99473 --- [MyWebProject] [http-nio-8080-exec-6] o.s.security.web.FilterChainProxy        : Securing GET /products
2025-07-08T10:14:56.678+08:00 DEBUG 99473 --- [MyWebProject] [http-nio-8080-exec-6] o.s.s.w.a.AnonymousAuthenticationFilter  : Set SecurityContextHolder to anonymous SecurityContext
2025-07-08T10:14:56.678+08:00 DEBUG 99473 --- [MyWebProject] [http-nio-8080-exec-6] o.s.s.w.session.SessionManagementFilter  : Request requested invalid session id C3132C7D781D12E2E9BC4D7B561C7A00
2025-07-08T10:14:56.679+08:00 DEBUG 99473 --- [MyWebProject] [http-nio-8080-exec-6] o.s.security.web.FilterChainProxy        : Secured GET /products
2025-07-08T10:14:56.679+08:00 DEBUG 99473 --- [MyWebProject] [http-nio-8080-exec-10] o.s.security.web.FilterChainProxy        : Securing OPTIONS /userlist
2025-07-08T10:14:56.684+08:00 DEBUG 99473 --- [MyWebProject] [http-nio-8080-exec-1] o.s.security.web.FilterChainProxy        : Securing OPTIONS /orders/user
2025-07-08T10:14:56.685+08:00 DEBUG 99473 --- [MyWebProject] [http-nio-8080-exec-4] o.s.security.web.FilterChainProxy        : Securing GET /orders/user
2025-07-08T10:14:56.686+08:00 DEBUG 99473 --- [MyWebProject] [http-nio-8080-exec-11] o.s.security.web.FilterChainProxy        : Securing OPTIONS /orders/store
2025-07-08T10:14:56.689+08:00 DEBUG 99473 --- [MyWebProject] [http-nio-8080-exec-7] o.s.security.web.FilterChainProxy        : Secured GET /check-login
2025-07-08T10:14:56.690+08:00 DEBUG 99473 --- [MyWebProject] [http-nio-8080-exec-2] o.s.security.web.FilterChainProxy        : Secured GET /userinfo
2025-07-08T10:14:56.694+08:00 DEBUG 99473 --- [MyWebProject] [http-nio-8080-exec-4] o.s.security.web.FilterChainProxy        : Secured GET /orders/user
2025-07-08T10:14:56.700+08:00 DEBUG 99473 --- [MyWebProject] [http-nio-8080-exec-7] o.s.security.web.FilterChainProxy        : Securing GET /orders/store
2025-07-08T10:14:56.738+08:00 DEBUG 99473 --- [MyWebProject] [http-nio-8080-exec-10] o.s.security.web.FilterChainProxy        : Securing GET /userlist
2025-07-08T10:14:56.746+08:00 DEBUG 99473 --- [MyWebProject] [http-nio-8080-exec-10] o.s.security.web.FilterChainProxy        : Secured GET /userlist
2025-07-08T10:14:56.750+08:00 DEBUG 99473 --- [MyWebProject] [http-nio-8080-exec-1] o.s.security.web.FilterChainProxy        : Securing GET /check-login
2025-07-08T10:14:56.757+08:00 DEBUG 99473 --- [MyWebProject] [http-nio-8080-exec-1] o.s.security.web.FilterChainProxy        : Secured GET /check-login
2025-07-08T10:14:56.766+08:00 DEBUG 99473 --- [MyWebProject] [http-nio-8080-exec-11] o.s.security.web.FilterChainProxy        : Securing GET /products
2025-07-08T10:14:56.766+08:00 DEBUG 99473 --- [MyWebProject] [http-nio-8080-exec-11] o.s.s.w.a.AnonymousAuthenticationFilter  : Set SecurityContextHolder to anonymous SecurityContext
2025-07-08T10:14:56.766+08:00 DEBUG 99473 --- [MyWebProject] [http-nio-8080-exec-11] o.s.s.w.session.SessionManagementFilter  : Request requested invalid session id C3132C7D781D12E2E9BC4D7B561C7A00
2025-07-08T10:14:56.767+08:00 DEBUG 99473 --- [MyWebProject] [http-nio-8080-exec-11] o.s.security.web.FilterChainProxy        : Secured GET /products
2025-07-08T10:14:56.774+08:00 DEBUG 99473 --- [MyWebProject] [http-nio-8080-exec-2] o.s.security.web.FilterChainProxy        : Securing GET /store/all
2025-07-08T10:14:56.775+08:00 DEBUG 99473 --- [MyWebProject] [http-nio-8080-exec-2] o.s.s.w.a.AnonymousAuthenticationFilter  : Set SecurityContextHolder to anonymous SecurityContext
2025-07-08T10:14:56.776+08:00 DEBUG 99473 --- [MyWebProject] [http-nio-8080-exec-2] o.s.s.w.session.SessionManagementFilter  : Request requested invalid session id C3132C7D781D12E2E9BC4D7B561C7A00
2025-07-08T10:14:56.776+08:00 DEBUG 99473 --- [MyWebProject] [http-nio-8080-exec-2] o.s.security.web.FilterChainProxy        : Secured GET /store/all
2025-07-08T10:14:56.792+08:00 DEBUG 99473 --- [MyWebProject] [http-nio-8080-exec-3] o.s.security.web.FilterChainProxy        : Securing GET /userinfo
2025-07-08T10:14:56.792+08:00 DEBUG 99473 --- [MyWebProject] [http-nio-8080-exec-5] o.s.security.web.FilterChainProxy        : Securing GET /check-login
2025-07-08T10:14:56.796+08:00 DEBUG 99473 --- [MyWebProject] [http-nio-8080-exec-3] o.s.security.web.FilterChainProxy        : Secured GET /userinfo
2025-07-08T10:14:56.796+08:00 DEBUG 99473 --- [MyWebProject] [http-nio-8080-exec-5] .s.ChangeSessionIdAuthenticationStrategy : Changed session id from F72E74065AD6E62161D734F063D573A6
2025-07-08T10:14:56.796+08:00 DEBUG 99473 --- [MyWebProject] [http-nio-8080-exec-5] o.s.security.web.FilterChainProxy        : Secured GET /check-login
2025-07-08T10:14:56.801+08:00 DEBUG 99473 --- [MyWebProject] [http-nio-8080-exec-5] o.s.security.web.FilterChainProxy        : Securing GET /chatrooms?userId=4
2025-07-08T10:14:56.804+08:00 DEBUG 99473 --- [MyWebProject] [http-nio-8080-exec-5] o.s.security.web.FilterChainProxy        : Secured GET /chatrooms?userId=4
2025-07-08T10:14:56.809+08:00 DEBUG 99473 --- [MyWebProject] [http-nio-8080-exec-6] o.s.security.web.FilterChainProxy        : Securing GET /userinfo
2025-07-08T10:14:56.813+08:00 DEBUG 99473 --- [MyWebProject] [http-nio-8080-exec-6] o.s.security.web.FilterChainProxy        : Secured GET /userinfo
2025-07-08T10:14:56.825+08:00 DEBUG 99473 --- [MyWebProject] [http-nio-8080-exec-9] o.s.security.web.FilterChainProxy        : Securing GET /chatrooms?userId=4
2025-07-08T10:14:56.829+08:00 DEBUG 99473 --- [MyWebProject] [http-nio-8080-exec-9] o.s.security.web.FilterChainProxy        : Secured GET /chatrooms?userId=4
2025-07-08T10:14:56.841+08:00 DEBUG 99473 --- [MyWebProject] [http-nio-8080-exec-7] o.s.security.web.FilterChainProxy        : Secured GET /orders/store
2025-07-08T10:14:56.856+08:00 DEBUG 99473 --- [MyWebProject] [http-nio-8080-exec-1] o.s.security.web.FilterChainProxy        : Securing GET /orders/store
2025-07-08T10:14:56.862+08:00 DEBUG 99473 --- [MyWebProject] [http-nio-8080-exec-1] o.s.security.web.FilterChainProxy        : Secured GET /orders/store
2025-07-08T10:14:56.865+08:00 DEBUG 99473 --- [MyWebProject] [http-nio-8080-exec-8] o.s.security.web.FilterChainProxy        : Securing GET /chatrooms?userId=4
2025-07-08T10:14:56.871+08:00 DEBUG 99473 --- [MyWebProject] [http-nio-8080-exec-8] .s.ChangeSessionIdAuthenticationStrategy : Changed session id from 09CDDE3338B9ADE5D8E9B6DBADE064A6
2025-07-08T10:14:56.874+08:00 DEBUG 99473 --- [MyWebProject] [http-nio-8080-exec-8] o.s.security.web.FilterChainProxy        : Secured GET /chatrooms?userId=4
2025-07-08T10:14:57.274+08:00 DEBUG 99473 --- [MyWebProject] [http-nio-8080-exec-11] o.s.security.web.FilterChainProxy        : Securing GET /orders/user
2025-07-08T10:14:57.284+08:00 DEBUG 99473 --- [MyWebProject] [http-nio-8080-exec-11] o.s.security.web.FilterChainProxy        : Secured GET /orders/user
2025-07-08T10:14:57.641+08:00 DEBUG 99473 --- [MyWebProject] [http-nio-8080-exec-3] o.s.security.web.FilterChainProxy        : Securing GET /userlist
2025-07-08T10:14:57.650+08:00 DEBUG 99473 --- [MyWebProject] [http-nio-8080-exec-3] o.s.security.web.FilterChainProxy        : Secured GET /userlist
2025-07-08T10:15:06.418+08:00 DEBUG 99473 --- [MyWebProject] [http-nio-8080-exec-5] o.s.security.web.FilterChainProxy        : Securing OPTIONS /orderitems/4
2025-07-08T10:15:06.426+08:00 DEBUG 99473 --- [MyWebProject] [http-nio-8080-exec-6] o.s.security.web.FilterChainProxy        : Securing GET /orderitems/4
2025-07-08T10:15:06.442+08:00 DEBUG 99473 --- [MyWebProject] [http-nio-8080-exec-6] .s.ChangeSessionIdAuthenticationStrategy : Changed session id from EE6E48F63368DF5050614551E3819AC1
2025-07-08T10:15:06.443+08:00 DEBUG 99473 --- [MyWebProject] [http-nio-8080-exec-6] o.s.security.web.FilterChainProxy        : Secured GET /orderitems/4
2025-07-08T10:15:08.894+08:00 DEBUG 99473 --- [MyWebProject] [http-nio-8080-exec-7] o.s.security.web.FilterChainProxy        : Securing OPTIONS /orderitems/1
2025-07-08T10:15:08.903+08:00 DEBUG 99473 --- [MyWebProject] [http-nio-8080-exec-2] o.s.security.web.FilterChainProxy        : Securing GET /orderitems/1
2025-07-08T10:15:08.937+08:00 DEBUG 99473 --- [MyWebProject] [http-nio-8080-exec-2] .s.ChangeSessionIdAuthenticationStrategy : Changed session id from 15E48B617CDE61DC7F1FD45F4A629B1C
2025-07-08T10:15:08.938+08:00 DEBUG 99473 --- [MyWebProject] [http-nio-8080-exec-2] o.s.security.web.FilterChainProxy        : Secured GET /orderitems/1
2025-07-08T10:15:10.985+08:00 DEBUG 99473 --- [MyWebProject] [http-nio-8080-exec-9] o.s.security.web.FilterChainProxy        : Securing OPTIONS /orderitems/2
2025-07-08T10:15:11.014+08:00 DEBUG 99473 --- [MyWebProject] [http-nio-8080-exec-1] o.s.security.web.FilterChainProxy        : Securing GET /orderitems/2
2025-07-08T10:15:11.021+08:00 DEBUG 99473 --- [MyWebProject] [http-nio-8080-exec-1] .s.ChangeSessionIdAuthenticationStrategy : Changed session id from 31CD7B6F646431253B7EC37E41EB3293
2025-07-08T10:15:11.022+08:00 DEBUG 99473 --- [MyWebProject] [http-nio-8080-exec-1] o.s.security.web.FilterChainProxy        : Secured GET /orderitems/2
2025-07-08T10:15:12.263+08:00 DEBUG 99473 --- [MyWebProject] [http-nio-8080-exec-8] o.s.security.web.FilterChainProxy        : Securing OPTIONS /orderitems/3
2025-07-08T10:15:12.267+08:00 DEBUG 99473 --- [MyWebProject] [http-nio-8080-exec-4] o.s.security.web.FilterChainProxy        : Securing GET /orderitems/3
2025-07-08T10:15:12.275+08:00 DEBUG 99473 --- [MyWebProject] [http-nio-8080-exec-4] .s.ChangeSessionIdAuthenticationStrategy : Changed session id from 67675C4048405CDD68CBFD46AE95DE05
2025-07-08T10:15:12.275+08:00 DEBUG 99473 --- [MyWebProject] [http-nio-8080-exec-4] o.s.security.web.FilterChainProxy        : Secured GET /orderitems/3
2025-07-08T10:15:18.212+08:00 DEBUG 99473 --- [MyWebProject] [http-nio-8080-exec-5] o.s.security.web.FilterChainProxy        : Securing GET /userinfo
2025-07-08T10:15:18.212+08:00 DEBUG 99473 --- [MyWebProject] [http-nio-8080-exec-3] o.s.security.web.FilterChainProxy        : Securing GET /check-login
2025-07-08T10:15:18.212+08:00 DEBUG 99473 --- [MyWebProject] [http-nio-8080-exec-10] o.s.security.web.FilterChainProxy        : Securing GET /products
2025-07-08T10:15:18.215+08:00 DEBUG 99473 --- [MyWebProject] [http-nio-8080-exec-11] o.s.security.web.FilterChainProxy        : Securing GET /chatrooms?userId=4
2025-07-08T10:15:18.217+08:00 DEBUG 99473 --- [MyWebProject] [http-nio-8080-exec-10] o.s.s.w.a.AnonymousAuthenticationFilter  : Set SecurityContextHolder to anonymous SecurityContext
2025-07-08T10:15:18.217+08:00 DEBUG 99473 --- [MyWebProject] [http-nio-8080-exec-10] o.s.security.web.FilterChainProxy        : Secured GET /products
2025-07-08T10:15:18.222+08:00 DEBUG 99473 --- [MyWebProject] [http-nio-8080-exec-5] .s.ChangeSessionIdAuthenticationStrategy : Changed session id from 8F1EDF205D900963F5B3AE741C47FF55
2025-07-08T10:15:18.226+08:00 DEBUG 99473 --- [MyWebProject] [http-nio-8080-exec-5] o.s.security.web.FilterChainProxy        : Secured GET /userinfo
2025-07-08T10:15:18.227+08:00 DEBUG 99473 --- [MyWebProject] [http-nio-8080-exec-3] o.s.security.web.FilterChainProxy        : Secured GET /check-login
2025-07-08T10:15:18.229+08:00 DEBUG 99473 --- [MyWebProject] [http-nio-8080-exec-11] o.s.security.web.FilterChainProxy        : Secured GET /chatrooms?userId=4
2025-07-08T10:15:18.269+08:00 DEBUG 99473 --- [MyWebProject] [http-nio-8080-exec-6] o.s.security.web.FilterChainProxy        : Securing GET /check-login
2025-07-08T10:15:18.284+08:00 DEBUG 99473 --- [MyWebProject] [http-nio-8080-exec-6] o.s.security.web.FilterChainProxy        : Secured GET /check-login
2025-07-08T10:15:18.299+08:00 DEBUG 99473 --- [MyWebProject] [http-nio-8080-exec-2] o.s.security.web.FilterChainProxy        : Securing GET /check-login
2025-07-08T10:15:18.299+08:00 DEBUG 99473 --- [MyWebProject] [http-nio-8080-exec-7] o.s.security.web.FilterChainProxy        : Securing GET /userinfo
2025-07-08T10:15:18.303+08:00 DEBUG 99473 --- [MyWebProject] [http-nio-8080-exec-2] o.s.security.web.FilterChainProxy        : Secured GET /check-login
2025-07-08T10:15:18.308+08:00 DEBUG 99473 --- [MyWebProject] [http-nio-8080-exec-7] o.s.security.web.FilterChainProxy        : Secured GET /userinfo
2025-07-08T10:15:18.319+08:00 DEBUG 99473 --- [MyWebProject] [http-nio-8080-exec-9] o.s.security.web.FilterChainProxy        : Securing GET /chatrooms?userId=4
2025-07-08T10:15:18.344+08:00 DEBUG 99473 --- [MyWebProject] [http-nio-8080-exec-9] o.s.security.web.FilterChainProxy        : Secured GET /chatrooms?userId=4
2025-07-08T10:15:18.367+08:00 DEBUG 99473 --- [MyWebProject] [http-nio-8080-exec-1] o.s.security.web.FilterChainProxy        : Securing GET /userinfo
2025-07-08T10:15:18.377+08:00 DEBUG 99473 --- [MyWebProject] [http-nio-8080-exec-1] o.s.security.web.FilterChainProxy        : Secured GET /userinfo
2025-07-08T10:15:18.392+08:00 DEBUG 99473 --- [MyWebProject] [http-nio-8080-exec-8] o.s.security.web.FilterChainProxy        : Securing GET /products
2025-07-08T10:15:18.394+08:00 DEBUG 99473 --- [MyWebProject] [http-nio-8080-exec-8] o.s.s.w.a.AnonymousAuthenticationFilter  : Set SecurityContextHolder to anonymous SecurityContext
2025-07-08T10:15:18.397+08:00 DEBUG 99473 --- [MyWebProject] [http-nio-8080-exec-8] o.s.s.w.session.SessionManagementFilter  : Request requested invalid session id 8F1EDF205D900963F5B3AE741C47FF55
2025-07-08T10:15:18.397+08:00 DEBUG 99473 --- [MyWebProject] [http-nio-8080-exec-8] o.s.security.web.FilterChainProxy        : Secured GET /products
2025-07-08T10:15:18.425+08:00 DEBUG 99473 --- [MyWebProject] [http-nio-8080-exec-4] o.s.security.web.FilterChainProxy        : Securing GET /chatrooms?userId=4
2025-07-08T10:15:18.431+08:00 DEBUG 99473 --- [MyWebProject] [http-nio-8080-exec-4] o.s.security.web.FilterChainProxy        : Secured GET /chatrooms?userId=4
2025-07-08T10:15:18.451+08:00 DEBUG 99473 --- [MyWebProject] [http-nio-8080-exec-3] o.s.security.web.FilterChainProxy        : Securing GET /chatrooms?userId=4
2025-07-08T10:15:18.456+08:00 DEBUG 99473 --- [MyWebProject] [http-nio-8080-exec-3] .s.ChangeSessionIdAuthenticationStrategy : Changed session id from 6FE7972D6D50B42B9C28AAED485DA1C1
2025-07-08T10:15:18.464+08:00 DEBUG 99473 --- [MyWebProject] [http-nio-8080-exec-3] o.s.security.web.FilterChainProxy        : Secured GET /chatrooms?userId=4
2025-07-08T10:15:19.351+08:00 DEBUG 99473 --- [MyWebProject] [http-nio-8080-exec-5] o.s.security.web.FilterChainProxy        : Securing OPTIONS /chat/room?buyerId=4&storeId=1
2025-07-08T10:15:19.388+08:00 DEBUG 99473 --- [MyWebProject] [http-nio-8080-exec-6] o.s.security.web.FilterChainProxy        : Securing GET /chat/room?buyerId=4&storeId=1
2025-07-08T10:15:19.400+08:00 DEBUG 99473 --- [MyWebProject] [http-nio-8080-exec-6] .s.ChangeSessionIdAuthenticationStrategy : Changed session id from F0C929B5D7D793E547C9457191FA4C8B
2025-07-08T10:15:19.400+08:00 DEBUG 99473 --- [MyWebProject] [http-nio-8080-exec-6] o.s.security.web.FilterChainProxy        : Secured GET /chat/room?buyerId=4&storeId=1
2025-07-08T10:15:19.451+08:00 DEBUG 99473 --- [MyWebProject] [http-nio-8080-exec-2] o.s.security.web.FilterChainProxy        : Securing GET /chat/1
2025-07-08T10:15:19.453+08:00 DEBUG 99473 --- [MyWebProject] [http-nio-8080-exec-2] o.s.s.w.a.AnonymousAuthenticationFilter  : Set SecurityContextHolder to anonymous SecurityContext
2025-07-08T10:15:19.454+08:00 DEBUG 99473 --- [MyWebProject] [http-nio-8080-exec-2] o.s.security.web.FilterChainProxy        : Secured GET /chat/1
2025-07-08T10:15:19.532+08:00 DEBUG 99473 --- [MyWebProject] [http-nio-8080-exec-11] o.s.security.web.FilterChainProxy        : Securing GET /chat-websocket/info?t=1751940919523
2025-07-08T10:15:19.534+08:00 DEBUG 99473 --- [MyWebProject] [http-nio-8080-exec-11] o.s.s.w.a.AnonymousAuthenticationFilter  : Set SecurityContextHolder to anonymous SecurityContext
2025-07-08T10:15:19.535+08:00 DEBUG 99473 --- [MyWebProject] [http-nio-8080-exec-11] o.s.security.web.FilterChainProxy        : Secured GET /chat-websocket/info?t=1751940919523
2025-07-08T10:15:19.556+08:00 DEBUG 99473 --- [MyWebProject] [http-nio-8080-exec-7] o.s.security.web.FilterChainProxy        : Securing GET /chat-websocket/385/g12vom1o/websocket
2025-07-08T10:15:19.558+08:00 DEBUG 99473 --- [MyWebProject] [http-nio-8080-exec-7] o.s.s.w.a.AnonymousAuthenticationFilter  : Set SecurityContextHolder to anonymous SecurityContext
2025-07-08T10:15:19.560+08:00 DEBUG 99473 --- [MyWebProject] [http-nio-8080-exec-7] o.s.security.web.FilterChainProxy        : Secured GET /chat-websocket/385/g12vom1o/websocket
2025-07-08T10:15:21.025+08:00 DEBUG 99473 --- [MyWebProject] [http-nio-8080-exec-8] o.s.security.web.FilterChainProxy        : Securing GET /check-login
2025-07-08T10:15:21.026+08:00 DEBUG 99473 --- [MyWebProject] [http-nio-8080-exec-4] o.s.security.web.FilterChainProxy        : Securing GET /userinfo
2025-07-08T10:15:21.031+08:00 DEBUG 99473 --- [MyWebProject] [http-nio-8080-exec-5] o.s.security.web.FilterChainProxy        : Securing GET /categories
2025-07-08T10:15:21.031+08:00 DEBUG 99473 --- [MyWebProject] [http-nio-8080-exec-5] o.s.s.w.a.AnonymousAuthenticationFilter  : Set SecurityContextHolder to anonymous SecurityContext
2025-07-08T10:15:21.032+08:00 DEBUG 99473 --- [MyWebProject] [http-nio-8080-exec-5] o.s.security.web.FilterChainProxy        : Secured GET /categories
2025-07-08T10:15:21.032+08:00 DEBUG 99473 --- [MyWebProject] [http-nio-8080-exec-3] o.s.security.web.FilterChainProxy        : Securing GET /products
2025-07-08T10:15:21.034+08:00 DEBUG 99473 --- [MyWebProject] [http-nio-8080-exec-4] .s.ChangeSessionIdAuthenticationStrategy : Changed session id from BDBE55EB2F1AE0FFFBBD91682ECE5905
2025-07-08T10:15:21.035+08:00 DEBUG 99473 --- [MyWebProject] [http-nio-8080-exec-8] o.s.security.web.FilterChainProxy        : Secured GET /check-login
2025-07-08T10:15:21.034+08:00 DEBUG 99473 --- [MyWebProject] [http-nio-8080-exec-6] o.s.security.web.FilterChainProxy        : Securing GET /chatrooms?userId=4
2025-07-08T10:15:21.035+08:00 DEBUG 99473 --- [MyWebProject] [http-nio-8080-exec-3] o.s.s.w.a.AnonymousAuthenticationFilter  : Set SecurityContextHolder to anonymous SecurityContext
2025-07-08T10:15:21.036+08:00 DEBUG 99473 --- [MyWebProject] [http-nio-8080-exec-4] o.s.security.web.FilterChainProxy        : Secured GET /userinfo
2025-07-08T10:15:21.039+08:00 DEBUG 99473 --- [MyWebProject] [http-nio-8080-exec-6] o.s.security.web.FilterChainProxy        : Secured GET /chatrooms?userId=4
2025-07-08T10:15:21.036+08:00 DEBUG 99473 --- [MyWebProject] [http-nio-8080-exec-3] o.s.s.w.session.SessionManagementFilter  : Request requested invalid session id BDBE55EB2F1AE0FFFBBD91682ECE5905
2025-07-08T10:15:21.041+08:00 DEBUG 99473 --- [MyWebProject] [http-nio-8080-exec-3] o.s.security.web.FilterChainProxy        : Secured GET /products
2025-07-08T10:15:21.046+08:00 DEBUG 99473 --- [MyWebProject] [http-nio-8080-exec-2] o.s.security.web.FilterChainProxy        : Securing GET /check-login
2025-07-08T10:15:21.052+08:00 DEBUG 99473 --- [MyWebProject] [http-nio-8080-exec-2] o.s.security.web.FilterChainProxy        : Secured GET /check-login
2025-07-08T10:15:21.084+08:00 DEBUG 99473 --- [MyWebProject] [http-nio-8080-exec-11] o.s.security.web.FilterChainProxy        : Securing GET /userinfo
2025-07-08T10:15:21.090+08:00 DEBUG 99473 --- [MyWebProject] [http-nio-8080-exec-7] o.s.security.web.FilterChainProxy        : Securing GET /categories
2025-07-08T10:15:21.092+08:00 DEBUG 99473 --- [MyWebProject] [http-nio-8080-exec-11] o.s.security.web.FilterChainProxy        : Secured GET /userinfo
2025-07-08T10:15:21.092+08:00 DEBUG 99473 --- [MyWebProject] [http-nio-8080-exec-7] o.s.s.w.a.AnonymousAuthenticationFilter  : Set SecurityContextHolder to anonymous SecurityContext
2025-07-08T10:15:21.092+08:00 DEBUG 99473 --- [MyWebProject] [http-nio-8080-exec-7] o.s.security.web.FilterChainProxy        : Secured GET /categories
2025-07-08T10:15:21.105+08:00 DEBUG 99473 --- [MyWebProject] [http-nio-8080-exec-9] o.s.security.web.FilterChainProxy        : Securing GET /chatrooms?userId=4
2025-07-08T10:15:21.106+08:00 DEBUG 99473 --- [MyWebProject] [http-nio-8080-exec-1] o.s.security.web.FilterChainProxy        : Securing GET /products
2025-07-08T10:15:21.107+08:00 DEBUG 99473 --- [MyWebProject] [http-nio-8080-exec-1] o.s.s.w.a.AnonymousAuthenticationFilter  : Set SecurityContextHolder to anonymous SecurityContext
2025-07-08T10:15:21.109+08:00 DEBUG 99473 --- [MyWebProject] [http-nio-8080-exec-1] o.s.security.web.FilterChainProxy        : Secured GET /products
2025-07-08T10:15:21.115+08:00 DEBUG 99473 --- [MyWebProject] [http-nio-8080-exec-9] o.s.security.web.FilterChainProxy        : Secured GET /chatrooms?userId=4
2025-07-08T10:15:21.238+08:00 DEBUG 99473 --- [MyWebProject] [http-nio-8080-exec-4] o.s.security.web.FilterChainProxy        : Securing GET /store/all
2025-07-08T10:15:21.238+08:00 DEBUG 99473 --- [MyWebProject] [http-nio-8080-exec-8] o.s.security.web.FilterChainProxy        : Securing GET /chatrooms?userId=4
2025-07-08T10:15:21.238+08:00 DEBUG 99473 --- [MyWebProject] [http-nio-8080-exec-10] o.s.security.web.FilterChainProxy        : Securing GET /check-login
2025-07-08T10:15:21.238+08:00 DEBUG 99473 --- [MyWebProject] [http-nio-8080-exec-4] o.s.s.w.a.AnonymousAuthenticationFilter  : Set SecurityContextHolder to anonymous SecurityContext
2025-07-08T10:15:21.238+08:00 DEBUG 99473 --- [MyWebProject] [http-nio-8080-exec-2] o.s.security.web.FilterChainProxy        : Securing GET /userinfo
2025-07-08T10:15:21.238+08:00 DEBUG 99473 --- [MyWebProject] [http-nio-8080-exec-4] o.s.security.web.FilterChainProxy        : Secured GET /store/all
2025-07-08T10:15:21.242+08:00 DEBUG 99473 --- [MyWebProject] [http-nio-8080-exec-8] .s.ChangeSessionIdAuthenticationStrategy : Changed session id from 39B90FBDFAC7FB9AB376C5C9D4B63B11
2025-07-08T10:15:21.242+08:00 DEBUG 99473 --- [MyWebProject] [http-nio-8080-exec-10] o.s.security.web.FilterChainProxy        : Secured GET /check-login
2025-07-08T10:15:21.242+08:00 DEBUG 99473 --- [MyWebProject] [http-nio-8080-exec-8] o.s.security.web.FilterChainProxy        : Secured GET /chatrooms?userId=4
2025-07-08T10:15:21.243+08:00 DEBUG 99473 --- [MyWebProject] [http-nio-8080-exec-2] o.s.security.web.FilterChainProxy        : Secured GET /userinfo
2025-07-08T10:15:21.256+08:00 DEBUG 99473 --- [MyWebProject] [http-nio-8080-exec-2] o.s.security.web.FilterChainProxy        : Securing GET /store/all
2025-07-08T10:15:21.260+08:00 DEBUG 99473 --- [MyWebProject] [http-nio-8080-exec-2] o.s.s.w.a.AnonymousAuthenticationFilter  : Set SecurityContextHolder to anonymous SecurityContext
2025-07-08T10:15:21.260+08:00 DEBUG 99473 --- [MyWebProject] [http-nio-8080-exec-2] o.s.s.w.session.SessionManagementFilter  : Request requested invalid session id 39B90FBDFAC7FB9AB376C5C9D4B63B11
2025-07-08T10:15:21.260+08:00 DEBUG 99473 --- [MyWebProject] [http-nio-8080-exec-2] o.s.security.web.FilterChainProxy        : Secured GET /store/all
2025-07-08T10:15:21.366+08:00 DEBUG 99473 --- [MyWebProject] [http-nio-8080-exec-3] o.s.security.web.FilterChainProxy        : Securing GET /uploads/products/2_1751872983771_0.jpg
2025-07-08T10:15:21.366+08:00 DEBUG 99473 --- [MyWebProject] [http-nio-8080-exec-3] o.s.s.w.a.AnonymousAuthenticationFilter  : Set SecurityContextHolder to anonymous SecurityContext
2025-07-08T10:15:21.367+08:00 DEBUG 99473 --- [MyWebProject] [http-nio-8080-exec-3] o.s.security.web.FilterChainProxy        : Secured GET /uploads/products/2_1751872983771_0.jpg
2025-07-08T10:15:21.402+08:00 DEBUG 99473 --- [MyWebProject] [http-nio-8080-exec-6] o.s.security.web.FilterChainProxy        : Securing GET /chatrooms?userId=4
2025-07-08T10:15:21.408+08:00 DEBUG 99473 --- [MyWebProject] [http-nio-8080-exec-6] .s.ChangeSessionIdAuthenticationStrategy : Changed session id from 6C04F01D03642B54D4AC85F68BACD67F
2025-07-08T10:15:21.409+08:00 DEBUG 99473 --- [MyWebProject] [http-nio-8080-exec-6] o.s.security.web.FilterChainProxy        : Secured GET /chatrooms?userId=4
2025-07-08T10:15:28.460+08:00 DEBUG 99473 --- [MyWebProject] [http-nio-8080-exec-7] o.s.security.web.FilterChainProxy        : Securing OPTIONS /product/view/2
2025-07-08T10:15:28.461+08:00 DEBUG 99473 --- [MyWebProject] [http-nio-8080-exec-11] o.s.security.web.FilterChainProxy        : Securing OPTIONS /product/view/2
2025-07-08T10:15:28.467+08:00 DEBUG 99473 --- [MyWebProject] [http-nio-8080-exec-10] o.s.security.web.FilterChainProxy        : Securing GET /product/2
2025-07-08T10:15:28.465+08:00 DEBUG 99473 --- [MyWebProject] [http-nio-8080-exec-1] o.s.security.web.FilterChainProxy        : Securing GET /store/all
2025-07-08T10:15:28.461+08:00 DEBUG 99473 --- [MyWebProject] [http-nio-8080-exec-9] o.s.security.web.FilterChainProxy        : Securing GET /twd-jpy
2025-07-08T10:15:28.470+08:00 DEBUG 99473 --- [MyWebProject] [http-nio-8080-exec-1] o.s.s.w.a.AnonymousAuthenticationFilter  : Set SecurityContextHolder to anonymous SecurityContext
2025-07-08T10:15:28.472+08:00 DEBUG 99473 --- [MyWebProject] [http-nio-8080-exec-1] o.s.security.web.FilterChainProxy        : Secured GET /store/all
2025-07-08T10:15:28.471+08:00 DEBUG 99473 --- [MyWebProject] [http-nio-8080-exec-10] o.s.s.w.a.AnonymousAuthenticationFilter  : Set SecurityContextHolder to anonymous SecurityContext
2025-07-08T10:15:28.476+08:00 DEBUG 99473 --- [MyWebProject] [http-nio-8080-exec-5] o.s.security.web.FilterChainProxy        : Securing PUT /product/view/2
2025-07-08T10:15:28.476+08:00 DEBUG 99473 --- [MyWebProject] [http-nio-8080-exec-10] o.s.security.web.FilterChainProxy        : Secured GET /product/2
2025-07-08T10:15:28.477+08:00 DEBUG 99473 --- [MyWebProject] [http-nio-8080-exec-5] o.s.s.w.a.AnonymousAuthenticationFilter  : Set SecurityContextHolder to anonymous SecurityContext
2025-07-08T10:15:28.477+08:00 DEBUG 99473 --- [MyWebProject] [http-nio-8080-exec-5] o.s.security.web.FilterChainProxy        : Secured PUT /product/view/2
2025-07-08T10:15:28.473+08:00 DEBUG 99473 --- [MyWebProject] [http-nio-8080-exec-9] o.s.s.w.a.AnonymousAuthenticationFilter  : Set SecurityContextHolder to anonymous SecurityContext
2025-07-08T10:15:28.480+08:00 DEBUG 99473 --- [MyWebProject] [http-nio-8080-exec-9] o.s.security.web.FilterChainProxy        : Secured GET /twd-jpy
2025-07-08T10:15:28.475+08:00 DEBUG 99473 --- [MyWebProject] [http-nio-8080-exec-4] o.s.security.web.FilterChainProxy        : Securing PUT /product/view/2
2025-07-08T10:15:28.482+08:00 DEBUG 99473 --- [MyWebProject] [http-nio-8080-exec-4] o.s.s.w.a.AnonymousAuthenticationFilter  : Set SecurityContextHolder to anonymous SecurityContext
2025-07-08T10:15:28.482+08:00 DEBUG 99473 --- [MyWebProject] [http-nio-8080-exec-4] o.s.security.web.FilterChainProxy        : Secured PUT /product/view/2
2025-07-08T10:15:28.516+08:00 DEBUG 99473 --- [MyWebProject] [http-nio-8080-exec-1] o.s.security.web.FilterChainProxy        : Securing GET /product/2
2025-07-08T10:15:28.517+08:00 DEBUG 99473 --- [MyWebProject] [http-nio-8080-exec-1] o.s.s.w.a.AnonymousAuthenticationFilter  : Set SecurityContextHolder to anonymous SecurityContext
2025-07-08T10:15:28.518+08:00 DEBUG 99473 --- [MyWebProject] [http-nio-8080-exec-1] o.s.security.web.FilterChainProxy        : Secured GET /product/2
2025-07-08T10:15:28.520+08:00 DEBUG 99473 --- [MyWebProject] [http-nio-8080-exec-2] o.s.security.web.FilterChainProxy        : Securing GET /store/all
2025-07-08T10:15:28.521+08:00 DEBUG 99473 --- [MyWebProject] [http-nio-8080-exec-2] o.s.s.w.a.AnonymousAuthenticationFilter  : Set SecurityContextHolder to anonymous SecurityContext
2025-07-08T10:15:28.521+08:00 DEBUG 99473 --- [MyWebProject] [http-nio-8080-exec-2] o.s.security.web.FilterChainProxy        : Secured GET /store/all
2025-07-08T10:15:28.552+08:00 DEBUG 99473 --- [MyWebProject] [http-nio-8080-exec-3] o.s.security.web.FilterChainProxy        : Securing GET /userinfo
2025-07-08T10:15:28.552+08:00 DEBUG 99473 --- [MyWebProject] [http-nio-8080-exec-6] o.s.security.web.FilterChainProxy        : Securing GET /check-login
2025-07-08T10:15:28.553+08:00 DEBUG 99473 --- [MyWebProject] [http-nio-8080-exec-7] o.s.security.web.FilterChainProxy        : Securing GET /uploads/products/2_1751872983771_0.jpg
2025-07-08T10:15:28.558+08:00 DEBUG 99473 --- [MyWebProject] [http-nio-8080-exec-7] o.s.s.w.a.AnonymousAuthenticationFilter  : Set SecurityContextHolder to anonymous SecurityContext
2025-07-08T10:15:28.558+08:00 DEBUG 99473 --- [MyWebProject] [http-nio-8080-exec-7] o.s.security.web.FilterChainProxy        : Secured GET /uploads/products/2_1751872983771_0.jpg
2025-07-08T10:15:28.603+08:00 DEBUG 99473 --- [MyWebProject] [http-nio-8080-exec-7] o.s.security.web.FilterChainProxy        : Securing GET /chatrooms?userId=4
2025-07-08T10:15:28.623+08:00 DEBUG 99473 --- [MyWebProject] [http-nio-8080-exec-3] .s.ChangeSessionIdAuthenticationStrategy : Changed session id from 7A03B6129A592EDC9147C9476423605C
2025-07-08T10:15:28.624+08:00 DEBUG 99473 --- [MyWebProject] [http-nio-8080-exec-3] o.s.security.web.FilterChainProxy        : Secured GET /userinfo
2025-07-08T10:15:28.659+08:00 DEBUG 99473 --- [MyWebProject] [http-nio-8080-exec-11] o.s.security.web.FilterChainProxy        : Securing GET /userinfo
2025-07-08T10:15:28.661+08:00 DEBUG 99473 --- [MyWebProject] [http-nio-8080-exec-6] o.s.security.web.FilterChainProxy        : Secured GET /check-login
2025-07-08T10:15:28.665+08:00 DEBUG 99473 --- [MyWebProject] [http-nio-8080-exec-11] o.s.security.web.FilterChainProxy        : Secured GET /userinfo
2025-07-08T10:15:28.665+08:00 DEBUG 99473 --- [MyWebProject] [http-nio-8080-exec-7] o.s.security.web.FilterChainProxy        : Secured GET /chatrooms?userId=4
2025-07-08T10:15:28.672+08:00 DEBUG 99473 --- [MyWebProject] [http-nio-8080-exec-6] o.s.security.web.FilterChainProxy        : Securing GET /check-login
2025-07-08T10:15:28.684+08:00 DEBUG 99473 --- [MyWebProject] [http-nio-8080-exec-6] o.s.security.web.FilterChainProxy        : Secured GET /check-login
2025-07-08T10:15:28.721+08:00 DEBUG 99473 --- [MyWebProject] [http-nio-8080-exec-8] o.s.security.web.FilterChainProxy        : Securing GET /chatrooms?userId=4
2025-07-08T10:15:28.730+08:00 DEBUG 99473 --- [MyWebProject] [http-nio-8080-exec-8] o.s.security.web.FilterChainProxy        : Secured GET /chatrooms?userId=4
2025-07-08T10:15:28.802+08:00 DEBUG 99473 --- [MyWebProject] [http-nio-8080-exec-4] o.s.security.web.FilterChainProxy        : Securing GET /chatrooms?userId=4
2025-07-08T10:15:28.802+08:00 DEBUG 99473 --- [MyWebProject] [http-nio-8080-exec-5] o.s.security.web.FilterChainProxy        : Securing GET /userinfo
2025-07-08T10:15:28.802+08:00 DEBUG 99473 --- [MyWebProject] [http-nio-8080-exec-3] o.s.security.web.FilterChainProxy        : Securing GET /check-login
2025-07-08T10:15:28.805+08:00 DEBUG 99473 --- [MyWebProject] [http-nio-8080-exec-5] .s.ChangeSessionIdAuthenticationStrategy : Changed session id from FF3650CEA5010A7C41B1E19C062F1965
2025-07-08T10:15:28.812+08:00 DEBUG 99473 --- [MyWebProject] [http-nio-8080-exec-5] o.s.security.web.FilterChainProxy        : Secured GET /userinfo
2025-07-08T10:15:28.813+08:00 DEBUG 99473 --- [MyWebProject] [http-nio-8080-exec-4] o.s.security.web.FilterChainProxy        : Secured GET /chatrooms?userId=4
2025-07-08T10:15:28.815+08:00 DEBUG 99473 --- [MyWebProject] [http-nio-8080-exec-3] o.s.security.web.FilterChainProxy        : Secured GET /check-login
2025-07-08T10:15:28.900+08:00 DEBUG 99473 --- [MyWebProject] [http-nio-8080-exec-2] o.s.security.web.FilterChainProxy        : Securing GET /chatrooms?userId=4
2025-07-08T10:15:28.915+08:00 DEBUG 99473 --- [MyWebProject] [http-nio-8080-exec-2] .s.ChangeSessionIdAuthenticationStrategy : Changed session id from 0BB69C9ECB5D99BFF450889D26725FAF
2025-07-08T10:15:28.916+08:00 DEBUG 99473 --- [MyWebProject] [http-nio-8080-exec-2] o.s.security.web.FilterChainProxy        : Secured GET /chatrooms?userId=4
2025-07-08T10:15:29.463+08:00 DEBUG 99473 --- [MyWebProject] [http-nio-8080-exec-10] o.s.security.web.FilterChainProxy        : Securing GET /twd-jpy
2025-07-08T10:15:29.464+08:00 DEBUG 99473 --- [MyWebProject] [http-nio-8080-exec-10] o.s.s.w.a.AnonymousAuthenticationFilter  : Set SecurityContextHolder to anonymous SecurityContext
2025-07-08T10:15:29.464+08:00 DEBUG 99473 --- [MyWebProject] [http-nio-8080-exec-10] o.s.s.w.session.SessionManagementFilter  : Request requested invalid session id 7A03B6129A592EDC9147C9476423605C
2025-07-08T10:15:29.467+08:00 DEBUG 99473 --- [MyWebProject] [http-nio-8080-exec-10] o.s.security.web.FilterChainProxy        : Secured GET /twd-jpy
2025-07-08T10:15:35.095+08:00 DEBUG 99473 --- [MyWebProject] [http-nio-8080-exec-11] o.s.security.web.FilterChainProxy        : Securing GET /check-login
2025-07-08T10:15:35.098+08:00 DEBUG 99473 --- [MyWebProject] [http-nio-8080-exec-6] o.s.security.web.FilterChainProxy        : Securing GET /userinfo
2025-07-08T10:15:35.100+08:00 DEBUG 99473 --- [MyWebProject] [http-nio-8080-exec-11] .s.ChangeSessionIdAuthenticationStrategy : Changed session id from 6AD2F70410C81C456011176842566BE6
2025-07-08T10:15:35.100+08:00 DEBUG 99473 --- [MyWebProject] [http-nio-8080-exec-7] o.s.security.web.FilterChainProxy        : Securing GET /chatrooms?userId=4
2025-07-08T10:15:35.102+08:00 DEBUG 99473 --- [MyWebProject] [http-nio-8080-exec-6] o.s.security.web.FilterChainProxy        : Secured GET /userinfo
2025-07-08T10:15:35.102+08:00 DEBUG 99473 --- [MyWebProject] [http-nio-8080-exec-11] o.s.security.web.FilterChainProxy        : Secured GET /check-login
2025-07-08T10:15:35.105+08:00 DEBUG 99473 --- [MyWebProject] [http-nio-8080-exec-7] o.s.security.web.FilterChainProxy        : Secured GET /chatrooms?userId=4
2025-07-08T10:15:35.106+08:00 DEBUG 99473 --- [MyWebProject] [http-nio-8080-exec-8] o.s.security.web.FilterChainProxy        : Securing GET /products
2025-07-08T10:15:35.107+08:00 DEBUG 99473 --- [MyWebProject] [http-nio-8080-exec-8] o.s.s.w.a.AnonymousAuthenticationFilter  : Set SecurityContextHolder to anonymous SecurityContext
2025-07-08T10:15:35.107+08:00 DEBUG 99473 --- [MyWebProject] [http-nio-8080-exec-8] o.s.s.w.session.SessionManagementFilter  : Request requested invalid session id 6AD2F70410C81C456011176842566BE6
2025-07-08T10:15:35.107+08:00 DEBUG 99473 --- [MyWebProject] [http-nio-8080-exec-8] o.s.security.web.FilterChainProxy        : Secured GET /products
2025-07-08T10:15:35.106+08:00 DEBUG 99473 --- [MyWebProject] [http-nio-8080-exec-1] o.s.security.web.FilterChainProxy        : Securing GET /categories
2025-07-08T10:15:35.110+08:00 DEBUG 99473 --- [MyWebProject] [http-nio-8080-exec-1] o.s.s.w.a.AnonymousAuthenticationFilter  : Set SecurityContextHolder to anonymous SecurityContext
2025-07-08T10:15:35.110+08:00 DEBUG 99473 --- [MyWebProject] [http-nio-8080-exec-1] o.s.s.w.session.SessionManagementFilter  : Request requested invalid session id 6AD2F70410C81C456011176842566BE6
2025-07-08T10:15:35.110+08:00 DEBUG 99473 --- [MyWebProject] [http-nio-8080-exec-1] o.s.security.web.FilterChainProxy        : Secured GET /categories
2025-07-08T10:15:35.112+08:00 DEBUG 99473 --- [MyWebProject] [http-nio-8080-exec-3] o.s.security.web.FilterChainProxy        : Securing GET /check-login
2025-07-08T10:15:35.115+08:00 DEBUG 99473 --- [MyWebProject] [http-nio-8080-exec-3] o.s.security.web.FilterChainProxy        : Secured GET /check-login
2025-07-08T10:15:35.131+08:00 DEBUG 99473 --- [MyWebProject] [http-nio-8080-exec-5] o.s.security.web.FilterChainProxy        : Securing GET /userinfo
2025-07-08T10:15:35.135+08:00 DEBUG 99473 --- [MyWebProject] [http-nio-8080-exec-5] o.s.security.web.FilterChainProxy        : Secured GET /userinfo
2025-07-08T10:15:35.141+08:00 DEBUG 99473 --- [MyWebProject] [http-nio-8080-exec-4] o.s.security.web.FilterChainProxy        : Securing GET /categories
2025-07-08T10:15:35.144+08:00 DEBUG 99473 --- [MyWebProject] [http-nio-8080-exec-4] o.s.s.w.a.AnonymousAuthenticationFilter  : Set SecurityContextHolder to anonymous SecurityContext
2025-07-08T10:15:35.154+08:00 DEBUG 99473 --- [MyWebProject] [http-nio-8080-exec-4] o.s.s.w.session.SessionManagementFilter  : Request requested invalid session id 6AD2F70410C81C456011176842566BE6
2025-07-08T10:15:35.154+08:00 DEBUG 99473 --- [MyWebProject] [http-nio-8080-exec-4] o.s.security.web.FilterChainProxy        : Secured GET /categories
2025-07-08T10:15:35.236+08:00 DEBUG 99473 --- [MyWebProject] [http-nio-8080-exec-2] o.s.security.web.FilterChainProxy        : Securing GET /products
2025-07-08T10:15:35.236+08:00 DEBUG 99473 --- [MyWebProject] [http-nio-8080-exec-2] o.s.s.w.a.AnonymousAuthenticationFilter  : Set SecurityContextHolder to anonymous SecurityContext
2025-07-08T10:15:35.237+08:00 DEBUG 99473 --- [MyWebProject] [http-nio-8080-exec-2] o.s.s.w.session.SessionManagementFilter  : Request requested invalid session id 6AD2F70410C81C456011176842566BE6
2025-07-08T10:15:35.237+08:00 DEBUG 99473 --- [MyWebProject] [http-nio-8080-exec-2] o.s.security.web.FilterChainProxy        : Secured GET /products
2025-07-08T10:15:35.240+08:00 DEBUG 99473 --- [MyWebProject] [http-nio-8080-exec-9] o.s.security.web.FilterChainProxy        : Securing GET /chatrooms?userId=4
2025-07-08T10:15:35.243+08:00 DEBUG 99473 --- [MyWebProject] [http-nio-8080-exec-9] o.s.security.web.FilterChainProxy        : Secured GET /chatrooms?userId=4
2025-07-08T10:15:35.278+08:00 DEBUG 99473 --- [MyWebProject] [http-nio-8080-exec-11] o.s.security.web.FilterChainProxy        : Securing GET /chatrooms?userId=4
2025-07-08T10:15:35.278+08:00 DEBUG 99473 --- [MyWebProject] [http-nio-8080-exec-10] o.s.security.web.FilterChainProxy        : Securing GET /userinfo
2025-07-08T10:15:35.281+08:00 DEBUG 99473 --- [MyWebProject] [http-nio-8080-exec-11] .s.ChangeSessionIdAuthenticationStrategy : Changed session id from 1D7394573A9834878C425B11CA2D00FA
2025-07-08T10:15:35.281+08:00 DEBUG 99473 --- [MyWebProject] [http-nio-8080-exec-11] o.s.security.web.FilterChainProxy        : Secured GET /chatrooms?userId=4
2025-07-08T10:15:35.284+08:00 DEBUG 99473 --- [MyWebProject] [http-nio-8080-exec-10] o.s.security.web.FilterChainProxy        : Secured GET /userinfo
2025-07-08T10:15:35.279+08:00 DEBUG 99473 --- [MyWebProject] [http-nio-8080-exec-3] o.s.security.web.FilterChainProxy        : Securing GET /check-login
2025-07-08T10:15:35.292+08:00 DEBUG 99473 --- [MyWebProject] [http-nio-8080-exec-3] o.s.security.web.FilterChainProxy        : Secured GET /check-login
2025-07-08T10:15:35.359+08:00 DEBUG 99473 --- [MyWebProject] [http-nio-8080-exec-6] o.s.security.web.FilterChainProxy        : Securing GET /uploads/products/2_1751872983771_0.jpg
2025-07-08T10:15:35.359+08:00 DEBUG 99473 --- [MyWebProject] [http-nio-8080-exec-6] o.s.s.w.a.AnonymousAuthenticationFilter  : Set SecurityContextHolder to anonymous SecurityContext
2025-07-08T10:15:35.359+08:00 DEBUG 99473 --- [MyWebProject] [http-nio-8080-exec-6] o.s.security.web.FilterChainProxy        : Secured GET /uploads/products/2_1751872983771_0.jpg
2025-07-08T10:15:35.378+08:00 DEBUG 99473 --- [MyWebProject] [http-nio-8080-exec-5] o.s.security.web.FilterChainProxy        : Securing GET /store/all
2025-07-08T10:15:35.379+08:00 DEBUG 99473 --- [MyWebProject] [http-nio-8080-exec-5] o.s.s.w.a.AnonymousAuthenticationFilter  : Set SecurityContextHolder to anonymous SecurityContext
2025-07-08T10:15:35.380+08:00 DEBUG 99473 --- [MyWebProject] [http-nio-8080-exec-5] o.s.security.web.FilterChainProxy        : Secured GET /store/all
2025-07-08T10:15:35.390+08:00 DEBUG 99473 --- [MyWebProject] [http-nio-8080-exec-1] o.s.security.web.FilterChainProxy        : Securing GET /chatrooms?userId=4
2025-07-08T10:15:35.395+08:00 DEBUG 99473 --- [MyWebProject] [http-nio-8080-exec-4] o.s.security.web.FilterChainProxy        : Securing GET /store/all
2025-07-08T10:15:35.397+08:00 DEBUG 99473 --- [MyWebProject] [http-nio-8080-exec-4] o.s.s.w.a.AnonymousAuthenticationFilter  : Set SecurityContextHolder to anonymous SecurityContext
2025-07-08T10:15:35.397+08:00 DEBUG 99473 --- [MyWebProject] [http-nio-8080-exec-4] o.s.s.w.session.SessionManagementFilter  : Request requested invalid session id 25F981CD93740DDCD344650B96142577
2025-07-08T10:15:35.397+08:00 DEBUG 99473 --- [MyWebProject] [http-nio-8080-exec-1] .s.ChangeSessionIdAuthenticationStrategy : Changed session id from 25F981CD93740DDCD344650B96142577
2025-07-08T10:15:35.397+08:00 DEBUG 99473 --- [MyWebProject] [http-nio-8080-exec-4] o.s.security.web.FilterChainProxy        : Secured GET /store/all
2025-07-08T10:15:35.398+08:00 DEBUG 99473 --- [MyWebProject] [http-nio-8080-exec-1] o.s.security.web.FilterChainProxy        : Secured GET /chatrooms?userId=4
2025-07-08T10:15:39.566+08:00 DEBUG 99473 --- [MyWebProject] [http-nio-8080-exec-8] o.s.security.web.FilterChainProxy        : Securing OPTIONS /logout
2025-07-08T10:15:39.570+08:00 DEBUG 99473 --- [MyWebProject] [http-nio-8080-exec-7] o.s.security.web.FilterChainProxy        : Securing GET /logout
2025-07-08T10:15:39.571+08:00 DEBUG 99473 --- [MyWebProject] [http-nio-8080-exec-7] o.s.s.w.a.logout.LogoutFilter            : Logging out [null]
2025-07-08T10:15:39.576+08:00 DEBUG 99473 --- [MyWebProject] [http-nio-8080-exec-7] o.s.s.web.DefaultRedirectStrategy        : Redirecting to /login?logout
2025-07-08T10:15:39.582+08:00 DEBUG 99473 --- [MyWebProject] [http-nio-8080-exec-2] o.s.security.web.FilterChainProxy        : Securing OPTIONS /login?logout
2025-07-08T10:15:39.589+08:00 DEBUG 99473 --- [MyWebProject] [http-nio-8080-exec-9] o.s.security.web.FilterChainProxy        : Securing GET /login?logout
2025-07-08T10:15:39.595+08:00 DEBUG 99473 --- [MyWebProject] [http-nio-8080-exec-9] o.s.security.web.FilterChainProxy        : Secured GET /login?logout
2025-07-08T10:15:39.610+08:00  WARN 99473 --- [MyWebProject] [http-nio-8080-exec-9] .w.s.m.s.DefaultHandlerExceptionResolver : Resolved [org.springframework.web.HttpRequestMethodNotSupportedException: Request method 'GET' is not supported]
2025-07-08T10:15:39.621+08:00 DEBUG 99473 --- [MyWebProject] [http-nio-8080-exec-9] o.s.security.web.FilterChainProxy        : Securing GET /error?logout
2025-07-08T10:15:39.622+08:00 DEBUG 99473 --- [MyWebProject] [http-nio-8080-exec-9] o.s.s.w.a.AnonymousAuthenticationFilter  : Set SecurityContextHolder to anonymous SecurityContext
2025-07-08T10:15:39.629+08:00 DEBUG 99473 --- [MyWebProject] [http-nio-8080-exec-9] o.s.s.w.a.Http403ForbiddenEntryPoint     : Pre-authenticated entry point called. Rejecting access
2025-07-08T10:15:40.892+08:00 DEBUG 99473 --- [MyWebProject] [http-nio-8080-exec-3] o.s.security.web.FilterChainProxy        : Securing GET /check-login
2025-07-08T10:15:40.892+08:00 DEBUG 99473 --- [MyWebProject] [http-nio-8080-exec-10] o.s.security.web.FilterChainProxy        : Securing GET /userinfo
2025-07-08T10:15:40.893+08:00 DEBUG 99473 --- [MyWebProject] [http-nio-8080-exec-3] o.s.s.w.a.AnonymousAuthenticationFilter  : Set SecurityContextHolder to anonymous SecurityContext
2025-07-08T10:15:40.893+08:00 DEBUG 99473 --- [MyWebProject] [http-nio-8080-exec-10] o.s.s.w.a.AnonymousAuthenticationFilter  : Set SecurityContextHolder to anonymous SecurityContext
2025-07-08T10:15:40.893+08:00 DEBUG 99473 --- [MyWebProject] [http-nio-8080-exec-3] o.s.s.w.a.Http403ForbiddenEntryPoint     : Pre-authenticated entry point called. Rejecting access
2025-07-08T10:15:40.893+08:00 DEBUG 99473 --- [MyWebProject] [http-nio-8080-exec-10] o.s.s.w.a.Http403ForbiddenEntryPoint     : Pre-authenticated entry point called. Rejecting access
2025-07-08T10:15:40.894+08:00 DEBUG 99473 --- [MyWebProject] [http-nio-8080-exec-10] o.s.security.web.FilterChainProxy        : Securing GET /error
2025-07-08T10:15:40.894+08:00 DEBUG 99473 --- [MyWebProject] [http-nio-8080-exec-10] o.s.s.w.a.AnonymousAuthenticationFilter  : Set SecurityContextHolder to anonymous SecurityContext
2025-07-08T10:15:40.896+08:00 DEBUG 99473 --- [MyWebProject] [http-nio-8080-exec-10] o.s.s.w.a.Http403ForbiddenEntryPoint     : Pre-authenticated entry point called. Rejecting access
2025-07-08T10:15:40.906+08:00 DEBUG 99473 --- [MyWebProject] [http-nio-8080-exec-3] o.s.security.web.FilterChainProxy        : Securing GET /error
2025-07-08T10:15:40.907+08:00 DEBUG 99473 --- [MyWebProject] [http-nio-8080-exec-3] o.s.s.w.a.AnonymousAuthenticationFilter  : Set SecurityContextHolder to anonymous SecurityContext
2025-07-08T10:15:40.907+08:00 DEBUG 99473 --- [MyWebProject] [http-nio-8080-exec-3] o.s.s.w.a.Http403ForbiddenEntryPoint     : Pre-authenticated entry point called. Rejecting access
2025-07-08T10:15:41.909+08:00 DEBUG 99473 --- [MyWebProject] [http-nio-8080-exec-11] o.s.security.web.FilterChainProxy        : Securing GET /check-login
2025-07-08T10:15:41.910+08:00 DEBUG 99473 --- [MyWebProject] [http-nio-8080-exec-11] o.s.s.w.a.AnonymousAuthenticationFilter  : Set SecurityContextHolder to anonymous SecurityContext
2025-07-08T10:15:41.910+08:00 DEBUG 99473 --- [MyWebProject] [http-nio-8080-exec-11] o.s.s.w.a.Http403ForbiddenEntryPoint     : Pre-authenticated entry point called. Rejecting access
2025-07-08T10:15:41.914+08:00 DEBUG 99473 --- [MyWebProject] [http-nio-8080-exec-11] o.s.security.web.FilterChainProxy        : Securing GET /error
2025-07-08T10:15:41.914+08:00 DEBUG 99473 --- [MyWebProject] [http-nio-8080-exec-11] o.s.s.w.a.AnonymousAuthenticationFilter  : Set SecurityContextHolder to anonymous SecurityContext
2025-07-08T10:15:41.914+08:00 DEBUG 99473 --- [MyWebProject] [http-nio-8080-exec-5] o.s.security.web.FilterChainProxy        : Securing GET /userinfo
2025-07-08T10:15:41.914+08:00 DEBUG 99473 --- [MyWebProject] [http-nio-8080-exec-11] o.s.s.w.a.Http403ForbiddenEntryPoint     : Pre-authenticated entry point called. Rejecting access
2025-07-08T10:15:41.915+08:00 DEBUG 99473 --- [MyWebProject] [http-nio-8080-exec-5] o.s.s.w.a.AnonymousAuthenticationFilter  : Set SecurityContextHolder to anonymous SecurityContext
2025-07-08T10:15:41.915+08:00 DEBUG 99473 --- [MyWebProject] [http-nio-8080-exec-5] o.s.s.w.a.Http403ForbiddenEntryPoint     : Pre-authenticated entry point called. Rejecting access
2025-07-08T10:15:41.918+08:00 DEBUG 99473 --- [MyWebProject] [http-nio-8080-exec-5] o.s.security.web.FilterChainProxy        : Securing GET /error
2025-07-08T10:15:41.918+08:00 DEBUG 99473 --- [MyWebProject] [http-nio-8080-exec-5] o.s.s.w.a.AnonymousAuthenticationFilter  : Set SecurityContextHolder to anonymous SecurityContext
2025-07-08T10:15:41.918+08:00 DEBUG 99473 --- [MyWebProject] [http-nio-8080-exec-6] o.s.security.web.FilterChainProxy        : Securing GET /captcha?1751940941888
2025-07-08T10:15:41.918+08:00 DEBUG 99473 --- [MyWebProject] [http-nio-8080-exec-5] o.s.s.w.a.Http403ForbiddenEntryPoint     : Pre-authenticated entry point called. Rejecting access
2025-07-08T10:15:41.918+08:00 DEBUG 99473 --- [MyWebProject] [http-nio-8080-exec-6] o.s.s.w.a.AnonymousAuthenticationFilter  : Set SecurityContextHolder to anonymous SecurityContext
2025-07-08T10:15:41.919+08:00 DEBUG 99473 --- [MyWebProject] [http-nio-8080-exec-6] o.s.s.w.a.Http403ForbiddenEntryPoint     : Pre-authenticated entry point called. Rejecting access
2025-07-08T10:15:41.922+08:00 DEBUG 99473 --- [MyWebProject] [http-nio-8080-exec-5] o.s.security.web.FilterChainProxy        : Securing GET /check-login
2025-07-08T10:15:41.924+08:00 DEBUG 99473 --- [MyWebProject] [http-nio-8080-exec-5] o.s.s.w.a.AnonymousAuthenticationFilter  : Set SecurityContextHolder to anonymous SecurityContext
2025-07-08T10:15:41.932+08:00 DEBUG 99473 --- [MyWebProject] [http-nio-8080-exec-5] o.s.s.w.a.Http403ForbiddenEntryPoint     : Pre-authenticated entry point called. Rejecting access
2025-07-08T10:15:41.934+08:00 DEBUG 99473 --- [MyWebProject] [http-nio-8080-exec-6] o.s.security.web.FilterChainProxy        : Securing GET /error?1751940941888
2025-07-08T10:15:41.935+08:00 DEBUG 99473 --- [MyWebProject] [http-nio-8080-exec-5] o.s.security.web.FilterChainProxy        : Securing GET /error
2025-07-08T10:15:41.936+08:00 DEBUG 99473 --- [MyWebProject] [http-nio-8080-exec-5] o.s.s.w.a.AnonymousAuthenticationFilter  : Set SecurityContextHolder to anonymous SecurityContext
2025-07-08T10:15:41.937+08:00 DEBUG 99473 --- [MyWebProject] [http-nio-8080-exec-5] o.s.s.w.a.Http403ForbiddenEntryPoint     : Pre-authenticated entry point called. Rejecting access
2025-07-08T10:15:41.938+08:00 DEBUG 99473 --- [MyWebProject] [http-nio-8080-exec-1] o.s.security.web.FilterChainProxy        : Securing GET /userinfo
2025-07-08T10:15:41.941+08:00 DEBUG 99473 --- [MyWebProject] [http-nio-8080-exec-1] o.s.s.w.a.AnonymousAuthenticationFilter  : Set SecurityContextHolder to anonymous SecurityContext
2025-07-08T10:15:41.942+08:00 DEBUG 99473 --- [MyWebProject] [http-nio-8080-exec-1] o.s.s.w.a.Http403ForbiddenEntryPoint     : Pre-authenticated entry point called. Rejecting access
2025-07-08T10:15:41.943+08:00 DEBUG 99473 --- [MyWebProject] [http-nio-8080-exec-1] o.s.security.web.FilterChainProxy        : Securing GET /error
2025-07-08T10:15:41.943+08:00 DEBUG 99473 --- [MyWebProject] [http-nio-8080-exec-6] o.s.s.w.a.AnonymousAuthenticationFilter  : Set SecurityContextHolder to anonymous SecurityContext
2025-07-08T10:15:41.943+08:00 DEBUG 99473 --- [MyWebProject] [http-nio-8080-exec-6] o.s.s.w.a.Http403ForbiddenEntryPoint     : Pre-authenticated entry point called. Rejecting access
2025-07-08T10:15:41.950+08:00 DEBUG 99473 --- [MyWebProject] [http-nio-8080-exec-1] o.s.s.w.a.AnonymousAuthenticationFilter  : Set SecurityContextHolder to anonymous SecurityContext
2025-07-08T10:15:41.951+08:00 DEBUG 99473 --- [MyWebProject] [http-nio-8080-exec-1] o.s.s.w.a.Http403ForbiddenEntryPoint     : Pre-authenticated entry point called. Rejecting access
2025-07-08T10:15:54.649+08:00 DEBUG 99473 --- [MyWebProject] [http-nio-8080-exec-8] o.s.security.web.FilterChainProxy        : Securing POST /login
2025-07-08T10:15:54.652+08:00 DEBUG 99473 --- [MyWebProject] [http-nio-8080-exec-8] o.s.s.w.a.AnonymousAuthenticationFilter  : Set SecurityContextHolder to anonymous SecurityContext
2025-07-08T10:15:54.652+08:00 DEBUG 99473 --- [MyWebProject] [http-nio-8080-exec-8] o.s.security.web.FilterChainProxy        : Secured POST /login
2025-07-08T10:15:54.672+08:00  INFO 99473 --- [MyWebProject] [http-nio-8080-exec-8] c.e.demo.controller.LoginRestController  : !!!!!!!!!! LOGIN API HAS BEEN CALLED !!!!!!!!!!
2025-07-08T10:15:54.804+08:00 DEBUG 99473 --- [MyWebProject] [http-nio-8080-exec-8] o.s.s.a.dao.DaoAuthenticationProvider    : Authenticated user
2025-07-08T10:15:56.181+08:00 DEBUG 99473 --- [MyWebProject] [http-nio-8080-exec-2] o.s.security.web.FilterChainProxy        : Securing GET /check-login
2025-07-08T10:15:56.185+08:00 DEBUG 99473 --- [MyWebProject] [http-nio-8080-exec-7] o.s.security.web.FilterChainProxy        : Securing GET /products
2025-07-08T10:15:56.186+08:00 DEBUG 99473 --- [MyWebProject] [http-nio-8080-exec-7] o.s.s.w.a.AnonymousAuthenticationFilter  : Set SecurityContextHolder to anonymous SecurityContext
2025-07-08T10:15:56.186+08:00 DEBUG 99473 --- [MyWebProject] [http-nio-8080-exec-7] o.s.security.web.FilterChainProxy        : Secured GET /products
2025-07-08T10:15:56.187+08:00 DEBUG 99473 --- [MyWebProject] [http-nio-8080-exec-9] o.s.security.web.FilterChainProxy        : Securing GET /userinfo
2025-07-08T10:15:56.189+08:00 DEBUG 99473 --- [MyWebProject] [http-nio-8080-exec-2] .s.ChangeSessionIdAuthenticationStrategy : Changed session id from 68782D5450BF168603E90078D8D863AB
2025-07-08T10:15:56.190+08:00 DEBUG 99473 --- [MyWebProject] [http-nio-8080-exec-2] o.s.security.web.FilterChainProxy        : Secured GET /check-login
2025-07-08T10:15:56.203+08:00 DEBUG 99473 --- [MyWebProject] [http-nio-8080-exec-9] o.s.security.web.FilterChainProxy        : Secured GET /userinfo
2025-07-08T10:15:56.215+08:00 DEBUG 99473 --- [MyWebProject] [http-nio-8080-exec-10] o.s.security.web.FilterChainProxy        : Securing GET /check-login
2025-07-08T10:15:56.221+08:00 DEBUG 99473 --- [MyWebProject] [http-nio-8080-exec-10] o.s.security.web.FilterChainProxy        : Secured GET /check-login
2025-07-08T10:15:56.243+08:00 DEBUG 99473 --- [MyWebProject] [http-nio-8080-exec-3] o.s.security.web.FilterChainProxy        : Securing GET /userinfo
2025-07-08T10:15:56.244+08:00 DEBUG 99473 --- [MyWebProject] [http-nio-8080-exec-3] o.s.security.web.FilterChainProxy        : Secured GET /userinfo
2025-07-08T10:15:56.250+08:00 DEBUG 99473 --- [MyWebProject] [http-nio-8080-exec-11] o.s.security.web.FilterChainProxy        : Securing GET /check-login
2025-07-08T10:15:56.252+08:00 DEBUG 99473 --- [MyWebProject] [http-nio-8080-exec-4] o.s.security.web.FilterChainProxy        : Securing OPTIONS /chatrooms?userId=3
2025-07-08T10:15:56.260+08:00 DEBUG 99473 --- [MyWebProject] [http-nio-8080-exec-11] .s.ChangeSessionIdAuthenticationStrategy : Changed session id from FE3F03E836DF8CF3179B36E25F3D61C1
2025-07-08T10:15:56.260+08:00 DEBUG 99473 --- [MyWebProject] [http-nio-8080-exec-5] o.s.security.web.FilterChainProxy        : Securing GET /chatrooms?userId=3
2025-07-08T10:15:56.261+08:00 DEBUG 99473 --- [MyWebProject] [http-nio-8080-exec-11] o.s.security.web.FilterChainProxy        : Secured GET /check-login
2025-07-08T10:15:56.267+08:00 DEBUG 99473 --- [MyWebProject] [http-nio-8080-exec-5] .s.ChangeSessionIdAuthenticationStrategy : Changed session id from 25DDFA4684FF348D077F32D825812929
2025-07-08T10:15:56.268+08:00 DEBUG 99473 --- [MyWebProject] [http-nio-8080-exec-5] o.s.security.web.FilterChainProxy        : Secured GET /chatrooms?userId=3
2025-07-08T10:15:56.297+08:00 DEBUG 99473 --- [MyWebProject] [http-nio-8080-exec-6] o.s.security.web.FilterChainProxy        : Securing GET /products
2025-07-08T10:15:56.297+08:00 DEBUG 99473 --- [MyWebProject] [http-nio-8080-exec-6] o.s.s.w.a.AnonymousAuthenticationFilter  : Set SecurityContextHolder to anonymous SecurityContext
2025-07-08T10:15:56.298+08:00 DEBUG 99473 --- [MyWebProject] [http-nio-8080-exec-6] o.s.s.w.session.SessionManagementFilter  : Request requested invalid session id 68782D5450BF168603E90078D8D863AB
2025-07-08T10:15:56.298+08:00 DEBUG 99473 --- [MyWebProject] [http-nio-8080-exec-6] o.s.security.web.FilterChainProxy        : Secured GET /products
2025-07-08T10:15:56.301+08:00 DEBUG 99473 --- [MyWebProject] [http-nio-8080-exec-1] o.s.security.web.FilterChainProxy        : Securing GET /check-login
2025-07-08T10:15:56.325+08:00 DEBUG 99473 --- [MyWebProject] [http-nio-8080-exec-1] o.s.security.web.FilterChainProxy        : Secured GET /check-login
2025-07-08T10:15:56.335+08:00 DEBUG 99473 --- [MyWebProject] [http-nio-8080-exec-8] o.s.security.web.FilterChainProxy        : Securing GET /store/all
2025-07-08T10:15:56.336+08:00 DEBUG 99473 --- [MyWebProject] [http-nio-8080-exec-8] o.s.s.w.a.AnonymousAuthenticationFilter  : Set SecurityContextHolder to anonymous SecurityContext
2025-07-08T10:15:56.336+08:00 DEBUG 99473 --- [MyWebProject] [http-nio-8080-exec-8] o.s.security.web.FilterChainProxy        : Secured GET /store/all
2025-07-08T10:15:56.352+08:00 DEBUG 99473 --- [MyWebProject] [http-nio-8080-exec-9] o.s.security.web.FilterChainProxy        : Securing GET /userinfo
2025-07-08T10:15:56.353+08:00 DEBUG 99473 --- [MyWebProject] [http-nio-8080-exec-1] o.s.security.web.FilterChainProxy        : Securing GET /uploads/products/2_1751872983771_0.jpg
2025-07-08T10:15:56.354+08:00 DEBUG 99473 --- [MyWebProject] [http-nio-8080-exec-1] o.s.s.w.a.AnonymousAuthenticationFilter  : Set SecurityContextHolder to anonymous SecurityContext
2025-07-08T10:15:56.354+08:00 DEBUG 99473 --- [MyWebProject] [http-nio-8080-exec-1] o.s.security.web.FilterChainProxy        : Secured GET /uploads/products/2_1751872983771_0.jpg
2025-07-08T10:15:56.363+08:00 DEBUG 99473 --- [MyWebProject] [http-nio-8080-exec-9] o.s.security.web.FilterChainProxy        : Secured GET /userinfo
2025-07-08T10:15:56.384+08:00 DEBUG 99473 --- [MyWebProject] [http-nio-8080-exec-10] o.s.security.web.FilterChainProxy        : Securing GET /userinfo
2025-07-08T10:15:56.390+08:00 DEBUG 99473 --- [MyWebProject] [http-nio-8080-exec-10] o.s.security.web.FilterChainProxy        : Secured GET /userinfo
2025-07-08T10:15:56.390+08:00 DEBUG 99473 --- [MyWebProject] [http-nio-8080-exec-4] o.s.security.web.FilterChainProxy        : Securing GET /store/all
2025-07-08T10:15:56.391+08:00 DEBUG 99473 --- [MyWebProject] [http-nio-8080-exec-4] o.s.s.w.a.AnonymousAuthenticationFilter  : Set SecurityContextHolder to anonymous SecurityContext
2025-07-08T10:15:56.391+08:00 DEBUG 99473 --- [MyWebProject] [http-nio-8080-exec-4] o.s.security.web.FilterChainProxy        : Secured GET /store/all
2025-07-08T10:15:56.398+08:00 DEBUG 99473 --- [MyWebProject] [http-nio-8080-exec-7] o.s.security.web.FilterChainProxy        : Securing GET /chatrooms?userId=3
2025-07-08T10:15:56.405+08:00 DEBUG 99473 --- [MyWebProject] [http-nio-8080-exec-7] .s.ChangeSessionIdAuthenticationStrategy : Changed session id from F90A38636BBB4439EEE8EF280AE73C29
2025-07-08T10:15:56.407+08:00 DEBUG 99473 --- [MyWebProject] [http-nio-8080-exec-7] o.s.security.web.FilterChainProxy        : Secured GET /chatrooms?userId=3
2025-07-08T10:15:57.432+08:00 DEBUG 99473 --- [MyWebProject] [http-nio-8080-exec-11] o.s.security.web.FilterChainProxy        : Securing GET /check-login
2025-07-08T10:15:57.437+08:00 DEBUG 99473 --- [MyWebProject] [http-nio-8080-exec-3] o.s.security.web.FilterChainProxy        : Securing OPTIONS /store/info
2025-07-08T10:15:57.437+08:00 DEBUG 99473 --- [MyWebProject] [http-nio-8080-exec-2] o.s.security.web.FilterChainProxy        : Securing GET /userinfo
2025-07-08T10:15:57.444+08:00 DEBUG 99473 --- [MyWebProject] [http-nio-8080-exec-3] o.s.security.web.FilterChainProxy        : Securing GET /chatrooms?userId=3
2025-07-08T10:15:57.450+08:00 DEBUG 99473 --- [MyWebProject] [http-nio-8080-exec-9] o.s.security.web.FilterChainProxy        : Securing GET /category/main
2025-07-08T10:15:57.452+08:00 DEBUG 99473 --- [MyWebProject] [http-nio-8080-exec-1] o.s.security.web.FilterChainProxy        : Securing OPTIONS /store/info
2025-07-08T10:15:57.454+08:00 DEBUG 99473 --- [MyWebProject] [http-nio-8080-exec-9] o.s.s.w.a.AnonymousAuthenticationFilter  : Set SecurityContextHolder to anonymous SecurityContext
2025-07-08T10:15:57.452+08:00 DEBUG 99473 --- [MyWebProject] [http-nio-8080-exec-6] o.s.security.web.FilterChainProxy        : Securing GET /store/info
2025-07-08T10:15:57.454+08:00 DEBUG 99473 --- [MyWebProject] [http-nio-8080-exec-9] o.s.security.web.FilterChainProxy        : Secured GET /category/main
2025-07-08T10:15:57.472+08:00 DEBUG 99473 --- [MyWebProject] [http-nio-8080-exec-3] .s.ChangeSessionIdAuthenticationStrategy : Changed session id from 84B06BBEF4B9FB0A255DCD0286A8E4A6
2025-07-08T10:15:57.475+08:00 DEBUG 99473 --- [MyWebProject] [http-nio-8080-exec-11] o.s.security.web.FilterChainProxy        : Secured GET /check-login
2025-07-08T10:15:57.477+08:00 DEBUG 99473 --- [MyWebProject] [http-nio-8080-exec-6] o.s.security.web.FilterChainProxy        : Secured GET /store/info
2025-07-08T10:15:57.475+08:00 DEBUG 99473 --- [MyWebProject] [http-nio-8080-exec-3] o.s.security.web.FilterChainProxy        : Secured GET /chatrooms?userId=3
2025-07-08T10:15:57.503+08:00 DEBUG 99473 --- [MyWebProject] [http-nio-8080-exec-7] o.s.security.web.FilterChainProxy        : Securing GET /check-login
2025-07-08T10:15:57.509+08:00 DEBUG 99473 --- [MyWebProject] [http-nio-8080-exec-2] o.s.security.web.FilterChainProxy        : Secured GET /userinfo
2025-07-08T10:15:57.514+08:00 DEBUG 99473 --- [MyWebProject] [http-nio-8080-exec-7] o.s.security.web.FilterChainProxy        : Secured GET /check-login
2025-07-08T10:15:57.526+08:00 DEBUG 99473 --- [MyWebProject] [http-nio-8080-exec-7] o.s.security.web.FilterChainProxy        : Securing GET /check-login
2025-07-08T10:15:57.560+08:00 DEBUG 99473 --- [MyWebProject] [http-nio-8080-exec-3] o.s.security.web.FilterChainProxy        : Securing GET /userinfo
2025-07-08T10:15:57.563+08:00 DEBUG 99473 --- [MyWebProject] [http-nio-8080-exec-9] o.s.security.web.FilterChainProxy        : Securing GET /chatrooms?userId=3
2025-07-08T10:15:57.567+08:00 DEBUG 99473 --- [MyWebProject] [http-nio-8080-exec-1] o.s.security.web.FilterChainProxy        : Securing GET /category/main
2025-07-08T10:15:57.569+08:00 DEBUG 99473 --- [MyWebProject] [http-nio-8080-exec-1] o.s.s.w.a.AnonymousAuthenticationFilter  : Set SecurityContextHolder to anonymous SecurityContext
2025-07-08T10:15:57.569+08:00 DEBUG 99473 --- [MyWebProject] [http-nio-8080-exec-1] o.s.s.w.session.SessionManagementFilter  : Request requested invalid session id 84B06BBEF4B9FB0A255DCD0286A8E4A6
2025-07-08T10:15:57.570+08:00 DEBUG 99473 --- [MyWebProject] [http-nio-8080-exec-1] o.s.security.web.FilterChainProxy        : Secured GET /category/main
2025-07-08T10:15:57.577+08:00 DEBUG 99473 --- [MyWebProject] [http-nio-8080-exec-9] o.s.security.web.FilterChainProxy        : Secured GET /chatrooms?userId=3
2025-07-08T10:15:57.624+08:00 DEBUG 99473 --- [MyWebProject] [http-nio-8080-exec-7] o.s.security.web.FilterChainProxy        : Secured GET /check-login
2025-07-08T10:15:57.674+08:00 DEBUG 99473 --- [MyWebProject] [http-nio-8080-exec-10] o.s.security.web.FilterChainProxy        : Securing GET /store/info
2025-07-08T10:15:57.674+08:00 DEBUG 99473 --- [MyWebProject] [http-nio-8080-exec-4] o.s.security.web.FilterChainProxy        : Securing GET /products/store/1
2025-07-08T10:15:57.677+08:00 DEBUG 99473 --- [MyWebProject] [http-nio-8080-exec-4] o.s.s.w.a.AnonymousAuthenticationFilter  : Set SecurityContextHolder to anonymous SecurityContext
2025-07-08T10:15:57.677+08:00 DEBUG 99473 --- [MyWebProject] [http-nio-8080-exec-4] o.s.security.web.FilterChainProxy        : Secured GET /products/store/1
2025-07-08T10:15:57.678+08:00 DEBUG 99473 --- [MyWebProject] [http-nio-8080-exec-10] o.s.security.web.FilterChainProxy        : Secured GET /store/info
2025-07-08T10:15:57.680+08:00 DEBUG 99473 --- [MyWebProject] [http-nio-8080-exec-3] o.s.security.web.FilterChainProxy        : Secured GET /userinfo
2025-07-08T10:15:57.723+08:00 DEBUG 99473 --- [MyWebProject] [http-nio-8080-exec-11] o.s.security.web.FilterChainProxy        : Securing GET /userinfo
2025-07-08T10:15:57.724+08:00 DEBUG 99473 --- [MyWebProject] [http-nio-8080-exec-8] o.s.security.web.FilterChainProxy        : Securing GET /chatrooms?userId=3
2025-07-08T10:15:57.731+08:00 DEBUG 99473 --- [MyWebProject] [http-nio-8080-exec-8] o.s.security.web.FilterChainProxy        : Secured GET /chatrooms?userId=3
2025-07-08T10:15:57.731+08:00 DEBUG 99473 --- [MyWebProject] [http-nio-8080-exec-11] o.s.security.web.FilterChainProxy        : Secured GET /userinfo
2025-07-08T10:15:57.748+08:00 DEBUG 99473 --- [MyWebProject] [http-nio-8080-exec-2] o.s.security.web.FilterChainProxy        : Securing GET /chatrooms?userId=3
2025-07-08T10:15:57.753+08:00 DEBUG 99473 --- [MyWebProject] [http-nio-8080-exec-2] .s.ChangeSessionIdAuthenticationStrategy : Changed session id from 29455E63447A51CBE0218147F8E3C4F8
2025-07-08T10:15:57.754+08:00 DEBUG 99473 --- [MyWebProject] [http-nio-8080-exec-2] o.s.security.web.FilterChainProxy        : Secured GET /chatrooms?userId=3
2025-07-08T10:15:57.784+08:00 DEBUG 99473 --- [MyWebProject] [http-nio-8080-exec-5] o.s.security.web.FilterChainProxy        : Securing GET /products/store/1
2025-07-08T10:15:57.785+08:00 DEBUG 99473 --- [MyWebProject] [http-nio-8080-exec-5] o.s.s.w.a.AnonymousAuthenticationFilter  : Set SecurityContextHolder to anonymous SecurityContext
2025-07-08T10:15:57.785+08:00 DEBUG 99473 --- [MyWebProject] [http-nio-8080-exec-5] o.s.security.web.FilterChainProxy        : Secured GET /products/store/1
2025-07-08T10:15:57.892+08:00 DEBUG 99473 --- [MyWebProject] [http-nio-8080-exec-6] o.s.security.web.FilterChainProxy        : Securing GET /uploads/products/2_1751872983771_0.jpg
2025-07-08T10:15:57.892+08:00 DEBUG 99473 --- [MyWebProject] [http-nio-8080-exec-6] o.s.s.w.a.AnonymousAuthenticationFilter  : Set SecurityContextHolder to anonymous SecurityContext
2025-07-08T10:15:57.893+08:00 DEBUG 99473 --- [MyWebProject] [http-nio-8080-exec-6] o.s.security.web.FilterChainProxy        : Secured GET /uploads/products/2_1751872983771_0.jpg
2025-07-08T10:17:16.532+08:00 DEBUG 99473 --- [MyWebProject] [http-nio-8080-exec-5] o.s.security.web.FilterChainProxy        : Securing OPTIONS /product/2/images
2025-07-08T10:17:16.548+08:00 DEBUG 99473 --- [MyWebProject] [http-nio-8080-exec-6] o.s.security.web.FilterChainProxy        : Securing DELETE /product/2/images
2025-07-08T10:17:16.551+08:00 DEBUG 99473 --- [MyWebProject] [http-nio-8080-exec-6] o.s.s.w.a.AnonymousAuthenticationFilter  : Set SecurityContextHolder to anonymous SecurityContext
2025-07-08T10:17:16.553+08:00 DEBUG 99473 --- [MyWebProject] [http-nio-8080-exec-6] o.s.security.web.FilterChainProxy        : Secured DELETE /product/2/images
2025-07-08T10:17:18.360+08:00 DEBUG 99473 --- [MyWebProject] [http-nio-8080-exec-9] o.s.security.web.FilterChainProxy        : Securing GET /products/store/1
2025-07-08T10:17:18.363+08:00 DEBUG 99473 --- [MyWebProject] [http-nio-8080-exec-9] o.s.s.w.a.AnonymousAuthenticationFilter  : Set SecurityContextHolder to anonymous SecurityContext
2025-07-08T10:17:18.364+08:00 DEBUG 99473 --- [MyWebProject] [http-nio-8080-exec-9] o.s.security.web.FilterChainProxy        : Secured GET /products/store/1
2025-07-08T10:17:39.766+08:00 DEBUG 99473 --- [MyWebProject] [http-nio-8080-exec-7] o.s.security.web.FilterChainProxy        : Securing POST /product/2/images
2025-07-08T10:17:39.767+08:00 DEBUG 99473 --- [MyWebProject] [http-nio-8080-exec-7] o.s.s.w.a.AnonymousAuthenticationFilter  : Set SecurityContextHolder to anonymous SecurityContext
2025-07-08T10:17:39.768+08:00 DEBUG 99473 --- [MyWebProject] [http-nio-8080-exec-7] o.s.security.web.FilterChainProxy        : Secured POST /product/2/images
2025-07-08T10:17:41.438+08:00 DEBUG 99473 --- [MyWebProject] [http-nio-8080-exec-3] o.s.security.web.FilterChainProxy        : Securing GET /products/store/1
2025-07-08T10:17:41.438+08:00 DEBUG 99473 --- [MyWebProject] [http-nio-8080-exec-3] o.s.s.w.a.AnonymousAuthenticationFilter  : Set SecurityContextHolder to anonymous SecurityContext
2025-07-08T10:17:41.439+08:00 DEBUG 99473 --- [MyWebProject] [http-nio-8080-exec-3] o.s.security.web.FilterChainProxy        : Secured GET /products/store/1
2025-07-08T10:17:41.546+08:00 DEBUG 99473 --- [MyWebProject] [http-nio-8080-exec-8] o.s.security.web.FilterChainProxy        : Securing GET /uploads/products/2_1751941060083_1.jpeg
2025-07-08T10:17:41.546+08:00 DEBUG 99473 --- [MyWebProject] [http-nio-8080-exec-1] o.s.security.web.FilterChainProxy        : Securing GET /uploads/products/2_1751941059836_0.jpeg
2025-07-08T10:17:41.546+08:00 DEBUG 99473 --- [MyWebProject] [http-nio-8080-exec-4] o.s.security.web.FilterChainProxy        : Securing GET /uploads/products/2_1751941060088_2.jpeg
2025-07-08T10:17:41.547+08:00 DEBUG 99473 --- [MyWebProject] [http-nio-8080-exec-1] o.s.s.w.a.AnonymousAuthenticationFilter  : Set SecurityContextHolder to anonymous SecurityContext
2025-07-08T10:17:41.547+08:00 DEBUG 99473 --- [MyWebProject] [http-nio-8080-exec-4] o.s.s.w.a.AnonymousAuthenticationFilter  : Set SecurityContextHolder to anonymous SecurityContext
2025-07-08T10:17:41.547+08:00 DEBUG 99473 --- [MyWebProject] [http-nio-8080-exec-8] o.s.s.w.a.AnonymousAuthenticationFilter  : Set SecurityContextHolder to anonymous SecurityContext
2025-07-08T10:17:41.548+08:00 DEBUG 99473 --- [MyWebProject] [http-nio-8080-exec-1] o.s.security.web.FilterChainProxy        : Secured GET /uploads/products/2_1751941059836_0.jpeg
2025-07-08T10:17:41.548+08:00 DEBUG 99473 --- [MyWebProject] [http-nio-8080-exec-4] o.s.security.web.FilterChainProxy        : Secured GET /uploads/products/2_1751941060088_2.jpeg
2025-07-08T10:17:41.548+08:00 DEBUG 99473 --- [MyWebProject] [http-nio-8080-exec-8] o.s.security.web.FilterChainProxy        : Secured GET /uploads/products/2_1751941060083_1.jpeg
2025-07-08T10:17:49.385+08:00 DEBUG 99473 --- [MyWebProject] [http-nio-8080-exec-2] o.s.security.web.FilterChainProxy        : Securing GET /userinfo
2025-07-08T10:17:49.388+08:00 DEBUG 99473 --- [MyWebProject] [http-nio-8080-exec-11] o.s.security.web.FilterChainProxy        : Securing GET /check-login
2025-07-08T10:17:49.389+08:00 DEBUG 99473 --- [MyWebProject] [http-nio-8080-exec-5] o.s.security.web.FilterChainProxy        : Securing GET /chatrooms?userId=3
2025-07-08T10:17:49.391+08:00 DEBUG 99473 --- [MyWebProject] [http-nio-8080-exec-6] o.s.security.web.FilterChainProxy        : Securing GET /categories
2025-07-08T10:17:49.391+08:00 DEBUG 99473 --- [MyWebProject] [http-nio-8080-exec-6] o.s.s.w.a.AnonymousAuthenticationFilter  : Set SecurityContextHolder to anonymous SecurityContext
2025-07-08T10:17:49.391+08:00 DEBUG 99473 --- [MyWebProject] [http-nio-8080-exec-6] o.s.security.web.FilterChainProxy        : Secured GET /categories
2025-07-08T10:17:49.392+08:00 DEBUG 99473 --- [MyWebProject] [http-nio-8080-exec-9] o.s.security.web.FilterChainProxy        : Securing GET /products
2025-07-08T10:17:49.393+08:00 DEBUG 99473 --- [MyWebProject] [http-nio-8080-exec-9] o.s.s.w.a.AnonymousAuthenticationFilter  : Set SecurityContextHolder to anonymous SecurityContext
2025-07-08T10:17:49.393+08:00 DEBUG 99473 --- [MyWebProject] [http-nio-8080-exec-9] o.s.security.web.FilterChainProxy        : Secured GET /products
2025-07-08T10:17:49.396+08:00 DEBUG 99473 --- [MyWebProject] [http-nio-8080-exec-2] o.s.security.web.FilterChainProxy        : Secured GET /userinfo
2025-07-08T10:17:49.397+08:00 DEBUG 99473 --- [MyWebProject] [http-nio-8080-exec-11] .s.ChangeSessionIdAuthenticationStrategy : Changed session id from 2F3B8280A6C47A096114361DE1A37AEC
2025-07-08T10:17:49.397+08:00 DEBUG 99473 --- [MyWebProject] [http-nio-8080-exec-5] o.s.security.web.FilterChainProxy        : Secured GET /chatrooms?userId=3
2025-07-08T10:17:49.397+08:00 DEBUG 99473 --- [MyWebProject] [http-nio-8080-exec-11] o.s.security.web.FilterChainProxy        : Secured GET /check-login
2025-07-08T10:17:49.426+08:00 DEBUG 99473 --- [MyWebProject] [http-nio-8080-exec-7] o.s.security.web.FilterChainProxy        : Securing GET /categories
2025-07-08T10:17:49.427+08:00 DEBUG 99473 --- [MyWebProject] [http-nio-8080-exec-7] o.s.s.w.a.AnonymousAuthenticationFilter  : Set SecurityContextHolder to anonymous SecurityContext
2025-07-08T10:17:49.427+08:00 DEBUG 99473 --- [MyWebProject] [http-nio-8080-exec-7] o.s.s.w.session.SessionManagementFilter  : Request requested invalid session id 2F3B8280A6C47A096114361DE1A37AEC
2025-07-08T10:17:49.427+08:00 DEBUG 99473 --- [MyWebProject] [http-nio-8080-exec-7] o.s.security.web.FilterChainProxy        : Secured GET /categories
2025-07-08T10:17:49.428+08:00 DEBUG 99473 --- [MyWebProject] [http-nio-8080-exec-3] o.s.security.web.FilterChainProxy        : Securing GET /check-login
2025-07-08T10:17:49.430+08:00 DEBUG 99473 --- [MyWebProject] [http-nio-8080-exec-4] o.s.security.web.FilterChainProxy        : Securing GET /userinfo
2025-07-08T10:17:49.432+08:00 DEBUG 99473 --- [MyWebProject] [http-nio-8080-exec-3] o.s.security.web.FilterChainProxy        : Secured GET /check-login
2025-07-08T10:17:49.432+08:00 DEBUG 99473 --- [MyWebProject] [http-nio-8080-exec-4] o.s.security.web.FilterChainProxy        : Secured GET /userinfo
2025-07-08T10:17:49.434+08:00 DEBUG 99473 --- [MyWebProject] [http-nio-8080-exec-8] o.s.security.web.FilterChainProxy        : Securing GET /products
2025-07-08T10:17:49.435+08:00 DEBUG 99473 --- [MyWebProject] [http-nio-8080-exec-8] o.s.s.w.a.AnonymousAuthenticationFilter  : Set SecurityContextHolder to anonymous SecurityContext
2025-07-08T10:17:49.435+08:00 DEBUG 99473 --- [MyWebProject] [http-nio-8080-exec-8] o.s.s.w.session.SessionManagementFilter  : Request requested invalid session id 2F3B8280A6C47A096114361DE1A37AEC
2025-07-08T10:17:49.436+08:00 DEBUG 99473 --- [MyWebProject] [http-nio-8080-exec-8] o.s.security.web.FilterChainProxy        : Secured GET /products
2025-07-08T10:17:49.438+08:00 DEBUG 99473 --- [MyWebProject] [http-nio-8080-exec-1] o.s.security.web.FilterChainProxy        : Securing GET /chatrooms?userId=3
2025-07-08T10:17:49.445+08:00 DEBUG 99473 --- [MyWebProject] [http-nio-8080-exec-1] o.s.security.web.FilterChainProxy        : Secured GET /chatrooms?userId=3
2025-07-08T10:17:49.604+08:00 DEBUG 99473 --- [MyWebProject] [http-nio-8080-exec-11] o.s.security.web.FilterChainProxy        : Securing GET /check-login
2025-07-08T10:17:49.604+08:00 DEBUG 99473 --- [MyWebProject] [http-nio-8080-exec-6] o.s.security.web.FilterChainProxy        : Securing GET /userinfo
2025-07-08T10:17:49.608+08:00 DEBUG 99473 --- [MyWebProject] [http-nio-8080-exec-6] .s.ChangeSessionIdAuthenticationStrategy : Changed session id from 03472B8D04E0018C1C88AAC16ACB79F0
2025-07-08T10:17:49.609+08:00 DEBUG 99473 --- [MyWebProject] [http-nio-8080-exec-6] o.s.security.web.FilterChainProxy        : Secured GET /userinfo
2025-07-08T10:17:49.614+08:00 DEBUG 99473 --- [MyWebProject] [http-nio-8080-exec-11] o.s.security.web.FilterChainProxy        : Secured GET /check-login
2025-07-08T10:17:49.615+08:00 DEBUG 99473 --- [MyWebProject] [http-nio-8080-exec-2] o.s.security.web.FilterChainProxy        : Securing GET /chatrooms?userId=3
2025-07-08T10:17:49.622+08:00 DEBUG 99473 --- [MyWebProject] [http-nio-8080-exec-11] o.s.security.web.FilterChainProxy        : Securing GET /store/all
2025-07-08T10:17:49.623+08:00 DEBUG 99473 --- [MyWebProject] [http-nio-8080-exec-11] o.s.s.w.a.AnonymousAuthenticationFilter  : Set SecurityContextHolder to anonymous SecurityContext
2025-07-08T10:17:49.624+08:00 DEBUG 99473 --- [MyWebProject] [http-nio-8080-exec-11] o.s.s.w.session.SessionManagementFilter  : Request requested invalid session id 03472B8D04E0018C1C88AAC16ACB79F0
2025-07-08T10:17:49.624+08:00 DEBUG 99473 --- [MyWebProject] [http-nio-8080-exec-11] o.s.security.web.FilterChainProxy        : Secured GET /store/all
2025-07-08T10:17:49.632+08:00 DEBUG 99473 --- [MyWebProject] [http-nio-8080-exec-6] o.s.security.web.FilterChainProxy        : Securing GET /uploads/products/2_1751941059836_0.jpeg
2025-07-08T10:17:49.632+08:00 DEBUG 99473 --- [MyWebProject] [http-nio-8080-exec-6] o.s.s.w.a.AnonymousAuthenticationFilter  : Set SecurityContextHolder to anonymous SecurityContext
2025-07-08T10:17:49.632+08:00 DEBUG 99473 --- [MyWebProject] [http-nio-8080-exec-6] o.s.s.w.session.SessionManagementFilter  : Request requested invalid session id 03472B8D04E0018C1C88AAC16ACB79F0
2025-07-08T10:17:49.632+08:00 DEBUG 99473 --- [MyWebProject] [http-nio-8080-exec-2] o.s.security.web.FilterChainProxy        : Secured GET /chatrooms?userId=3
2025-07-08T10:17:49.632+08:00 DEBUG 99473 --- [MyWebProject] [http-nio-8080-exec-6] o.s.security.web.FilterChainProxy        : Secured GET /uploads/products/2_1751941059836_0.jpeg
2025-07-08T10:17:49.648+08:00 DEBUG 99473 --- [MyWebProject] [http-nio-8080-exec-3] o.s.security.web.FilterChainProxy        : Securing GET /store/all
2025-07-08T10:17:49.649+08:00 DEBUG 99473 --- [MyWebProject] [http-nio-8080-exec-3] o.s.s.w.a.AnonymousAuthenticationFilter  : Set SecurityContextHolder to anonymous SecurityContext
2025-07-08T10:17:49.649+08:00 DEBUG 99473 --- [MyWebProject] [http-nio-8080-exec-3] o.s.s.w.session.SessionManagementFilter  : Request requested invalid session id 03472B8D04E0018C1C88AAC16ACB79F0
2025-07-08T10:17:49.650+08:00 DEBUG 99473 --- [MyWebProject] [http-nio-8080-exec-3] o.s.security.web.FilterChainProxy        : Secured GET /store/all
2025-07-08T10:17:50.125+08:00 DEBUG 99473 --- [MyWebProject] [http-nio-8080-exec-7] o.s.security.web.FilterChainProxy        : Securing GET /chatrooms?userId=3
2025-07-08T10:17:50.130+08:00 DEBUG 99473 --- [MyWebProject] [http-nio-8080-exec-7] .s.ChangeSessionIdAuthenticationStrategy : Changed session id from 0C52CB5281215D5B5CE210676827F68C
2025-07-08T10:17:50.131+08:00 DEBUG 99473 --- [MyWebProject] [http-nio-8080-exec-7] o.s.security.web.FilterChainProxy        : Secured GET /chatrooms?userId=3
2025-07-08T10:17:51.461+08:00 DEBUG 99473 --- [MyWebProject] [http-nio-8080-exec-8] o.s.security.web.FilterChainProxy        : Securing GET /twd-jpy
2025-07-08T10:17:51.462+08:00 DEBUG 99473 --- [MyWebProject] [http-nio-8080-exec-9] o.s.security.web.FilterChainProxy        : Securing PUT /product/view/2
2025-07-08T10:17:51.462+08:00 DEBUG 99473 --- [MyWebProject] [http-nio-8080-exec-1] o.s.security.web.FilterChainProxy        : Securing GET /product/2
2025-07-08T10:17:51.464+08:00 DEBUG 99473 --- [MyWebProject] [http-nio-8080-exec-1] o.s.s.w.a.AnonymousAuthenticationFilter  : Set SecurityContextHolder to anonymous SecurityContext
2025-07-08T10:17:51.463+08:00 DEBUG 99473 --- [MyWebProject] [http-nio-8080-exec-9] o.s.s.w.a.AnonymousAuthenticationFilter  : Set SecurityContextHolder to anonymous SecurityContext
2025-07-08T10:17:51.462+08:00 DEBUG 99473 --- [MyWebProject] [http-nio-8080-exec-8] o.s.s.w.a.AnonymousAuthenticationFilter  : Set SecurityContextHolder to anonymous SecurityContext
2025-07-08T10:17:51.462+08:00 DEBUG 99473 --- [MyWebProject] [http-nio-8080-exec-4] o.s.security.web.FilterChainProxy        : Securing PUT /product/view/2
2025-07-08T10:17:51.464+08:00 DEBUG 99473 --- [MyWebProject] [http-nio-8080-exec-1] o.s.security.web.FilterChainProxy        : Secured GET /product/2
2025-07-08T10:17:51.464+08:00 DEBUG 99473 --- [MyWebProject] [http-nio-8080-exec-8] o.s.security.web.FilterChainProxy        : Secured GET /twd-jpy
2025-07-08T10:17:51.465+08:00 DEBUG 99473 --- [MyWebProject] [http-nio-8080-exec-4] o.s.s.w.a.AnonymousAuthenticationFilter  : Set SecurityContextHolder to anonymous SecurityContext
2025-07-08T10:17:51.466+08:00 DEBUG 99473 --- [MyWebProject] [http-nio-8080-exec-4] o.s.security.web.FilterChainProxy        : Secured PUT /product/view/2
2025-07-08T10:17:51.464+08:00 DEBUG 99473 --- [MyWebProject] [http-nio-8080-exec-5] o.s.security.web.FilterChainProxy        : Securing GET /store/all
2025-07-08T10:17:51.467+08:00 DEBUG 99473 --- [MyWebProject] [http-nio-8080-exec-5] o.s.s.w.a.AnonymousAuthenticationFilter  : Set SecurityContextHolder to anonymous SecurityContext
2025-07-08T10:17:51.464+08:00 DEBUG 99473 --- [MyWebProject] [http-nio-8080-exec-9] o.s.security.web.FilterChainProxy        : Secured PUT /product/view/2
2025-07-08T10:17:51.467+08:00 DEBUG 99473 --- [MyWebProject] [http-nio-8080-exec-5] o.s.security.web.FilterChainProxy        : Secured GET /store/all
2025-07-08T10:17:51.513+08:00 DEBUG 99473 --- [MyWebProject] [http-nio-8080-exec-6] o.s.security.web.FilterChainProxy        : Securing GET /product/2
2025-07-08T10:17:51.513+08:00 DEBUG 99473 --- [MyWebProject] [http-nio-8080-exec-6] o.s.s.w.a.AnonymousAuthenticationFilter  : Set SecurityContextHolder to anonymous SecurityContext
2025-07-08T10:17:51.514+08:00 DEBUG 99473 --- [MyWebProject] [http-nio-8080-exec-6] o.s.security.web.FilterChainProxy        : Secured GET /product/2
2025-07-08T10:17:51.541+08:00 DEBUG 99473 --- [MyWebProject] [http-nio-8080-exec-11] o.s.security.web.FilterChainProxy        : Securing GET /userinfo
2025-07-08T10:17:51.542+08:00 DEBUG 99473 --- [MyWebProject] [http-nio-8080-exec-5] o.s.security.web.FilterChainProxy        : Securing GET /check-login
2025-07-08T10:17:51.572+08:00 DEBUG 99473 --- [MyWebProject] [http-nio-8080-exec-2] o.s.security.web.FilterChainProxy        : Securing GET /chatrooms?userId=3
2025-07-08T10:17:51.572+08:00 DEBUG 99473 --- [MyWebProject] [http-nio-8080-exec-3] o.s.security.web.FilterChainProxy        : Securing GET /store/all
2025-07-08T10:17:51.584+08:00 DEBUG 99473 --- [MyWebProject] [http-nio-8080-exec-11] .s.ChangeSessionIdAuthenticationStrategy : Changed session id from 678FC66EF1A2FAA55B7C1FDC6D2198F6
2025-07-08T10:17:51.584+08:00 DEBUG 99473 --- [MyWebProject] [http-nio-8080-exec-11] o.s.security.web.FilterChainProxy        : Secured GET /userinfo
2025-07-08T10:17:51.587+08:00 DEBUG 99473 --- [MyWebProject] [http-nio-8080-exec-3] o.s.s.w.a.AnonymousAuthenticationFilter  : Set SecurityContextHolder to anonymous SecurityContext
2025-07-08T10:17:51.588+08:00 DEBUG 99473 --- [MyWebProject] [http-nio-8080-exec-3] o.s.s.w.session.SessionManagementFilter  : Request requested invalid session id 678FC66EF1A2FAA55B7C1FDC6D2198F6
2025-07-08T10:17:51.592+08:00 DEBUG 99473 --- [MyWebProject] [http-nio-8080-exec-3] o.s.security.web.FilterChainProxy        : Secured GET /store/all
2025-07-08T10:17:51.592+08:00 DEBUG 99473 --- [MyWebProject] [http-nio-8080-exec-2] o.s.security.web.FilterChainProxy        : Secured GET /chatrooms?userId=3
2025-07-08T10:17:51.604+08:00 DEBUG 99473 --- [MyWebProject] [http-nio-8080-exec-1] o.s.security.web.FilterChainProxy        : Securing GET /uploads/products/2_1751941059836_0.jpeg
2025-07-08T10:17:51.605+08:00 DEBUG 99473 --- [MyWebProject] [http-nio-8080-exec-1] o.s.s.w.a.AnonymousAuthenticationFilter  : Set SecurityContextHolder to anonymous SecurityContext
2025-07-08T10:17:51.606+08:00 DEBUG 99473 --- [MyWebProject] [http-nio-8080-exec-1] o.s.s.w.session.SessionManagementFilter  : Request requested invalid session id 678FC66EF1A2FAA55B7C1FDC6D2198F6
2025-07-08T10:17:51.606+08:00 DEBUG 99473 --- [MyWebProject] [http-nio-8080-exec-1] o.s.security.web.FilterChainProxy        : Secured GET /uploads/products/2_1751941059836_0.jpeg
2025-07-08T10:17:51.612+08:00 DEBUG 99473 --- [MyWebProject] [http-nio-8080-exec-5] o.s.security.web.FilterChainProxy        : Secured GET /check-login
2025-07-08T10:17:51.631+08:00 DEBUG 99473 --- [MyWebProject] [http-nio-8080-exec-11] o.s.security.web.FilterChainProxy        : Securing GET /check-login
2025-07-08T10:17:51.637+08:00 DEBUG 99473 --- [MyWebProject] [http-nio-8080-exec-11] o.s.security.web.FilterChainProxy        : Secured GET /check-login
2025-07-08T10:17:51.638+08:00 DEBUG 99473 --- [MyWebProject] [http-nio-8080-exec-7] o.s.security.web.FilterChainProxy        : Securing GET /userinfo
2025-07-08T10:17:51.644+08:00 DEBUG 99473 --- [MyWebProject] [http-nio-8080-exec-7] o.s.security.web.FilterChainProxy        : Secured GET /userinfo
2025-07-08T10:17:51.664+08:00 DEBUG 99473 --- [MyWebProject] [http-nio-8080-exec-9] o.s.security.web.FilterChainProxy        : Securing GET /userinfo
2025-07-08T10:17:51.671+08:00 DEBUG 99473 --- [MyWebProject] [http-nio-8080-exec-9] .s.ChangeSessionIdAuthenticationStrategy : Changed session id from 4DD8BB20B80A6B20E474BB45AEEC9913
2025-07-08T10:17:51.671+08:00 DEBUG 99473 --- [MyWebProject] [http-nio-8080-exec-9] o.s.security.web.FilterChainProxy        : Secured GET /userinfo
2025-07-08T10:17:51.693+08:00 DEBUG 99473 --- [MyWebProject] [http-nio-8080-exec-1] o.s.security.web.FilterChainProxy        : Securing GET /chatrooms?userId=3
2025-07-08T10:17:51.698+08:00 DEBUG 99473 --- [MyWebProject] [http-nio-8080-exec-4] o.s.security.web.FilterChainProxy        : Securing GET /uploads/products/2_1751941060083_1.jpeg
2025-07-08T10:17:51.699+08:00 DEBUG 99473 --- [MyWebProject] [http-nio-8080-exec-4] o.s.s.w.a.AnonymousAuthenticationFilter  : Set SecurityContextHolder to anonymous SecurityContext
2025-07-08T10:17:51.699+08:00 DEBUG 99473 --- [MyWebProject] [http-nio-8080-exec-4] o.s.security.web.FilterChainProxy        : Secured GET /uploads/products/2_1751941060083_1.jpeg
2025-07-08T10:17:51.699+08:00 DEBUG 99473 --- [MyWebProject] [http-nio-8080-exec-1] o.s.security.web.FilterChainProxy        : Secured GET /chatrooms?userId=3
2025-07-08T10:17:51.705+08:00 DEBUG 99473 --- [MyWebProject] [http-nio-8080-exec-7] o.s.security.web.FilterChainProxy        : Securing GET /uploads/products/2_1751941060088_2.jpeg
2025-07-08T10:17:51.705+08:00 DEBUG 99473 --- [MyWebProject] [http-nio-8080-exec-7] o.s.s.w.a.AnonymousAuthenticationFilter  : Set SecurityContextHolder to anonymous SecurityContext
2025-07-08T10:17:51.705+08:00 DEBUG 99473 --- [MyWebProject] [http-nio-8080-exec-7] o.s.security.web.FilterChainProxy        : Secured GET /uploads/products/2_1751941060088_2.jpeg
2025-07-08T10:17:51.710+08:00 DEBUG 99473 --- [MyWebProject] [http-nio-8080-exec-7] o.s.security.web.FilterChainProxy        : Securing GET /uploads/products/2_1751941060092_3.jpg
2025-07-08T10:17:51.711+08:00 DEBUG 99473 --- [MyWebProject] [http-nio-8080-exec-7] o.s.s.w.a.AnonymousAuthenticationFilter  : Set SecurityContextHolder to anonymous SecurityContext
2025-07-08T10:17:51.712+08:00 DEBUG 99473 --- [MyWebProject] [http-nio-8080-exec-7] o.s.security.web.FilterChainProxy        : Secured GET /uploads/products/2_1751941060092_3.jpg
2025-07-08T10:17:51.717+08:00 DEBUG 99473 --- [MyWebProject] [http-nio-8080-exec-5] o.s.security.web.FilterChainProxy        : Securing GET /check-login
2025-07-08T10:17:51.722+08:00 DEBUG 99473 --- [MyWebProject] [http-nio-8080-exec-5] o.s.security.web.FilterChainProxy        : Secured GET /check-login
2025-07-08T10:17:51.728+08:00 DEBUG 99473 --- [MyWebProject] [http-nio-8080-exec-6] o.s.security.web.FilterChainProxy        : Securing GET /chatrooms?userId=3
2025-07-08T10:17:51.730+08:00 DEBUG 99473 --- [MyWebProject] [http-nio-8080-exec-6] o.s.security.web.FilterChainProxy        : Secured GET /chatrooms?userId=3
2025-07-08T10:17:51.774+08:00 DEBUG 99473 --- [MyWebProject] [http-nio-8080-exec-3] o.s.security.web.FilterChainProxy        : Securing GET /chatrooms?userId=3
2025-07-08T10:17:51.776+08:00 DEBUG 99473 --- [MyWebProject] [http-nio-8080-exec-3] .s.ChangeSessionIdAuthenticationStrategy : Changed session id from 6C8EE7AEAA6B08679474159000DE0736
2025-07-08T10:17:51.777+08:00 DEBUG 99473 --- [MyWebProject] [http-nio-8080-exec-3] o.s.security.web.FilterChainProxy        : Secured GET /chatrooms?userId=3
2025-07-08T10:17:51.960+08:00 DEBUG 99473 --- [MyWebProject] [http-nio-8080-exec-9] o.s.security.web.FilterChainProxy        : Securing GET /twd-jpy
2025-07-08T10:17:51.960+08:00 DEBUG 99473 --- [MyWebProject] [http-nio-8080-exec-9] o.s.s.w.a.AnonymousAuthenticationFilter  : Set SecurityContextHolder to anonymous SecurityContext
2025-07-08T10:17:51.961+08:00 DEBUG 99473 --- [MyWebProject] [http-nio-8080-exec-9] o.s.s.w.session.SessionManagementFilter  : Request requested invalid session id 678FC66EF1A2FAA55B7C1FDC6D2198F6
2025-07-08T10:17:51.961+08:00 DEBUG 99473 --- [MyWebProject] [http-nio-8080-exec-9] o.s.security.web.FilterChainProxy        : Secured GET /twd-jpy
2025-07-08T10:18:04.617+08:00 DEBUG 99473 --- [MyWebProject] [http-nio-8080-exec-7] o.s.security.web.FilterChainProxy        : Securing GET /chatrooms?userId=3
2025-07-08T10:18:04.617+08:00 DEBUG 99473 --- [MyWebProject] [http-nio-8080-exec-4] o.s.security.web.FilterChainProxy        : Securing GET /check-login
2025-07-08T10:18:04.617+08:00 DEBUG 99473 --- [MyWebProject] [http-nio-8080-exec-11] o.s.security.web.FilterChainProxy        : Securing GET /userinfo
2025-07-08T10:18:04.617+08:00 DEBUG 99473 --- [MyWebProject] [http-nio-8080-exec-5] o.s.security.web.FilterChainProxy        : Securing GET /categories
2025-07-08T10:18:04.617+08:00 DEBUG 99473 --- [MyWebProject] [http-nio-8080-exec-2] o.s.security.web.FilterChainProxy        : Securing GET /products
2025-07-08T10:18:04.618+08:00 DEBUG 99473 --- [MyWebProject] [http-nio-8080-exec-5] o.s.s.w.a.AnonymousAuthenticationFilter  : Set SecurityContextHolder to anonymous SecurityContext
2025-07-08T10:18:04.618+08:00 DEBUG 99473 --- [MyWebProject] [http-nio-8080-exec-5] o.s.security.web.FilterChainProxy        : Secured GET /categories
2025-07-08T10:18:04.618+08:00 DEBUG 99473 --- [MyWebProject] [http-nio-8080-exec-2] o.s.s.w.a.AnonymousAuthenticationFilter  : Set SecurityContextHolder to anonymous SecurityContext
2025-07-08T10:18:04.620+08:00 DEBUG 99473 --- [MyWebProject] [http-nio-8080-exec-2] o.s.security.web.FilterChainProxy        : Secured GET /products
2025-07-08T10:18:04.621+08:00 DEBUG 99473 --- [MyWebProject] [http-nio-8080-exec-4] .s.ChangeSessionIdAuthenticationStrategy : Changed session id from 6B35518062C4386CE6BF6E3C096626B5
2025-07-08T10:18:04.622+08:00 DEBUG 99473 --- [MyWebProject] [http-nio-8080-exec-4] o.s.security.web.FilterChainProxy        : Secured GET /check-login
2025-07-08T10:18:04.624+08:00 DEBUG 99473 --- [MyWebProject] [http-nio-8080-exec-7] o.s.security.web.FilterChainProxy        : Secured GET /chatrooms?userId=3
2025-07-08T10:18:04.625+08:00 DEBUG 99473 --- [MyWebProject] [http-nio-8080-exec-11] o.s.security.web.FilterChainProxy        : Secured GET /userinfo
2025-07-08T10:18:04.652+08:00 DEBUG 99473 --- [MyWebProject] [http-nio-8080-exec-1] o.s.security.web.FilterChainProxy        : Securing GET /check-login
2025-07-08T10:18:04.656+08:00 DEBUG 99473 --- [MyWebProject] [http-nio-8080-exec-1] o.s.security.web.FilterChainProxy        : Secured GET /check-login
2025-07-08T10:18:04.666+08:00 DEBUG 99473 --- [MyWebProject] [http-nio-8080-exec-8] o.s.security.web.FilterChainProxy        : Securing GET /products
2025-07-08T10:18:04.666+08:00 DEBUG 99473 --- [MyWebProject] [http-nio-8080-exec-3] o.s.security.web.FilterChainProxy        : Securing GET /userinfo
2025-07-08T10:18:04.666+08:00 DEBUG 99473 --- [MyWebProject] [http-nio-8080-exec-6] o.s.security.web.FilterChainProxy        : Securing GET /categories
2025-07-08T10:18:04.667+08:00 DEBUG 99473 --- [MyWebProject] [http-nio-8080-exec-6] o.s.s.w.a.AnonymousAuthenticationFilter  : Set SecurityContextHolder to anonymous SecurityContext
2025-07-08T10:18:04.667+08:00 DEBUG 99473 --- [MyWebProject] [http-nio-8080-exec-9] o.s.security.web.FilterChainProxy        : Securing GET /chatrooms?userId=3
2025-07-08T10:18:04.667+08:00 DEBUG 99473 --- [MyWebProject] [http-nio-8080-exec-6] o.s.s.w.session.SessionManagementFilter  : Request requested invalid session id 6B35518062C4386CE6BF6E3C096626B5
2025-07-08T10:18:04.668+08:00 DEBUG 99473 --- [MyWebProject] [http-nio-8080-exec-6] o.s.security.web.FilterChainProxy        : Secured GET /categories
2025-07-08T10:18:04.668+08:00 DEBUG 99473 --- [MyWebProject] [http-nio-8080-exec-8] o.s.s.w.a.AnonymousAuthenticationFilter  : Set SecurityContextHolder to anonymous SecurityContext
2025-07-08T10:18:04.668+08:00 DEBUG 99473 --- [MyWebProject] [http-nio-8080-exec-8] o.s.s.w.session.SessionManagementFilter  : Request requested invalid session id 6B35518062C4386CE6BF6E3C096626B5
2025-07-08T10:18:04.669+08:00 DEBUG 99473 --- [MyWebProject] [http-nio-8080-exec-8] o.s.security.web.FilterChainProxy        : Secured GET /products
2025-07-08T10:18:04.671+08:00 DEBUG 99473 --- [MyWebProject] [http-nio-8080-exec-3] o.s.security.web.FilterChainProxy        : Secured GET /userinfo
2025-07-08T10:18:04.671+08:00 DEBUG 99473 --- [MyWebProject] [http-nio-8080-exec-9] o.s.security.web.FilterChainProxy        : Secured GET /chatrooms?userId=3
2025-07-08T10:18:04.771+08:00 DEBUG 99473 --- [MyWebProject] [http-nio-8080-exec-4] o.s.security.web.FilterChainProxy        : Securing GET /uploads/products/2_1751941059836_0.jpeg
2025-07-08T10:18:04.771+08:00 DEBUG 99473 --- [MyWebProject] [http-nio-8080-exec-4] o.s.s.w.a.AnonymousAuthenticationFilter  : Set SecurityContextHolder to anonymous SecurityContext
2025-07-08T10:18:04.772+08:00 DEBUG 99473 --- [MyWebProject] [http-nio-8080-exec-4] o.s.security.web.FilterChainProxy        : Secured GET /uploads/products/2_1751941059836_0.jpeg
2025-07-08T10:18:04.786+08:00 DEBUG 99473 --- [MyWebProject] [http-nio-8080-exec-11] o.s.security.web.FilterChainProxy        : Securing GET /userinfo
2025-07-08T10:18:04.786+08:00 DEBUG 99473 --- [MyWebProject] [http-nio-8080-exec-5] o.s.security.web.FilterChainProxy        : Securing GET /check-login
2025-07-08T10:18:04.786+08:00 DEBUG 99473 --- [MyWebProject] [http-nio-8080-exec-7] o.s.security.web.FilterChainProxy        : Securing GET /store/all
2025-07-08T10:18:04.786+08:00 DEBUG 99473 --- [MyWebProject] [http-nio-8080-exec-2] o.s.security.web.FilterChainProxy        : Securing GET /chatrooms?userId=3
2025-07-08T10:18:04.787+08:00 DEBUG 99473 --- [MyWebProject] [http-nio-8080-exec-7] o.s.s.w.a.AnonymousAuthenticationFilter  : Set SecurityContextHolder to anonymous SecurityContext
2025-07-08T10:18:04.787+08:00 DEBUG 99473 --- [MyWebProject] [http-nio-8080-exec-7] o.s.security.web.FilterChainProxy        : Secured GET /store/all
2025-07-08T10:18:04.790+08:00 DEBUG 99473 --- [MyWebProject] [http-nio-8080-exec-11] .s.ChangeSessionIdAuthenticationStrategy : Changed session id from 3828D46EEE1574346C4C750B9B9DE17D
2025-07-08T10:18:04.791+08:00 DEBUG 99473 --- [MyWebProject] [http-nio-8080-exec-11] o.s.security.web.FilterChainProxy        : Secured GET /userinfo
2025-07-08T10:18:04.791+08:00 DEBUG 99473 --- [MyWebProject] [http-nio-8080-exec-2] o.s.security.web.FilterChainProxy        : Secured GET /chatrooms?userId=3
2025-07-08T10:18:04.792+08:00 DEBUG 99473 --- [MyWebProject] [http-nio-8080-exec-5] o.s.security.web.FilterChainProxy        : Secured GET /check-login
2025-07-08T10:18:04.803+08:00 DEBUG 99473 --- [MyWebProject] [http-nio-8080-exec-1] o.s.security.web.FilterChainProxy        : Securing GET /store/all
2025-07-08T10:18:04.803+08:00 DEBUG 99473 --- [MyWebProject] [http-nio-8080-exec-1] o.s.s.w.a.AnonymousAuthenticationFilter  : Set SecurityContextHolder to anonymous SecurityContext
2025-07-08T10:18:04.804+08:00 DEBUG 99473 --- [MyWebProject] [http-nio-8080-exec-1] o.s.s.w.session.SessionManagementFilter  : Request requested invalid session id 3828D46EEE1574346C4C750B9B9DE17D
2025-07-08T10:18:04.804+08:00 DEBUG 99473 --- [MyWebProject] [http-nio-8080-exec-1] o.s.security.web.FilterChainProxy        : Secured GET /store/all
2025-07-08T10:18:04.893+08:00 DEBUG 99473 --- [MyWebProject] [http-nio-8080-exec-3] o.s.security.web.FilterChainProxy        : Securing GET /chatrooms?userId=3
2025-07-08T10:18:04.895+08:00 DEBUG 99473 --- [MyWebProject] [http-nio-8080-exec-3] .s.ChangeSessionIdAuthenticationStrategy : Changed session id from 6C952850F33BD6B31E4BE791927EF27E
2025-07-08T10:18:04.895+08:00 DEBUG 99473 --- [MyWebProject] [http-nio-8080-exec-3] o.s.security.web.FilterChainProxy        : Secured GET /chatrooms?userId=3
2025-07-08T10:18:06.005+08:00 DEBUG 99473 --- [MyWebProject] [http-nio-8080-exec-6] o.s.security.web.FilterChainProxy        : Securing GET /check-login
2025-07-08T10:18:06.008+08:00 DEBUG 99473 --- [MyWebProject] [http-nio-8080-exec-9] o.s.security.web.FilterChainProxy        : Securing GET /userinfo
2025-07-08T10:18:06.009+08:00 DEBUG 99473 --- [MyWebProject] [http-nio-8080-exec-6] .s.ChangeSessionIdAuthenticationStrategy : Changed session id from 6ABB183597210AC6E39C4ED622DEE152
2025-07-08T10:18:06.010+08:00 DEBUG 99473 --- [MyWebProject] [http-nio-8080-exec-6] o.s.security.web.FilterChainProxy        : Secured GET /check-login
2025-07-08T10:18:06.011+08:00 DEBUG 99473 --- [MyWebProject] [http-nio-8080-exec-8] o.s.security.web.FilterChainProxy        : Securing GET /chatrooms?userId=3
2025-07-08T10:18:06.023+08:00 DEBUG 99473 --- [MyWebProject] [http-nio-8080-exec-6] o.s.security.web.FilterChainProxy        : Securing GET /category/main
2025-07-08T10:18:06.019+08:00 DEBUG 99473 --- [MyWebProject] [http-nio-8080-exec-4] o.s.security.web.FilterChainProxy        : Securing GET /store/info
2025-07-08T10:18:06.024+08:00 DEBUG 99473 --- [MyWebProject] [http-nio-8080-exec-9] o.s.security.web.FilterChainProxy        : Secured GET /userinfo
2025-07-08T10:18:06.026+08:00 DEBUG 99473 --- [MyWebProject] [http-nio-8080-exec-6] o.s.s.w.a.AnonymousAuthenticationFilter  : Set SecurityContextHolder to anonymous SecurityContext
2025-07-08T10:18:06.026+08:00 DEBUG 99473 --- [MyWebProject] [http-nio-8080-exec-8] o.s.security.web.FilterChainProxy        : Secured GET /chatrooms?userId=3
2025-07-08T10:18:06.026+08:00 DEBUG 99473 --- [MyWebProject] [http-nio-8080-exec-6] o.s.s.w.session.SessionManagementFilter  : Request requested invalid session id 6ABB183597210AC6E39C4ED622DEE152
2025-07-08T10:18:06.026+08:00 DEBUG 99473 --- [MyWebProject] [http-nio-8080-exec-5] o.s.security.web.FilterChainProxy        : Securing GET /check-login
2025-07-08T10:18:06.028+08:00 DEBUG 99473 --- [MyWebProject] [http-nio-8080-exec-6] o.s.security.web.FilterChainProxy        : Secured GET /category/main
2025-07-08T10:18:06.032+08:00 DEBUG 99473 --- [MyWebProject] [http-nio-8080-exec-4] o.s.security.web.FilterChainProxy        : Secured GET /store/info
2025-07-08T10:18:06.032+08:00 DEBUG 99473 --- [MyWebProject] [http-nio-8080-exec-5] o.s.security.web.FilterChainProxy        : Secured GET /check-login
2025-07-08T10:18:06.045+08:00 DEBUG 99473 --- [MyWebProject] [http-nio-8080-exec-11] o.s.security.web.FilterChainProxy        : Securing GET /category/main
2025-07-08T10:18:06.047+08:00 DEBUG 99473 --- [MyWebProject] [http-nio-8080-exec-11] o.s.s.w.a.AnonymousAuthenticationFilter  : Set SecurityContextHolder to anonymous SecurityContext
2025-07-08T10:18:06.047+08:00 DEBUG 99473 --- [MyWebProject] [http-nio-8080-exec-11] o.s.s.w.session.SessionManagementFilter  : Request requested invalid session id 6ABB183597210AC6E39C4ED622DEE152
2025-07-08T10:18:06.047+08:00 DEBUG 99473 --- [MyWebProject] [http-nio-8080-exec-11] o.s.security.web.FilterChainProxy        : Secured GET /category/main
2025-07-08T10:18:06.048+08:00 DEBUG 99473 --- [MyWebProject] [http-nio-8080-exec-2] o.s.security.web.FilterChainProxy        : Securing GET /userinfo
2025-07-08T10:18:06.051+08:00 DEBUG 99473 --- [MyWebProject] [http-nio-8080-exec-2] o.s.security.web.FilterChainProxy        : Secured GET /userinfo
2025-07-08T10:18:06.055+08:00 DEBUG 99473 --- [MyWebProject] [http-nio-8080-exec-1] o.s.security.web.FilterChainProxy        : Securing GET /store/info
2025-07-08T10:18:06.058+08:00 DEBUG 99473 --- [MyWebProject] [http-nio-8080-exec-1] o.s.security.web.FilterChainProxy        : Secured GET /store/info
2025-07-08T10:18:06.067+08:00 DEBUG 99473 --- [MyWebProject] [http-nio-8080-exec-3] o.s.security.web.FilterChainProxy        : Securing GET /chatrooms?userId=3
2025-07-08T10:18:06.069+08:00 DEBUG 99473 --- [MyWebProject] [http-nio-8080-exec-3] o.s.security.web.FilterChainProxy        : Secured GET /chatrooms?userId=3
2025-07-08T10:18:06.109+08:00 DEBUG 99473 --- [MyWebProject] [http-nio-8080-exec-7] o.s.security.web.FilterChainProxy        : Securing GET /check-login
2025-07-08T10:18:06.111+08:00 DEBUG 99473 --- [MyWebProject] [http-nio-8080-exec-6] o.s.security.web.FilterChainProxy        : Securing GET /chatrooms?userId=3
2025-07-08T10:18:06.111+08:00 DEBUG 99473 --- [MyWebProject] [http-nio-8080-exec-5] o.s.security.web.FilterChainProxy        : Securing GET /userinfo
2025-07-08T10:18:06.112+08:00 DEBUG 99473 --- [MyWebProject] [http-nio-8080-exec-7] .s.ChangeSessionIdAuthenticationStrategy : Changed session id from 55CED8786FF4579200F10D365C5CC74E
2025-07-08T10:18:06.113+08:00 DEBUG 99473 --- [MyWebProject] [http-nio-8080-exec-7] o.s.security.web.FilterChainProxy        : Secured GET /check-login
2025-07-08T10:18:06.114+08:00 DEBUG 99473 --- [MyWebProject] [http-nio-8080-exec-5] o.s.security.web.FilterChainProxy        : Secured GET /userinfo
2025-07-08T10:18:06.114+08:00 DEBUG 99473 --- [MyWebProject] [http-nio-8080-exec-6] o.s.security.web.FilterChainProxy        : Secured GET /chatrooms?userId=3
2025-07-08T10:18:06.176+08:00 DEBUG 99473 --- [MyWebProject] [http-nio-8080-exec-9] o.s.security.web.FilterChainProxy        : Securing GET /products/store/1
2025-07-08T10:18:06.178+08:00 DEBUG 99473 --- [MyWebProject] [http-nio-8080-exec-9] o.s.s.w.a.AnonymousAuthenticationFilter  : Set SecurityContextHolder to anonymous SecurityContext
2025-07-08T10:18:06.178+08:00 DEBUG 99473 --- [MyWebProject] [http-nio-8080-exec-9] o.s.security.web.FilterChainProxy        : Secured GET /products/store/1
2025-07-08T10:18:06.252+08:00 DEBUG 99473 --- [MyWebProject] [http-nio-8080-exec-4] o.s.security.web.FilterChainProxy        : Securing GET /chatrooms?userId=3
2025-07-08T10:18:06.257+08:00 DEBUG 99473 --- [MyWebProject] [http-nio-8080-exec-4] .s.ChangeSessionIdAuthenticationStrategy : Changed session id from 9BFBC3BF65B965E87183845D4C843672
2025-07-08T10:18:06.257+08:00 DEBUG 99473 --- [MyWebProject] [http-nio-8080-exec-4] o.s.security.web.FilterChainProxy        : Secured GET /chatrooms?userId=3
2025-07-08T10:18:06.439+08:00 DEBUG 99473 --- [MyWebProject] [http-nio-8080-exec-11] o.s.security.web.FilterChainProxy        : Securing GET /uploads/products/2_1751941059836_0.jpeg
2025-07-08T10:18:06.439+08:00 DEBUG 99473 --- [MyWebProject] [http-nio-8080-exec-11] o.s.s.w.a.AnonymousAuthenticationFilter  : Set SecurityContextHolder to anonymous SecurityContext
2025-07-08T10:18:06.439+08:00 DEBUG 99473 --- [MyWebProject] [http-nio-8080-exec-11] o.s.security.web.FilterChainProxy        : Secured GET /uploads/products/2_1751941059836_0.jpeg
2025-07-08T10:18:06.447+08:00 DEBUG 99473 --- [MyWebProject] [http-nio-8080-exec-8] o.s.security.web.FilterChainProxy        : Securing GET /uploads/products/2_1751941060083_1.jpeg
2025-07-08T10:18:06.447+08:00 DEBUG 99473 --- [MyWebProject] [http-nio-8080-exec-2] o.s.security.web.FilterChainProxy        : Securing GET /uploads/products/2_1751941060088_2.jpeg
2025-07-08T10:18:06.448+08:00 DEBUG 99473 --- [MyWebProject] [http-nio-8080-exec-2] o.s.s.w.a.AnonymousAuthenticationFilter  : Set SecurityContextHolder to anonymous SecurityContext
2025-07-08T10:18:06.448+08:00 DEBUG 99473 --- [MyWebProject] [http-nio-8080-exec-8] o.s.s.w.a.AnonymousAuthenticationFilter  : Set SecurityContextHolder to anonymous SecurityContext
2025-07-08T10:18:06.448+08:00 DEBUG 99473 --- [MyWebProject] [http-nio-8080-exec-8] o.s.security.web.FilterChainProxy        : Secured GET /uploads/products/2_1751941060083_1.jpeg
2025-07-08T10:18:06.448+08:00 DEBUG 99473 --- [MyWebProject] [http-nio-8080-exec-2] o.s.security.web.FilterChainProxy        : Secured GET /uploads/products/2_1751941060088_2.jpeg
2025-07-08T10:18:10.838+08:00 DEBUG 99473 --- [MyWebProject] [http-nio-8080-exec-1] o.s.security.web.FilterChainProxy        : Securing DELETE /product/2/images
2025-07-08T10:18:10.839+08:00 DEBUG 99473 --- [MyWebProject] [http-nio-8080-exec-1] o.s.s.w.a.AnonymousAuthenticationFilter  : Set SecurityContextHolder to anonymous SecurityContext
2025-07-08T10:18:10.839+08:00 DEBUG 99473 --- [MyWebProject] [http-nio-8080-exec-1] o.s.security.web.FilterChainProxy        : Secured DELETE /product/2/images
2025-07-08T10:18:11.923+08:00 DEBUG 99473 --- [MyWebProject] [http-nio-8080-exec-3] o.s.security.web.FilterChainProxy        : Securing GET /products/store/1
2025-07-08T10:18:11.924+08:00 DEBUG 99473 --- [MyWebProject] [http-nio-8080-exec-3] o.s.s.w.a.AnonymousAuthenticationFilter  : Set SecurityContextHolder to anonymous SecurityContext
2025-07-08T10:18:11.924+08:00 DEBUG 99473 --- [MyWebProject] [http-nio-8080-exec-3] o.s.security.web.FilterChainProxy        : Secured GET /products/store/1
2025-07-08T10:18:20.986+08:00 DEBUG 99473 --- [MyWebProject] [http-nio-8080-exec-7] o.s.security.web.FilterChainProxy        : Securing POST /product/2/images
2025-07-08T10:18:20.986+08:00 DEBUG 99473 --- [MyWebProject] [http-nio-8080-exec-7] o.s.s.w.a.AnonymousAuthenticationFilter  : Set SecurityContextHolder to anonymous SecurityContext
2025-07-08T10:18:20.987+08:00 DEBUG 99473 --- [MyWebProject] [http-nio-8080-exec-7] o.s.security.web.FilterChainProxy        : Secured POST /product/2/images
2025-07-08T10:18:22.116+08:00 DEBUG 99473 --- [MyWebProject] [http-nio-8080-exec-5] o.s.security.web.FilterChainProxy        : Securing GET /products/store/1
2025-07-08T10:18:22.118+08:00 DEBUG 99473 --- [MyWebProject] [http-nio-8080-exec-5] o.s.s.w.a.AnonymousAuthenticationFilter  : Set SecurityContextHolder to anonymous SecurityContext
2025-07-08T10:18:22.119+08:00 DEBUG 99473 --- [MyWebProject] [http-nio-8080-exec-5] o.s.security.web.FilterChainProxy        : Secured GET /products/store/1
2025-07-08T10:18:22.216+08:00 DEBUG 99473 --- [MyWebProject] [http-nio-8080-exec-6] o.s.security.web.FilterChainProxy        : Securing GET /uploads/products/2_1751941101001_0.jpg
2025-07-08T10:18:22.217+08:00 DEBUG 99473 --- [MyWebProject] [http-nio-8080-exec-6] o.s.s.w.a.AnonymousAuthenticationFilter  : Set SecurityContextHolder to anonymous SecurityContext
2025-07-08T10:18:22.217+08:00 DEBUG 99473 --- [MyWebProject] [http-nio-8080-exec-6] o.s.security.web.FilterChainProxy        : Secured GET /uploads/products/2_1751941101001_0.jpg
2025-07-08T10:19:53.047+08:00 DEBUG 99473 --- [MyWebProject] [http-nio-8080-exec-5] o.s.security.web.FilterChainProxy        : Securing POST /product/2/images
2025-07-08T10:19:53.057+08:00 DEBUG 99473 --- [MyWebProject] [http-nio-8080-exec-5] o.s.s.w.a.AnonymousAuthenticationFilter  : Set SecurityContextHolder to anonymous SecurityContext
2025-07-08T10:19:53.063+08:00 DEBUG 99473 --- [MyWebProject] [http-nio-8080-exec-5] o.s.security.web.FilterChainProxy        : Secured POST /product/2/images
2025-07-08T10:19:54.629+08:00 DEBUG 99473 --- [MyWebProject] [http-nio-8080-exec-6] o.s.security.web.FilterChainProxy        : Securing GET /products/store/1
2025-07-08T10:19:54.630+08:00 DEBUG 99473 --- [MyWebProject] [http-nio-8080-exec-6] o.s.s.w.a.AnonymousAuthenticationFilter  : Set SecurityContextHolder to anonymous SecurityContext
2025-07-08T10:19:54.630+08:00 DEBUG 99473 --- [MyWebProject] [http-nio-8080-exec-6] o.s.security.web.FilterChainProxy        : Secured GET /products/store/1
2025-07-08T10:19:54.715+08:00 DEBUG 99473 --- [MyWebProject] [http-nio-8080-exec-11] o.s.security.web.FilterChainProxy        : Securing GET /uploads/products/2_1751941193146_1.jpg
2025-07-08T10:19:54.716+08:00 DEBUG 99473 --- [MyWebProject] [http-nio-8080-exec-9] o.s.security.web.FilterChainProxy        : Securing GET /uploads/products/2_1751941193123_0.jpg
2025-07-08T10:19:54.716+08:00 DEBUG 99473 --- [MyWebProject] [http-nio-8080-exec-11] o.s.s.w.a.AnonymousAuthenticationFilter  : Set SecurityContextHolder to anonymous SecurityContext
2025-07-08T10:19:54.717+08:00 DEBUG 99473 --- [MyWebProject] [http-nio-8080-exec-11] o.s.security.web.FilterChainProxy        : Secured GET /uploads/products/2_1751941193146_1.jpg
2025-07-08T10:19:54.718+08:00 DEBUG 99473 --- [MyWebProject] [http-nio-8080-exec-9] o.s.s.w.a.AnonymousAuthenticationFilter  : Set SecurityContextHolder to anonymous SecurityContext
2025-07-08T10:19:54.719+08:00 DEBUG 99473 --- [MyWebProject] [http-nio-8080-exec-9] o.s.security.web.FilterChainProxy        : Secured GET /uploads/products/2_1751941193123_0.jpg
2025-07-08T10:19:58.665+08:00 DEBUG 99473 --- [MyWebProject] [http-nio-8080-exec-2] o.s.security.web.FilterChainProxy        : Securing GET /check-login
2025-07-08T10:19:58.670+08:00 DEBUG 99473 --- [MyWebProject] [http-nio-8080-exec-4] o.s.security.web.FilterChainProxy        : Securing GET /userinfo
2025-07-08T10:19:58.677+08:00 DEBUG 99473 --- [MyWebProject] [http-nio-8080-exec-4] .s.ChangeSessionIdAuthenticationStrategy : Changed session id from F59B299993061208B88DAD1E916D5364
2025-07-08T10:19:58.677+08:00 DEBUG 99473 --- [MyWebProject] [http-nio-8080-exec-4] o.s.security.web.FilterChainProxy        : Secured GET /userinfo
2025-07-08T10:19:58.679+08:00 DEBUG 99473 --- [MyWebProject] [http-nio-8080-exec-2] o.s.security.web.FilterChainProxy        : Secured GET /check-login
2025-07-08T10:19:58.687+08:00 DEBUG 99473 --- [MyWebProject] [http-nio-8080-exec-8] o.s.security.web.FilterChainProxy        : Securing GET /chatrooms?userId=3
2025-07-08T10:19:58.691+08:00 DEBUG 99473 --- [MyWebProject] [http-nio-8080-exec-8] o.s.security.web.FilterChainProxy        : Secured GET /chatrooms?userId=3
2025-07-08T10:19:58.692+08:00 DEBUG 99473 --- [MyWebProject] [http-nio-8080-exec-1] o.s.security.web.FilterChainProxy        : Securing GET /products
2025-07-08T10:19:58.694+08:00 DEBUG 99473 --- [MyWebProject] [http-nio-8080-exec-1] o.s.s.w.a.AnonymousAuthenticationFilter  : Set SecurityContextHolder to anonymous SecurityContext
2025-07-08T10:19:58.694+08:00 DEBUG 99473 --- [MyWebProject] [http-nio-8080-exec-1] o.s.s.w.session.SessionManagementFilter  : Request requested invalid session id F59B299993061208B88DAD1E916D5364
2025-07-08T10:19:58.694+08:00 DEBUG 99473 --- [MyWebProject] [http-nio-8080-exec-1] o.s.security.web.FilterChainProxy        : Secured GET /products
2025-07-08T10:19:58.699+08:00 DEBUG 99473 --- [MyWebProject] [http-nio-8080-exec-7] o.s.security.web.FilterChainProxy        : Securing GET /categories
2025-07-08T10:19:58.699+08:00 DEBUG 99473 --- [MyWebProject] [http-nio-8080-exec-7] o.s.s.w.a.AnonymousAuthenticationFilter  : Set SecurityContextHolder to anonymous SecurityContext
2025-07-08T10:19:58.699+08:00 DEBUG 99473 --- [MyWebProject] [http-nio-8080-exec-7] o.s.s.w.session.SessionManagementFilter  : Request requested invalid session id F59B299993061208B88DAD1E916D5364
2025-07-08T10:19:58.700+08:00 DEBUG 99473 --- [MyWebProject] [http-nio-8080-exec-7] o.s.security.web.FilterChainProxy        : Secured GET /categories
2025-07-08T10:19:58.711+08:00 DEBUG 99473 --- [MyWebProject] [http-nio-8080-exec-3] o.s.security.web.FilterChainProxy        : Securing GET /check-login
2025-07-08T10:19:58.712+08:00 DEBUG 99473 --- [MyWebProject] [http-nio-8080-exec-5] o.s.security.web.FilterChainProxy        : Securing GET /userinfo
2025-07-08T10:19:58.715+08:00 DEBUG 99473 --- [MyWebProject] [http-nio-8080-exec-3] o.s.security.web.FilterChainProxy        : Secured GET /check-login
2025-07-08T10:19:58.715+08:00 DEBUG 99473 --- [MyWebProject] [http-nio-8080-exec-5] o.s.security.web.FilterChainProxy        : Secured GET /userinfo
2025-07-08T10:19:58.720+08:00 DEBUG 99473 --- [MyWebProject] [http-nio-8080-exec-6] o.s.security.web.FilterChainProxy        : Securing GET /products
2025-07-08T10:19:58.721+08:00 DEBUG 99473 --- [MyWebProject] [http-nio-8080-exec-6] o.s.s.w.a.AnonymousAuthenticationFilter  : Set SecurityContextHolder to anonymous SecurityContext
2025-07-08T10:19:58.721+08:00 DEBUG 99473 --- [MyWebProject] [http-nio-8080-exec-6] o.s.s.w.session.SessionManagementFilter  : Request requested invalid session id F59B299993061208B88DAD1E916D5364
2025-07-08T10:19:58.721+08:00 DEBUG 99473 --- [MyWebProject] [http-nio-8080-exec-6] o.s.security.web.FilterChainProxy        : Secured GET /products
2025-07-08T10:19:58.721+08:00 DEBUG 99473 --- [MyWebProject] [http-nio-8080-exec-11] o.s.security.web.FilterChainProxy        : Securing GET /chatrooms?userId=3
2025-07-08T10:19:58.722+08:00 DEBUG 99473 --- [MyWebProject] [http-nio-8080-exec-9] o.s.security.web.FilterChainProxy        : Securing GET /categories
2025-07-08T10:19:58.724+08:00 DEBUG 99473 --- [MyWebProject] [http-nio-8080-exec-9] o.s.s.w.a.AnonymousAuthenticationFilter  : Set SecurityContextHolder to anonymous SecurityContext
2025-07-08T10:19:58.724+08:00 DEBUG 99473 --- [MyWebProject] [http-nio-8080-exec-9] o.s.s.w.session.SessionManagementFilter  : Request requested invalid session id F59B299993061208B88DAD1E916D5364
2025-07-08T10:19:58.724+08:00 DEBUG 99473 --- [MyWebProject] [http-nio-8080-exec-9] o.s.security.web.FilterChainProxy        : Secured GET /categories
2025-07-08T10:19:58.730+08:00 DEBUG 99473 --- [MyWebProject] [http-nio-8080-exec-11] o.s.security.web.FilterChainProxy        : Secured GET /chatrooms?userId=3
2025-07-08T10:19:58.818+08:00 DEBUG 99473 --- [MyWebProject] [http-nio-8080-exec-2] o.s.security.web.FilterChainProxy        : Securing GET /uploads/products/2_1751941101001_0.jpg
2025-07-08T10:19:58.818+08:00 DEBUG 99473 --- [MyWebProject] [http-nio-8080-exec-2] o.s.s.w.a.AnonymousAuthenticationFilter  : Set SecurityContextHolder to anonymous SecurityContext
2025-07-08T10:19:58.819+08:00 DEBUG 99473 --- [MyWebProject] [http-nio-8080-exec-2] o.s.security.web.FilterChainProxy        : Secured GET /uploads/products/2_1751941101001_0.jpg
2025-07-08T10:19:58.822+08:00 DEBUG 99473 --- [MyWebProject] [http-nio-8080-exec-8] o.s.security.web.FilterChainProxy        : Securing GET /userinfo
2025-07-08T10:19:58.822+08:00 DEBUG 99473 --- [MyWebProject] [http-nio-8080-exec-3] o.s.security.web.FilterChainProxy        : Securing GET /store/all
2025-07-08T10:19:58.823+08:00 DEBUG 99473 --- [MyWebProject] [http-nio-8080-exec-7] o.s.security.web.FilterChainProxy        : Securing GET /chatrooms?userId=3
2025-07-08T10:19:58.823+08:00 DEBUG 99473 --- [MyWebProject] [http-nio-8080-exec-3] o.s.s.w.a.AnonymousAuthenticationFilter  : Set SecurityContextHolder to anonymous SecurityContext
2025-07-08T10:19:58.823+08:00 DEBUG 99473 --- [MyWebProject] [http-nio-8080-exec-3] o.s.security.web.FilterChainProxy        : Secured GET /store/all
2025-07-08T10:19:58.825+08:00 DEBUG 99473 --- [MyWebProject] [http-nio-8080-exec-4] o.s.security.web.FilterChainProxy        : Securing GET /check-login
2025-07-08T10:19:58.829+08:00 DEBUG 99473 --- [MyWebProject] [http-nio-8080-exec-7] .s.ChangeSessionIdAuthenticationStrategy : Changed session id from 939788CE66E15C4DCCA0A537EBB05FE1
2025-07-08T10:19:58.829+08:00 DEBUG 99473 --- [MyWebProject] [http-nio-8080-exec-7] o.s.security.web.FilterChainProxy        : Secured GET /chatrooms?userId=3
2025-07-08T10:19:58.830+08:00 DEBUG 99473 --- [MyWebProject] [http-nio-8080-exec-8] o.s.security.web.FilterChainProxy        : Secured GET /userinfo
2025-07-08T10:19:58.832+08:00 DEBUG 99473 --- [MyWebProject] [http-nio-8080-exec-4] o.s.security.web.FilterChainProxy        : Secured GET /check-login
2025-07-08T10:19:58.850+08:00 DEBUG 99473 --- [MyWebProject] [http-nio-8080-exec-1] o.s.security.web.FilterChainProxy        : Securing GET /store/all
2025-07-08T10:19:58.851+08:00 DEBUG 99473 --- [MyWebProject] [http-nio-8080-exec-1] o.s.s.w.a.AnonymousAuthenticationFilter  : Set SecurityContextHolder to anonymous SecurityContext
2025-07-08T10:19:58.851+08:00 DEBUG 99473 --- [MyWebProject] [http-nio-8080-exec-1] o.s.s.w.session.SessionManagementFilter  : Request requested invalid session id 939788CE66E15C4DCCA0A537EBB05FE1
2025-07-08T10:19:58.851+08:00 DEBUG 99473 --- [MyWebProject] [http-nio-8080-exec-1] o.s.security.web.FilterChainProxy        : Secured GET /store/all
2025-07-08T10:19:58.924+08:00 DEBUG 99473 --- [MyWebProject] [http-nio-8080-exec-5] o.s.security.web.FilterChainProxy        : Securing GET /chatrooms?userId=3
2025-07-08T10:19:58.930+08:00 DEBUG 99473 --- [MyWebProject] [http-nio-8080-exec-5] .s.ChangeSessionIdAuthenticationStrategy : Changed session id from 01A9A9478B45A69B85E9784ADAC669C3
2025-07-08T10:19:58.930+08:00 DEBUG 99473 --- [MyWebProject] [http-nio-8080-exec-5] o.s.security.web.FilterChainProxy        : Secured GET /chatrooms?userId=3
2025-07-08T10:19:59.684+08:00 DEBUG 99473 --- [MyWebProject] [http-nio-8080-exec-9] o.s.security.web.FilterChainProxy        : Securing PUT /product/view/2
2025-07-08T10:19:59.685+08:00 DEBUG 99473 --- [MyWebProject] [http-nio-8080-exec-9] o.s.s.w.a.AnonymousAuthenticationFilter  : Set SecurityContextHolder to anonymous SecurityContext
2025-07-08T10:19:59.685+08:00 DEBUG 99473 --- [MyWebProject] [http-nio-8080-exec-6] o.s.security.web.FilterChainProxy        : Securing GET /store/all
2025-07-08T10:19:59.685+08:00 DEBUG 99473 --- [MyWebProject] [http-nio-8080-exec-9] o.s.security.web.FilterChainProxy        : Secured PUT /product/view/2
2025-07-08T10:19:59.686+08:00 DEBUG 99473 --- [MyWebProject] [http-nio-8080-exec-2] o.s.security.web.FilterChainProxy        : Securing GET /product/2
2025-07-08T10:19:59.687+08:00 DEBUG 99473 --- [MyWebProject] [http-nio-8080-exec-6] o.s.s.w.a.AnonymousAuthenticationFilter  : Set SecurityContextHolder to anonymous SecurityContext
2025-07-08T10:19:59.686+08:00 DEBUG 99473 --- [MyWebProject] [http-nio-8080-exec-11] o.s.security.web.FilterChainProxy        : Securing PUT /product/view/2
2025-07-08T10:19:59.688+08:00 DEBUG 99473 --- [MyWebProject] [http-nio-8080-exec-2] o.s.s.w.a.AnonymousAuthenticationFilter  : Set SecurityContextHolder to anonymous SecurityContext
2025-07-08T10:19:59.688+08:00 DEBUG 99473 --- [MyWebProject] [http-nio-8080-exec-2] o.s.security.web.FilterChainProxy        : Secured GET /product/2
2025-07-08T10:19:59.687+08:00 DEBUG 99473 --- [MyWebProject] [http-nio-8080-exec-4] o.s.security.web.FilterChainProxy        : Securing GET /twd-jpy
2025-07-08T10:19:59.690+08:00 DEBUG 99473 --- [MyWebProject] [http-nio-8080-exec-4] o.s.s.w.a.AnonymousAuthenticationFilter  : Set SecurityContextHolder to anonymous SecurityContext
2025-07-08T10:19:59.690+08:00 DEBUG 99473 --- [MyWebProject] [http-nio-8080-exec-4] o.s.security.web.FilterChainProxy        : Secured GET /twd-jpy
2025-07-08T10:19:59.688+08:00 DEBUG 99473 --- [MyWebProject] [http-nio-8080-exec-6] o.s.security.web.FilterChainProxy        : Secured GET /store/all
2025-07-08T10:19:59.691+08:00 DEBUG 99473 --- [MyWebProject] [http-nio-8080-exec-11] o.s.s.w.a.AnonymousAuthenticationFilter  : Set SecurityContextHolder to anonymous SecurityContext
2025-07-08T10:19:59.692+08:00 DEBUG 99473 --- [MyWebProject] [http-nio-8080-exec-11] o.s.security.web.FilterChainProxy        : Secured PUT /product/view/2
2025-07-08T10:19:59.724+08:00 DEBUG 99473 --- [MyWebProject] [http-nio-8080-exec-8] o.s.security.web.FilterChainProxy        : Securing GET /store/all
2025-07-08T10:19:59.736+08:00 DEBUG 99473 --- [MyWebProject] [http-nio-8080-exec-8] o.s.s.w.a.AnonymousAuthenticationFilter  : Set SecurityContextHolder to anonymous SecurityContext
2025-07-08T10:19:59.747+08:00 DEBUG 99473 --- [MyWebProject] [http-nio-8080-exec-8] o.s.security.web.FilterChainProxy        : Secured GET /store/all
2025-07-08T10:19:59.751+08:00 DEBUG 99473 --- [MyWebProject] [http-nio-8080-exec-3] o.s.security.web.FilterChainProxy        : Securing GET /product/2
2025-07-08T10:19:59.757+08:00 DEBUG 99473 --- [MyWebProject] [http-nio-8080-exec-3] o.s.s.w.a.AnonymousAuthenticationFilter  : Set SecurityContextHolder to anonymous SecurityContext
2025-07-08T10:19:59.758+08:00 DEBUG 99473 --- [MyWebProject] [http-nio-8080-exec-3] o.s.security.web.FilterChainProxy        : Secured GET /product/2
2025-07-08T10:19:59.768+08:00 DEBUG 99473 --- [MyWebProject] [http-nio-8080-exec-7] o.s.security.web.FilterChainProxy        : Securing GET /userinfo
2025-07-08T10:19:59.771+08:00 DEBUG 99473 --- [MyWebProject] [http-nio-8080-exec-1] o.s.security.web.FilterChainProxy        : Securing GET /check-login
2025-07-08T10:19:59.780+08:00 DEBUG 99473 --- [MyWebProject] [http-nio-8080-exec-5] o.s.security.web.FilterChainProxy        : Securing GET /chatrooms?userId=3
2025-07-08T10:19:59.786+08:00 DEBUG 99473 --- [MyWebProject] [http-nio-8080-exec-1] .s.ChangeSessionIdAuthenticationStrategy : Changed session id from 431F914791E0F3C3560B0027E9DB857B
2025-07-08T10:19:59.789+08:00 DEBUG 99473 --- [MyWebProject] [http-nio-8080-exec-1] o.s.security.web.FilterChainProxy        : Secured GET /check-login
2025-07-08T10:19:59.790+08:00 DEBUG 99473 --- [MyWebProject] [http-nio-8080-exec-7] o.s.security.web.FilterChainProxy        : Secured GET /userinfo
2025-07-08T10:19:59.803+08:00 DEBUG 99473 --- [MyWebProject] [http-nio-8080-exec-6] o.s.security.web.FilterChainProxy        : Securing GET /uploads/products/2_1751941101001_0.jpg
2025-07-08T10:19:59.804+08:00 DEBUG 99473 --- [MyWebProject] [http-nio-8080-exec-6] o.s.s.w.a.AnonymousAuthenticationFilter  : Set SecurityContextHolder to anonymous SecurityContext
2025-07-08T10:19:59.804+08:00 DEBUG 99473 --- [MyWebProject] [http-nio-8080-exec-6] o.s.s.w.session.SessionManagementFilter  : Request requested invalid session id 431F914791E0F3C3560B0027E9DB857B
2025-07-08T10:19:59.804+08:00 DEBUG 99473 --- [MyWebProject] [http-nio-8080-exec-6] o.s.security.web.FilterChainProxy        : Secured GET /uploads/products/2_1751941101001_0.jpg
2025-07-08T10:19:59.797+08:00 DEBUG 99473 --- [MyWebProject] [http-nio-8080-exec-1] o.s.security.web.FilterChainProxy        : Securing GET /check-login
2025-07-08T10:19:59.823+08:00 DEBUG 99473 --- [MyWebProject] [http-nio-8080-exec-5] o.s.security.web.FilterChainProxy        : Secured GET /chatrooms?userId=3
2025-07-08T10:19:59.832+08:00 DEBUG 99473 --- [MyWebProject] [http-nio-8080-exec-1] o.s.security.web.FilterChainProxy        : Secured GET /check-login
2025-07-08T10:19:59.846+08:00 DEBUG 99473 --- [MyWebProject] [http-nio-8080-exec-2] o.s.security.web.FilterChainProxy        : Securing GET /check-login
2025-07-08T10:19:59.877+08:00 DEBUG 99473 --- [MyWebProject] [http-nio-8080-exec-2] .s.ChangeSessionIdAuthenticationStrategy : Changed session id from 27904F4DCDB62AB03E9BA50DBF6D3C7B
2025-07-08T10:19:59.878+08:00 DEBUG 99473 --- [MyWebProject] [http-nio-8080-exec-2] o.s.security.web.FilterChainProxy        : Secured GET /check-login
2025-07-08T10:19:59.888+08:00 DEBUG 99473 --- [MyWebProject] [http-nio-8080-exec-2] o.s.security.web.FilterChainProxy        : Securing GET /userinfo
2025-07-08T10:19:59.902+08:00 DEBUG 99473 --- [MyWebProject] [http-nio-8080-exec-2] o.s.security.web.FilterChainProxy        : Secured GET /userinfo
2025-07-08T10:19:59.922+08:00 DEBUG 99473 --- [MyWebProject] [http-nio-8080-exec-9] o.s.security.web.FilterChainProxy        : Securing GET /chatrooms?userId=3
2025-07-08T10:19:59.924+08:00 DEBUG 99473 --- [MyWebProject] [http-nio-8080-exec-6] o.s.security.web.FilterChainProxy        : Securing GET /userinfo
2025-07-08T10:19:59.926+08:00 DEBUG 99473 --- [MyWebProject] [http-nio-8080-exec-9] o.s.security.web.FilterChainProxy        : Secured GET /chatrooms?userId=3
2025-07-08T10:19:59.926+08:00 DEBUG 99473 --- [MyWebProject] [http-nio-8080-exec-1] o.s.security.web.FilterChainProxy        : Securing GET /uploads/products/2_1751941193123_0.jpg
2025-07-08T10:19:59.927+08:00 DEBUG 99473 --- [MyWebProject] [http-nio-8080-exec-1] o.s.s.w.a.AnonymousAuthenticationFilter  : Set SecurityContextHolder to anonymous SecurityContext
2025-07-08T10:19:59.928+08:00 DEBUG 99473 --- [MyWebProject] [http-nio-8080-exec-1] o.s.security.web.FilterChainProxy        : Secured GET /uploads/products/2_1751941193123_0.jpg
2025-07-08T10:19:59.929+08:00 DEBUG 99473 --- [MyWebProject] [http-nio-8080-exec-6] o.s.security.web.FilterChainProxy        : Secured GET /userinfo
2025-07-08T10:19:59.936+08:00 DEBUG 99473 --- [MyWebProject] [http-nio-8080-exec-7] o.s.security.web.FilterChainProxy        : Securing GET /uploads/products/2_1751941193146_1.jpg
2025-07-08T10:19:59.936+08:00 DEBUG 99473 --- [MyWebProject] [http-nio-8080-exec-7] o.s.s.w.a.AnonymousAuthenticationFilter  : Set SecurityContextHolder to anonymous SecurityContext
2025-07-08T10:19:59.937+08:00 DEBUG 99473 --- [MyWebProject] [http-nio-8080-exec-7] o.s.security.web.FilterChainProxy        : Secured GET /uploads/products/2_1751941193146_1.jpg
2025-07-08T10:19:59.944+08:00 DEBUG 99473 --- [MyWebProject] [http-nio-8080-exec-3] o.s.security.web.FilterChainProxy        : Securing GET /chatrooms?userId=3
2025-07-08T10:19:59.944+08:00 DEBUG 99473 --- [MyWebProject] [http-nio-8080-exec-8] o.s.security.web.FilterChainProxy        : Securing GET /uploads/products/2_1751941193156_2.jpg
2025-07-08T10:19:59.945+08:00 DEBUG 99473 --- [MyWebProject] [http-nio-8080-exec-8] o.s.s.w.a.AnonymousAuthenticationFilter  : Set SecurityContextHolder to anonymous SecurityContext
2025-07-08T10:19:59.945+08:00 DEBUG 99473 --- [MyWebProject] [http-nio-8080-exec-8] o.s.security.web.FilterChainProxy        : Secured GET /uploads/products/2_1751941193156_2.jpg
2025-07-08T10:19:59.947+08:00 DEBUG 99473 --- [MyWebProject] [http-nio-8080-exec-3] o.s.security.web.FilterChainProxy        : Secured GET /chatrooms?userId=3
2025-07-08T10:20:00.046+08:00 DEBUG 99473 --- [MyWebProject] [http-nio-8080-exec-11] o.s.security.web.FilterChainProxy        : Securing GET /chatrooms?userId=3
2025-07-08T10:20:00.050+08:00 DEBUG 99473 --- [MyWebProject] [http-nio-8080-exec-11] .s.ChangeSessionIdAuthenticationStrategy : Changed session id from 57E777D0D496FE377FBC212462B7BDFC
2025-07-08T10:20:00.050+08:00 DEBUG 99473 --- [MyWebProject] [http-nio-8080-exec-11] o.s.security.web.FilterChainProxy        : Secured GET /chatrooms?userId=3
2025-07-08T10:20:00.310+08:00 DEBUG 99473 --- [MyWebProject] [http-nio-8080-exec-5] o.s.security.web.FilterChainProxy        : Securing GET /twd-jpy
2025-07-08T10:20:00.312+08:00 DEBUG 99473 --- [MyWebProject] [http-nio-8080-exec-5] o.s.s.w.a.AnonymousAuthenticationFilter  : Set SecurityContextHolder to anonymous SecurityContext
2025-07-08T10:20:00.313+08:00 DEBUG 99473 --- [MyWebProject] [http-nio-8080-exec-5] o.s.s.w.session.SessionManagementFilter  : Request requested invalid session id 431F914791E0F3C3560B0027E9DB857B
2025-07-08T10:20:00.313+08:00 DEBUG 99473 --- [MyWebProject] [http-nio-8080-exec-5] o.s.security.web.FilterChainProxy        : Secured GET /twd-jpy
2025-07-08T10:21:00.061+08:00 DEBUG 99473 --- [MyWebProject] [http-nio-8080-exec-2] o.s.security.web.FilterChainProxy        : Securing GET /check-login
2025-07-08T10:21:00.062+08:00 DEBUG 99473 --- [MyWebProject] [http-nio-8080-exec-1] o.s.security.web.FilterChainProxy        : Securing GET /userinfo
2025-07-08T10:21:00.061+08:00 DEBUG 99473 --- [MyWebProject] [http-nio-8080-exec-6] o.s.security.web.FilterChainProxy        : Securing GET /chatrooms?userId=3
2025-07-08T10:21:00.065+08:00 DEBUG 99473 --- [MyWebProject] [http-nio-8080-exec-9] o.s.security.web.FilterChainProxy        : Securing GET /products
2025-07-08T10:21:00.066+08:00 DEBUG 99473 --- [MyWebProject] [http-nio-8080-exec-9] o.s.s.w.a.AnonymousAuthenticationFilter  : Set SecurityContextHolder to anonymous SecurityContext
2025-07-08T10:21:00.067+08:00 DEBUG 99473 --- [MyWebProject] [http-nio-8080-exec-9] o.s.security.web.FilterChainProxy        : Secured GET /products
2025-07-08T10:21:00.072+08:00 DEBUG 99473 --- [MyWebProject] [http-nio-8080-exec-2] .s.ChangeSessionIdAuthenticationStrategy : Changed session id from 52CEE910E0B00403AA32F6D3388E93B7
2025-07-08T10:21:00.073+08:00 DEBUG 99473 --- [MyWebProject] [http-nio-8080-exec-2] o.s.security.web.FilterChainProxy        : Secured GET /check-login
2025-07-08T10:21:00.073+08:00 DEBUG 99473 --- [MyWebProject] [http-nio-8080-exec-6] o.s.security.web.FilterChainProxy        : Secured GET /chatrooms?userId=3
2025-07-08T10:21:00.074+08:00 DEBUG 99473 --- [MyWebProject] [http-nio-8080-exec-7] o.s.security.web.FilterChainProxy        : Securing GET /categories
2025-07-08T10:21:00.078+08:00 DEBUG 99473 --- [MyWebProject] [http-nio-8080-exec-7] o.s.s.w.a.AnonymousAuthenticationFilter  : Set SecurityContextHolder to anonymous SecurityContext
2025-07-08T10:21:00.079+08:00 DEBUG 99473 --- [MyWebProject] [http-nio-8080-exec-7] o.s.s.w.session.SessionManagementFilter  : Request requested invalid session id 52CEE910E0B00403AA32F6D3388E93B7
2025-07-08T10:21:00.083+08:00 DEBUG 99473 --- [MyWebProject] [http-nio-8080-exec-7] o.s.security.web.FilterChainProxy        : Secured GET /categories
2025-07-08T10:21:00.079+08:00 DEBUG 99473 --- [MyWebProject] [http-nio-8080-exec-1] o.s.security.web.FilterChainProxy        : Secured GET /userinfo
2025-07-08T10:21:00.118+08:00 DEBUG 99473 --- [MyWebProject] [http-nio-8080-exec-6] o.s.security.web.FilterChainProxy        : Securing GET /check-login
2025-07-08T10:21:00.122+08:00 DEBUG 99473 --- [MyWebProject] [http-nio-8080-exec-6] .s.ChangeSessionIdAuthenticationStrategy : Changed session id from 05C59682BAA558F36AE2D3C2D14ACC18
2025-07-08T10:21:00.122+08:00 DEBUG 99473 --- [MyWebProject] [http-nio-8080-exec-6] o.s.security.web.FilterChainProxy        : Secured GET /check-login
2025-07-08T10:21:00.123+08:00 DEBUG 99473 --- [MyWebProject] [http-nio-8080-exec-3] o.s.security.web.FilterChainProxy        : Securing GET /userinfo
2025-07-08T10:21:00.131+08:00 DEBUG 99473 --- [MyWebProject] [http-nio-8080-exec-4] o.s.security.web.FilterChainProxy        : Securing GET /products
2025-07-08T10:21:00.131+08:00 DEBUG 99473 --- [MyWebProject] [http-nio-8080-exec-4] o.s.s.w.a.AnonymousAuthenticationFilter  : Set SecurityContextHolder to anonymous SecurityContext
2025-07-08T10:21:00.132+08:00 DEBUG 99473 --- [MyWebProject] [http-nio-8080-exec-4] o.s.security.web.FilterChainProxy        : Secured GET /products
2025-07-08T10:21:00.132+08:00 DEBUG 99473 --- [MyWebProject] [http-nio-8080-exec-11] o.s.security.web.FilterChainProxy        : Securing GET /chatrooms?userId=3
2025-07-08T10:21:00.135+08:00 DEBUG 99473 --- [MyWebProject] [http-nio-8080-exec-5] o.s.security.web.FilterChainProxy        : Securing GET /categories
2025-07-08T10:21:00.136+08:00 DEBUG 99473 --- [MyWebProject] [http-nio-8080-exec-3] o.s.security.web.FilterChainProxy        : Secured GET /userinfo
2025-07-08T10:21:00.137+08:00 DEBUG 99473 --- [MyWebProject] [http-nio-8080-exec-5] o.s.s.w.a.AnonymousAuthenticationFilter  : Set SecurityContextHolder to anonymous SecurityContext
2025-07-08T10:21:00.137+08:00 DEBUG 99473 --- [MyWebProject] [http-nio-8080-exec-5] o.s.security.web.FilterChainProxy        : Secured GET /categories
2025-07-08T10:21:00.139+08:00 DEBUG 99473 --- [MyWebProject] [http-nio-8080-exec-11] o.s.security.web.FilterChainProxy        : Secured GET /chatrooms?userId=3
2025-07-08T10:21:00.334+08:00 DEBUG 99473 --- [MyWebProject] [http-nio-8080-exec-2] o.s.security.web.FilterChainProxy        : Securing GET /uploads/products/2_1751941101001_0.jpg
2025-07-08T10:21:00.335+08:00 DEBUG 99473 --- [MyWebProject] [http-nio-8080-exec-2] o.s.s.w.a.AnonymousAuthenticationFilter  : Set SecurityContextHolder to anonymous SecurityContext
2025-07-08T10:21:00.336+08:00 DEBUG 99473 --- [MyWebProject] [http-nio-8080-exec-2] o.s.security.web.FilterChainProxy        : Secured GET /uploads/products/2_1751941101001_0.jpg
2025-07-08T10:21:00.372+08:00 DEBUG 99473 --- [MyWebProject] [http-nio-8080-exec-1] o.s.security.web.FilterChainProxy        : Securing GET /check-login
2025-07-08T10:21:00.374+08:00 DEBUG 99473 --- [MyWebProject] [http-nio-8080-exec-9] o.s.security.web.FilterChainProxy        : Securing GET /userinfo
2025-07-08T10:21:00.374+08:00 DEBUG 99473 --- [MyWebProject] [http-nio-8080-exec-7] o.s.security.web.FilterChainProxy        : Securing GET /chatrooms?userId=3
2025-07-08T10:21:00.378+08:00 DEBUG 99473 --- [MyWebProject] [http-nio-8080-exec-8] o.s.security.web.FilterChainProxy        : Securing GET /store/all
2025-07-08T10:21:00.379+08:00 DEBUG 99473 --- [MyWebProject] [http-nio-8080-exec-8] o.s.s.w.a.AnonymousAuthenticationFilter  : Set SecurityContextHolder to anonymous SecurityContext
2025-07-08T10:21:00.379+08:00 DEBUG 99473 --- [MyWebProject] [http-nio-8080-exec-8] o.s.security.web.FilterChainProxy        : Secured GET /store/all
2025-07-08T10:21:00.381+08:00 DEBUG 99473 --- [MyWebProject] [http-nio-8080-exec-9] .s.ChangeSessionIdAuthenticationStrategy : Changed session id from BB0C623C3599BCC2349DDCC1D14733A0
2025-07-08T10:21:00.381+08:00 DEBUG 99473 --- [MyWebProject] [http-nio-8080-exec-9] o.s.security.web.FilterChainProxy        : Secured GET /userinfo
2025-07-08T10:21:00.383+08:00 DEBUG 99473 --- [MyWebProject] [http-nio-8080-exec-7] o.s.security.web.FilterChainProxy        : Secured GET /chatrooms?userId=3
2025-07-08T10:21:00.384+08:00 DEBUG 99473 --- [MyWebProject] [http-nio-8080-exec-1] o.s.security.web.FilterChainProxy        : Secured GET /check-login
2025-07-08T10:21:00.408+08:00 DEBUG 99473 --- [MyWebProject] [http-nio-8080-exec-6] o.s.security.web.FilterChainProxy        : Securing GET /store/all
2025-07-08T10:21:00.409+08:00 DEBUG 99473 --- [MyWebProject] [http-nio-8080-exec-6] o.s.s.w.a.AnonymousAuthenticationFilter  : Set SecurityContextHolder to anonymous SecurityContext
2025-07-08T10:21:00.409+08:00 DEBUG 99473 --- [MyWebProject] [http-nio-8080-exec-6] o.s.s.w.session.SessionManagementFilter  : Request requested invalid session id BB0C623C3599BCC2349DDCC1D14733A0
2025-07-08T10:21:00.409+08:00 DEBUG 99473 --- [MyWebProject] [http-nio-8080-exec-6] o.s.security.web.FilterChainProxy        : Secured GET /store/all
2025-07-08T10:21:00.516+08:00 DEBUG 99473 --- [MyWebProject] [http-nio-8080-exec-3] o.s.security.web.FilterChainProxy        : Securing GET /chatrooms?userId=3
2025-07-08T10:21:00.519+08:00 DEBUG 99473 --- [MyWebProject] [http-nio-8080-exec-3] .s.ChangeSessionIdAuthenticationStrategy : Changed session id from FEF3EEDE7E92D2A0E099DD16CB90E3D5
2025-07-08T10:21:00.520+08:00 DEBUG 99473 --- [MyWebProject] [http-nio-8080-exec-3] o.s.security.web.FilterChainProxy        : Secured GET /chatrooms?userId=3
2025-07-08T10:42:04.049+08:00  INFO 99473 --- [MyWebProject] [MessageBroker-4] o.s.w.s.c.WebSocketMessageBrokerStats    : WebSocketSession[0 current WS(0)-HttpStream(0)-HttpPoll(0), 4 total, 0 closed abnormally (0 connect failure, 0 send limit, 0 transport error)], stompSubProtocol[processed CONNECT(4)-CONNECTED(4)-DISCONNECT(4)], stompBrokerRelay[null], inboundChannel[pool size = 0, active threads = 0, queued tasks = 0, completed tasks = 48], outboundChannel[pool size = 0, active threads = 0, queued tasks = 0, completed tasks = 12], sockJsScheduler[pool size = 4, active threads = 1, queued tasks = 1, completed tasks = 1114]
2025-07-08T11:12:04.177+08:00  INFO 99473 --- [MyWebProject] [MessageBroker-4] o.s.w.s.c.WebSocketMessageBrokerStats    : WebSocketSession[0 current WS(0)-HttpStream(0)-HttpPoll(0), 4 total, 0 closed abnormally (0 connect failure, 0 send limit, 0 transport error)], stompSubProtocol[processed CONNECT(4)-CONNECTED(4)-DISCONNECT(4)], stompBrokerRelay[null], inboundChannel[pool size = 0, active threads = 0, queued tasks = 0, completed tasks = 48], outboundChannel[pool size = 0, active threads = 0, queued tasks = 0, completed tasks = 12], sockJsScheduler[pool size = 4, active threads = 1, queued tasks = 1, completed tasks = 1475]
2025-07-08T11:12:50.788+08:00 DEBUG 99473 --- [MyWebProject] [http-nio-8080-exec-3] o.s.security.web.FilterChainProxy        : Securing GET /products
2025-07-08T11:12:50.787+08:00 DEBUG 99473 --- [MyWebProject] [http-nio-8080-exec-6] o.s.security.web.FilterChainProxy        : Securing OPTIONS /userinfo
2025-07-08T11:12:50.787+08:00 DEBUG 99473 --- [MyWebProject] [http-nio-8080-exec-4] o.s.security.web.FilterChainProxy        : Securing OPTIONS /check-login
2025-07-08T11:12:50.787+08:00 DEBUG 99473 --- [MyWebProject] [http-nio-8080-exec-5] o.s.security.web.FilterChainProxy        : Securing OPTIONS /chatrooms?userId=3
2025-07-08T11:12:50.787+08:00 DEBUG 99473 --- [MyWebProject] [http-nio-8080-exec-11] o.s.security.web.FilterChainProxy        : Securing OPTIONS /userinfo
2025-07-08T11:12:50.787+08:00 DEBUG 99473 --- [MyWebProject] [http-nio-8080-exec-9] o.s.security.web.FilterChainProxy        : Securing OPTIONS /check-login
2025-07-08T11:12:50.787+08:00 DEBUG 99473 --- [MyWebProject] [http-nio-8080-exec-2] o.s.security.web.FilterChainProxy        : Securing GET /categories
2025-07-08T11:12:50.788+08:00 DEBUG 99473 --- [MyWebProject] [http-nio-8080-exec-7] o.s.security.web.FilterChainProxy        : Securing OPTIONS /chatrooms?userId=3
2025-07-08T11:12:50.824+08:00 DEBUG 99473 --- [MyWebProject] [http-nio-8080-exec-3] o.s.s.w.a.AnonymousAuthenticationFilter  : Set SecurityContextHolder to anonymous SecurityContext
2025-07-08T11:12:50.825+08:00 DEBUG 99473 --- [MyWebProject] [http-nio-8080-exec-2] o.s.s.w.a.AnonymousAuthenticationFilter  : Set SecurityContextHolder to anonymous SecurityContext
2025-07-08T11:12:50.829+08:00 DEBUG 99473 --- [MyWebProject] [http-nio-8080-exec-3] o.s.s.w.session.SessionManagementFilter  : Request requested invalid session id DFEF1C48E0DAF5166C53983E09BB9CBB
2025-07-08T11:12:50.829+08:00 DEBUG 99473 --- [MyWebProject] [http-nio-8080-exec-2] o.s.s.w.session.SessionManagementFilter  : Request requested invalid session id DFEF1C48E0DAF5166C53983E09BB9CBB
2025-07-08T11:12:50.832+08:00 DEBUG 99473 --- [MyWebProject] [http-nio-8080-exec-3] o.s.security.web.FilterChainProxy        : Secured GET /products
2025-07-08T11:12:50.832+08:00 DEBUG 99473 --- [MyWebProject] [http-nio-8080-exec-2] o.s.security.web.FilterChainProxy        : Secured GET /categories
2025-07-08T11:12:50.859+08:00 DEBUG 99473 --- [MyWebProject] [http-nio-8080-exec-4] o.s.security.web.FilterChainProxy        : Securing GET /check-login
2025-07-08T11:12:50.865+08:00 DEBUG 99473 --- [MyWebProject] [http-nio-8080-exec-1] o.s.security.web.FilterChainProxy        : Securing GET /chatrooms?userId=3
2025-07-08T11:12:50.867+08:00 DEBUG 99473 --- [MyWebProject] [http-nio-8080-exec-8] o.s.security.web.FilterChainProxy        : Securing GET /userinfo
2025-07-08T11:12:50.913+08:00 DEBUG 99473 --- [MyWebProject] [http-nio-8080-exec-8] o.s.security.web.FilterChainProxy        : Secured GET /userinfo
2025-07-08T11:12:50.913+08:00 DEBUG 99473 --- [MyWebProject] [http-nio-8080-exec-1] o.s.security.web.FilterChainProxy        : Secured GET /chatrooms?userId=3
2025-07-08T11:12:50.922+08:00 DEBUG 99473 --- [MyWebProject] [http-nio-8080-exec-4] o.s.security.web.FilterChainProxy        : Secured GET /check-login
2025-07-08T11:12:51.012+08:00 DEBUG 99473 --- [MyWebProject] [http-nio-8080-exec-7] o.s.security.web.FilterChainProxy        : Securing GET /check-login
2025-07-08T11:12:51.015+08:00 DEBUG 99473 --- [MyWebProject] [http-nio-8080-exec-6] o.s.security.web.FilterChainProxy        : Securing GET /userinfo
2025-07-08T11:12:51.022+08:00 DEBUG 99473 --- [MyWebProject] [http-nio-8080-exec-7] o.s.security.web.FilterChainProxy        : Secured GET /check-login
2025-07-08T11:12:51.024+08:00 DEBUG 99473 --- [MyWebProject] [http-nio-8080-exec-6] o.s.security.web.FilterChainProxy        : Secured GET /userinfo
2025-07-08T11:12:51.061+08:00 DEBUG 99473 --- [MyWebProject] [http-nio-8080-exec-9] o.s.security.web.FilterChainProxy        : Securing GET /categories
2025-07-08T11:12:51.063+08:00 DEBUG 99473 --- [MyWebProject] [http-nio-8080-exec-9] o.s.s.w.a.AnonymousAuthenticationFilter  : Set SecurityContextHolder to anonymous SecurityContext
2025-07-08T11:12:51.065+08:00 DEBUG 99473 --- [MyWebProject] [http-nio-8080-exec-9] o.s.s.w.session.SessionManagementFilter  : Request requested invalid session id DFEF1C48E0DAF5166C53983E09BB9CBB
2025-07-08T11:12:51.066+08:00 DEBUG 99473 --- [MyWebProject] [http-nio-8080-exec-9] o.s.security.web.FilterChainProxy        : Secured GET /categories
2025-07-08T11:12:51.254+08:00 DEBUG 99473 --- [MyWebProject] [http-nio-8080-exec-11] o.s.security.web.FilterChainProxy        : Securing GET /userinfo
2025-07-08T11:12:51.257+08:00 DEBUG 99473 --- [MyWebProject] [http-nio-8080-exec-5] o.s.security.web.FilterChainProxy        : Securing GET /check-login
2025-07-08T11:12:51.262+08:00 DEBUG 99473 --- [MyWebProject] [http-nio-8080-exec-11] .s.ChangeSessionIdAuthenticationStrategy : Changed session id from 83E78DEBABCC046E87C112C4DE4D72A6
2025-07-08T11:12:51.263+08:00 DEBUG 99473 --- [MyWebProject] [http-nio-8080-exec-11] o.s.security.web.FilterChainProxy        : Secured GET /userinfo
2025-07-08T11:12:51.264+08:00 DEBUG 99473 --- [MyWebProject] [http-nio-8080-exec-5] o.s.security.web.FilterChainProxy        : Secured GET /check-login
2025-07-08T11:12:51.363+08:00 DEBUG 99473 --- [MyWebProject] [http-nio-8080-exec-3] o.s.security.web.FilterChainProxy        : Securing GET /products
2025-07-08T11:12:51.364+08:00 DEBUG 99473 --- [MyWebProject] [http-nio-8080-exec-3] o.s.s.w.a.AnonymousAuthenticationFilter  : Set SecurityContextHolder to anonymous SecurityContext
2025-07-08T11:12:51.365+08:00 DEBUG 99473 --- [MyWebProject] [http-nio-8080-exec-3] o.s.s.w.session.SessionManagementFilter  : Request requested invalid session id DFEF1C48E0DAF5166C53983E09BB9CBB
2025-07-08T11:12:51.365+08:00 DEBUG 99473 --- [MyWebProject] [http-nio-8080-exec-3] o.s.security.web.FilterChainProxy        : Secured GET /products
2025-07-08T11:12:51.369+08:00 DEBUG 99473 --- [MyWebProject] [http-nio-8080-exec-1] o.s.security.web.FilterChainProxy        : Securing GET /chatrooms?userId=3
2025-07-08T11:12:51.435+08:00 DEBUG 99473 --- [MyWebProject] [http-nio-8080-exec-7] o.s.security.web.FilterChainProxy        : Securing GET /store/all
2025-07-08T11:12:51.436+08:00 DEBUG 99473 --- [MyWebProject] [http-nio-8080-exec-7] o.s.s.w.a.AnonymousAuthenticationFilter  : Set SecurityContextHolder to anonymous SecurityContext
2025-07-08T11:12:51.437+08:00 DEBUG 99473 --- [MyWebProject] [http-nio-8080-exec-7] o.s.security.web.FilterChainProxy        : Secured GET /store/all
2025-07-08T11:12:51.465+08:00 DEBUG 99473 --- [MyWebProject] [http-nio-8080-exec-6] o.s.security.web.FilterChainProxy        : Securing GET /uploads/products/2_1751941101001_0.jpg
2025-07-08T11:12:51.465+08:00 DEBUG 99473 --- [MyWebProject] [http-nio-8080-exec-6] o.s.s.w.a.AnonymousAuthenticationFilter  : Set SecurityContextHolder to anonymous SecurityContext
2025-07-08T11:12:51.465+08:00 DEBUG 99473 --- [MyWebProject] [http-nio-8080-exec-6] o.s.security.web.FilterChainProxy        : Secured GET /uploads/products/2_1751941101001_0.jpg
2025-07-08T11:12:51.469+08:00 DEBUG 99473 --- [MyWebProject] [http-nio-8080-exec-1] o.s.security.web.FilterChainProxy        : Secured GET /chatrooms?userId=3
2025-07-08T11:12:51.512+08:00 DEBUG 99473 --- [MyWebProject] [http-nio-8080-exec-2] o.s.security.web.FilterChainProxy        : Securing GET /store/all
2025-07-08T11:12:51.513+08:00 DEBUG 99473 --- [MyWebProject] [http-nio-8080-exec-2] o.s.s.w.a.AnonymousAuthenticationFilter  : Set SecurityContextHolder to anonymous SecurityContext
2025-07-08T11:12:51.513+08:00 DEBUG 99473 --- [MyWebProject] [http-nio-8080-exec-2] o.s.security.web.FilterChainProxy        : Secured GET /store/all
2025-07-08T11:12:51.542+08:00 DEBUG 99473 --- [MyWebProject] [http-nio-8080-exec-9] o.s.security.web.FilterChainProxy        : Securing GET /chatrooms?userId=3
2025-07-08T11:12:51.548+08:00 DEBUG 99473 --- [MyWebProject] [http-nio-8080-exec-9] o.s.security.web.FilterChainProxy        : Secured GET /chatrooms?userId=3
2025-07-08T11:12:51.573+08:00 DEBUG 99473 --- [MyWebProject] [http-nio-8080-exec-5] o.s.security.web.FilterChainProxy        : Securing GET /chatrooms?userId=3
2025-07-08T11:12:51.577+08:00 DEBUG 99473 --- [MyWebProject] [http-nio-8080-exec-5] .s.ChangeSessionIdAuthenticationStrategy : Changed session id from 5D134792FC0070A957F37446824AB5DB
2025-07-08T11:12:51.578+08:00 DEBUG 99473 --- [MyWebProject] [http-nio-8080-exec-5] o.s.security.web.FilterChainProxy        : Secured GET /chatrooms?userId=3
2025-07-08T11:12:53.662+08:00 DEBUG 99473 --- [MyWebProject] [http-nio-8080-exec-11] o.s.security.web.FilterChainProxy        : Securing OPTIONS /product/view/2
2025-07-08T11:12:53.693+08:00 DEBUG 99473 --- [MyWebProject] [http-nio-8080-exec-11] o.s.security.web.FilterChainProxy        : Securing GET /product/2
2025-07-08T11:12:53.698+08:00 DEBUG 99473 --- [MyWebProject] [http-nio-8080-exec-11] o.s.s.w.a.AnonymousAuthenticationFilter  : Set SecurityContextHolder to anonymous SecurityContext
2025-07-08T11:12:53.698+08:00 DEBUG 99473 --- [MyWebProject] [http-nio-8080-exec-11] o.s.security.web.FilterChainProxy        : Secured GET /product/2
2025-07-08T11:12:53.698+08:00 DEBUG 99473 --- [MyWebProject] [http-nio-8080-exec-7] o.s.security.web.FilterChainProxy        : Securing PUT /product/view/2
2025-07-08T11:12:53.698+08:00 DEBUG 99473 --- [MyWebProject] [http-nio-8080-exec-8] o.s.security.web.FilterChainProxy        : Securing OPTIONS /product/view/2
2025-07-08T11:12:53.700+08:00 DEBUG 99473 --- [MyWebProject] [http-nio-8080-exec-7] o.s.s.w.a.AnonymousAuthenticationFilter  : Set SecurityContextHolder to anonymous SecurityContext
2025-07-08T11:12:53.702+08:00 DEBUG 99473 --- [MyWebProject] [http-nio-8080-exec-7] o.s.security.web.FilterChainProxy        : Secured PUT /product/view/2
2025-07-08T11:12:53.701+08:00 DEBUG 99473 --- [MyWebProject] [http-nio-8080-exec-6] o.s.security.web.FilterChainProxy        : Securing GET /twd-jpy
2025-07-08T11:12:53.703+08:00 DEBUG 99473 --- [MyWebProject] [http-nio-8080-exec-6] o.s.s.w.a.AnonymousAuthenticationFilter  : Set SecurityContextHolder to anonymous SecurityContext
2025-07-08T11:12:53.703+08:00 DEBUG 99473 --- [MyWebProject] [http-nio-8080-exec-6] o.s.security.web.FilterChainProxy        : Secured GET /twd-jpy
2025-07-08T11:12:53.701+08:00 DEBUG 99473 --- [MyWebProject] [http-nio-8080-exec-2] o.s.security.web.FilterChainProxy        : Securing GET /store/all
2025-07-08T11:12:53.705+08:00 DEBUG 99473 --- [MyWebProject] [http-nio-8080-exec-1] o.s.security.web.FilterChainProxy        : Securing PUT /product/view/2
2025-07-08T11:12:53.706+08:00 DEBUG 99473 --- [MyWebProject] [http-nio-8080-exec-2] o.s.s.w.a.AnonymousAuthenticationFilter  : Set SecurityContextHolder to anonymous SecurityContext
2025-07-08T11:12:53.707+08:00 DEBUG 99473 --- [MyWebProject] [http-nio-8080-exec-2] o.s.security.web.FilterChainProxy        : Secured GET /store/all
2025-07-08T11:12:53.708+08:00 DEBUG 99473 --- [MyWebProject] [http-nio-8080-exec-1] o.s.s.w.a.AnonymousAuthenticationFilter  : Set SecurityContextHolder to anonymous SecurityContext
2025-07-08T11:12:53.708+08:00 DEBUG 99473 --- [MyWebProject] [http-nio-8080-exec-1] o.s.security.web.FilterChainProxy        : Secured PUT /product/view/2
2025-07-08T11:12:53.732+08:00 DEBUG 99473 --- [MyWebProject] [http-nio-8080-exec-3] o.s.security.web.FilterChainProxy        : Securing GET /store/all
2025-07-08T11:12:53.732+08:00 DEBUG 99473 --- [MyWebProject] [http-nio-8080-exec-3] o.s.s.w.a.AnonymousAuthenticationFilter  : Set SecurityContextHolder to anonymous SecurityContext
2025-07-08T11:12:53.733+08:00 DEBUG 99473 --- [MyWebProject] [http-nio-8080-exec-3] o.s.security.web.FilterChainProxy        : Secured GET /store/all
2025-07-08T11:12:53.745+08:00 DEBUG 99473 --- [MyWebProject] [http-nio-8080-exec-9] o.s.security.web.FilterChainProxy        : Securing GET /product/2
2025-07-08T11:12:53.746+08:00 DEBUG 99473 --- [MyWebProject] [http-nio-8080-exec-9] o.s.s.w.a.AnonymousAuthenticationFilter  : Set SecurityContextHolder to anonymous SecurityContext
2025-07-08T11:12:53.746+08:00 DEBUG 99473 --- [MyWebProject] [http-nio-8080-exec-9] o.s.security.web.FilterChainProxy        : Secured GET /product/2
2025-07-08T11:12:53.768+08:00 DEBUG 99473 --- [MyWebProject] [http-nio-8080-exec-5] o.s.security.web.FilterChainProxy        : Securing GET /uploads/products/2_1751941101001_0.jpg
2025-07-08T11:12:53.768+08:00 DEBUG 99473 --- [MyWebProject] [http-nio-8080-exec-5] o.s.s.w.a.AnonymousAuthenticationFilter  : Set SecurityContextHolder to anonymous SecurityContext
2025-07-08T11:12:53.770+08:00 DEBUG 99473 --- [MyWebProject] [http-nio-8080-exec-5] o.s.security.web.FilterChainProxy        : Secured GET /uploads/products/2_1751941101001_0.jpg
2025-07-08T11:12:53.797+08:00 DEBUG 99473 --- [MyWebProject] [http-nio-8080-exec-4] o.s.security.web.FilterChainProxy        : Securing GET /check-login
2025-07-08T11:12:53.801+08:00 DEBUG 99473 --- [MyWebProject] [http-nio-8080-exec-8] o.s.security.web.FilterChainProxy        : Securing GET /userinfo
2025-07-08T11:12:53.801+08:00 DEBUG 99473 --- [MyWebProject] [http-nio-8080-exec-4] .s.ChangeSessionIdAuthenticationStrategy : Changed session id from 692F299F4206248845D3B8402F30DB12
2025-07-08T11:12:53.802+08:00 DEBUG 99473 --- [MyWebProject] [http-nio-8080-exec-2] o.s.security.web.FilterChainProxy        : Securing GET /chatrooms?userId=3
2025-07-08T11:12:53.802+08:00 DEBUG 99473 --- [MyWebProject] [http-nio-8080-exec-4] o.s.security.web.FilterChainProxy        : Secured GET /check-login
2025-07-08T11:12:53.807+08:00 DEBUG 99473 --- [MyWebProject] [http-nio-8080-exec-2] o.s.security.web.FilterChainProxy        : Secured GET /chatrooms?userId=3
2025-07-08T11:12:53.807+08:00 DEBUG 99473 --- [MyWebProject] [http-nio-8080-exec-11] o.s.security.web.FilterChainProxy        : Securing GET /check-login
2025-07-08T11:12:53.809+08:00 DEBUG 99473 --- [MyWebProject] [http-nio-8080-exec-8] o.s.security.web.FilterChainProxy        : Secured GET /userinfo
2025-07-08T11:12:53.812+08:00 DEBUG 99473 --- [MyWebProject] [http-nio-8080-exec-11] o.s.security.web.FilterChainProxy        : Secured GET /check-login
2025-07-08T11:12:53.820+08:00 DEBUG 99473 --- [MyWebProject] [http-nio-8080-exec-7] o.s.security.web.FilterChainProxy        : Securing GET /userinfo
2025-07-08T11:12:53.825+08:00 DEBUG 99473 --- [MyWebProject] [http-nio-8080-exec-3] o.s.security.web.FilterChainProxy        : Securing GET /chatrooms?userId=3
2025-07-08T11:12:53.829+08:00 DEBUG 99473 --- [MyWebProject] [http-nio-8080-exec-7] o.s.security.web.FilterChainProxy        : Secured GET /userinfo
2025-07-08T11:12:53.830+08:00 DEBUG 99473 --- [MyWebProject] [http-nio-8080-exec-3] o.s.security.web.FilterChainProxy        : Secured GET /chatrooms?userId=3
2025-07-08T11:12:53.868+08:00 DEBUG 99473 --- [MyWebProject] [http-nio-8080-exec-5] o.s.security.web.FilterChainProxy        : Securing GET /uploads/products/2_1751941193123_0.jpg
2025-07-08T11:12:53.869+08:00 DEBUG 99473 --- [MyWebProject] [http-nio-8080-exec-5] o.s.s.w.a.AnonymousAuthenticationFilter  : Set SecurityContextHolder to anonymous SecurityContext
2025-07-08T11:12:53.869+08:00 DEBUG 99473 --- [MyWebProject] [http-nio-8080-exec-4] o.s.security.web.FilterChainProxy        : Securing GET /uploads/products/2_1751941193156_2.jpg
2025-07-08T11:12:53.869+08:00 DEBUG 99473 --- [MyWebProject] [http-nio-8080-exec-1] o.s.security.web.FilterChainProxy        : Securing GET /uploads/products/2_1751941193146_1.jpg
2025-07-08T11:12:53.870+08:00 DEBUG 99473 --- [MyWebProject] [http-nio-8080-exec-5] o.s.security.web.FilterChainProxy        : Secured GET /uploads/products/2_1751941193123_0.jpg
2025-07-08T11:12:53.870+08:00 DEBUG 99473 --- [MyWebProject] [http-nio-8080-exec-1] o.s.s.w.a.AnonymousAuthenticationFilter  : Set SecurityContextHolder to anonymous SecurityContext
2025-07-08T11:12:53.870+08:00 DEBUG 99473 --- [MyWebProject] [http-nio-8080-exec-1] o.s.security.web.FilterChainProxy        : Secured GET /uploads/products/2_1751941193146_1.jpg
2025-07-08T11:12:53.870+08:00 DEBUG 99473 --- [MyWebProject] [http-nio-8080-exec-4] o.s.s.w.a.AnonymousAuthenticationFilter  : Set SecurityContextHolder to anonymous SecurityContext
2025-07-08T11:12:53.871+08:00 DEBUG 99473 --- [MyWebProject] [http-nio-8080-exec-4] o.s.security.web.FilterChainProxy        : Secured GET /uploads/products/2_1751941193156_2.jpg
2025-07-08T11:12:53.987+08:00 DEBUG 99473 --- [MyWebProject] [http-nio-8080-exec-2] o.s.security.web.FilterChainProxy        : Securing GET /userinfo
2025-07-08T11:12:53.987+08:00 DEBUG 99473 --- [MyWebProject] [http-nio-8080-exec-11] o.s.security.web.FilterChainProxy        : Securing GET /check-login
2025-07-08T11:12:53.986+08:00 DEBUG 99473 --- [MyWebProject] [http-nio-8080-exec-8] o.s.security.web.FilterChainProxy        : Securing GET /chatrooms?userId=3
2025-07-08T11:12:53.992+08:00 DEBUG 99473 --- [MyWebProject] [http-nio-8080-exec-8] .s.ChangeSessionIdAuthenticationStrategy : Changed session id from AC9D38ABC017B1FE4A0DEC1FB1F6F6EB
2025-07-08T11:12:53.993+08:00 DEBUG 99473 --- [MyWebProject] [http-nio-8080-exec-8] o.s.security.web.FilterChainProxy        : Secured GET /chatrooms?userId=3
2025-07-08T11:12:54.004+08:00 DEBUG 99473 --- [MyWebProject] [http-nio-8080-exec-11] o.s.security.web.FilterChainProxy        : Secured GET /check-login
2025-07-08T11:12:54.029+08:00 DEBUG 99473 --- [MyWebProject] [http-nio-8080-exec-2] o.s.security.web.FilterChainProxy        : Secured GET /userinfo
2025-07-08T11:12:54.076+08:00 DEBUG 99473 --- [MyWebProject] [http-nio-8080-exec-9] o.s.security.web.FilterChainProxy        : Securing GET /chatrooms?userId=3
2025-07-08T11:12:54.079+08:00 DEBUG 99473 --- [MyWebProject] [http-nio-8080-exec-9] .s.ChangeSessionIdAuthenticationStrategy : Changed session id from EFAA395A99003D693A893F07B359869E
2025-07-08T11:12:54.079+08:00 DEBUG 99473 --- [MyWebProject] [http-nio-8080-exec-9] o.s.security.web.FilterChainProxy        : Secured GET /chatrooms?userId=3
2025-07-08T11:12:54.520+08:00 DEBUG 99473 --- [MyWebProject] [http-nio-8080-exec-7] o.s.security.web.FilterChainProxy        : Securing GET /twd-jpy
2025-07-08T11:12:54.523+08:00 DEBUG 99473 --- [MyWebProject] [http-nio-8080-exec-7] o.s.s.w.a.AnonymousAuthenticationFilter  : Set SecurityContextHolder to anonymous SecurityContext
2025-07-08T11:12:54.523+08:00 DEBUG 99473 --- [MyWebProject] [http-nio-8080-exec-7] o.s.s.w.session.SessionManagementFilter  : Request requested invalid session id 692F299F4206248845D3B8402F30DB12
2025-07-08T11:12:54.524+08:00 DEBUG 99473 --- [MyWebProject] [http-nio-8080-exec-7] o.s.security.web.FilterChainProxy        : Secured GET /twd-jpy
2025-07-08T11:13:00.525+08:00 DEBUG 99473 --- [MyWebProject] [http-nio-8080-exec-3] o.s.security.web.FilterChainProxy        : Securing OPTIONS /logout
2025-07-08T11:13:00.531+08:00 DEBUG 99473 --- [MyWebProject] [http-nio-8080-exec-4] o.s.security.web.FilterChainProxy        : Securing GET /logout
2025-07-08T11:13:00.532+08:00 DEBUG 99473 --- [MyWebProject] [http-nio-8080-exec-4] o.s.s.w.a.logout.LogoutFilter            : Logging out [null]
2025-07-08T11:13:00.542+08:00 DEBUG 99473 --- [MyWebProject] [http-nio-8080-exec-4] o.s.s.web.DefaultRedirectStrategy        : Redirecting to /login?logout
2025-07-08T11:13:00.560+08:00 DEBUG 99473 --- [MyWebProject] [http-nio-8080-exec-1] o.s.security.web.FilterChainProxy        : Securing GET /login?logout
2025-07-08T11:13:00.577+08:00 DEBUG 99473 --- [MyWebProject] [http-nio-8080-exec-1] o.s.security.web.FilterChainProxy        : Secured GET /login?logout
2025-07-08T11:13:00.588+08:00  WARN 99473 --- [MyWebProject] [http-nio-8080-exec-1] .w.s.m.s.DefaultHandlerExceptionResolver : Resolved [org.springframework.web.HttpRequestMethodNotSupportedException: Request method 'GET' is not supported]
2025-07-08T11:13:00.603+08:00 DEBUG 99473 --- [MyWebProject] [http-nio-8080-exec-1] o.s.security.web.FilterChainProxy        : Securing GET /error?logout
2025-07-08T11:13:00.605+08:00 DEBUG 99473 --- [MyWebProject] [http-nio-8080-exec-1] o.s.s.w.a.AnonymousAuthenticationFilter  : Set SecurityContextHolder to anonymous SecurityContext
2025-07-08T11:13:00.622+08:00 DEBUG 99473 --- [MyWebProject] [http-nio-8080-exec-1] o.s.s.w.a.Http403ForbiddenEntryPoint     : Pre-authenticated entry point called. Rejecting access
2025-07-08T11:13:01.684+08:00 DEBUG 99473 --- [MyWebProject] [http-nio-8080-exec-2] o.s.security.web.FilterChainProxy        : Securing GET /userinfo
2025-07-08T11:13:01.684+08:00 DEBUG 99473 --- [MyWebProject] [http-nio-8080-exec-5] o.s.security.web.FilterChainProxy        : Securing GET /check-login
2025-07-08T11:13:01.685+08:00 DEBUG 99473 --- [MyWebProject] [http-nio-8080-exec-2] o.s.s.w.a.AnonymousAuthenticationFilter  : Set SecurityContextHolder to anonymous SecurityContext
2025-07-08T11:13:01.684+08:00 DEBUG 99473 --- [MyWebProject] [http-nio-8080-exec-11] o.s.security.web.FilterChainProxy        : Securing GET /products
2025-07-08T11:13:01.686+08:00 DEBUG 99473 --- [MyWebProject] [http-nio-8080-exec-5] o.s.s.w.a.AnonymousAuthenticationFilter  : Set SecurityContextHolder to anonymous SecurityContext
2025-07-08T11:13:01.686+08:00 DEBUG 99473 --- [MyWebProject] [http-nio-8080-exec-2] o.s.s.w.a.Http403ForbiddenEntryPoint     : Pre-authenticated entry point called. Rejecting access
2025-07-08T11:13:01.687+08:00 DEBUG 99473 --- [MyWebProject] [http-nio-8080-exec-5] o.s.s.w.a.Http403ForbiddenEntryPoint     : Pre-authenticated entry point called. Rejecting access
2025-07-08T11:13:01.687+08:00 DEBUG 99473 --- [MyWebProject] [http-nio-8080-exec-2] o.s.security.web.FilterChainProxy        : Securing GET /error
2025-07-08T11:13:01.688+08:00 DEBUG 99473 --- [MyWebProject] [http-nio-8080-exec-5] o.s.security.web.FilterChainProxy        : Securing GET /error
2025-07-08T11:13:01.688+08:00 DEBUG 99473 --- [MyWebProject] [http-nio-8080-exec-5] o.s.s.w.a.AnonymousAuthenticationFilter  : Set SecurityContextHolder to anonymous SecurityContext
2025-07-08T11:13:01.688+08:00 DEBUG 99473 --- [MyWebProject] [http-nio-8080-exec-5] o.s.s.w.a.Http403ForbiddenEntryPoint     : Pre-authenticated entry point called. Rejecting access
2025-07-08T11:13:01.694+08:00 DEBUG 99473 --- [MyWebProject] [http-nio-8080-exec-2] o.s.s.w.a.AnonymousAuthenticationFilter  : Set SecurityContextHolder to anonymous SecurityContext
2025-07-08T11:13:01.694+08:00 DEBUG 99473 --- [MyWebProject] [http-nio-8080-exec-11] o.s.s.w.a.AnonymousAuthenticationFilter  : Set SecurityContextHolder to anonymous SecurityContext
2025-07-08T11:13:01.694+08:00 DEBUG 99473 --- [MyWebProject] [http-nio-8080-exec-11] o.s.security.web.FilterChainProxy        : Secured GET /products
2025-07-08T11:13:01.694+08:00 DEBUG 99473 --- [MyWebProject] [http-nio-8080-exec-2] o.s.s.w.a.Http403ForbiddenEntryPoint     : Pre-authenticated entry point called. Rejecting access
2025-07-08T11:13:01.701+08:00 DEBUG 99473 --- [MyWebProject] [http-nio-8080-exec-2] o.s.security.web.FilterChainProxy        : Securing GET /check-login
2025-07-08T11:13:01.702+08:00 DEBUG 99473 --- [MyWebProject] [http-nio-8080-exec-9] o.s.security.web.FilterChainProxy        : Securing GET /userinfo
2025-07-08T11:13:01.703+08:00 DEBUG 99473 --- [MyWebProject] [http-nio-8080-exec-2] o.s.s.w.a.AnonymousAuthenticationFilter  : Set SecurityContextHolder to anonymous SecurityContext
2025-07-08T11:13:01.703+08:00 DEBUG 99473 --- [MyWebProject] [http-nio-8080-exec-9] o.s.s.w.a.AnonymousAuthenticationFilter  : Set SecurityContextHolder to anonymous SecurityContext
2025-07-08T11:13:01.704+08:00 DEBUG 99473 --- [MyWebProject] [http-nio-8080-exec-9] o.s.s.w.a.Http403ForbiddenEntryPoint     : Pre-authenticated entry point called. Rejecting access
2025-07-08T11:13:01.708+08:00 DEBUG 99473 --- [MyWebProject] [http-nio-8080-exec-9] o.s.security.web.FilterChainProxy        : Securing GET /error
2025-07-08T11:13:01.709+08:00 DEBUG 99473 --- [MyWebProject] [http-nio-8080-exec-9] o.s.s.w.a.AnonymousAuthenticationFilter  : Set SecurityContextHolder to anonymous SecurityContext
2025-07-08T11:13:01.709+08:00 DEBUG 99473 --- [MyWebProject] [http-nio-8080-exec-9] o.s.s.w.a.Http403ForbiddenEntryPoint     : Pre-authenticated entry point called. Rejecting access
2025-07-08T11:13:01.710+08:00 DEBUG 99473 --- [MyWebProject] [http-nio-8080-exec-2] o.s.s.w.a.Http403ForbiddenEntryPoint     : Pre-authenticated entry point called. Rejecting access
2025-07-08T11:13:01.713+08:00 DEBUG 99473 --- [MyWebProject] [http-nio-8080-exec-2] o.s.security.web.FilterChainProxy        : Securing GET /error
2025-07-08T11:13:01.715+08:00 DEBUG 99473 --- [MyWebProject] [http-nio-8080-exec-2] o.s.s.w.a.AnonymousAuthenticationFilter  : Set SecurityContextHolder to anonymous SecurityContext
2025-07-08T11:13:01.715+08:00 DEBUG 99473 --- [MyWebProject] [http-nio-8080-exec-2] o.s.s.w.a.Http403ForbiddenEntryPoint     : Pre-authenticated entry point called. Rejecting access
2025-07-08T11:13:01.716+08:00 DEBUG 99473 --- [MyWebProject] [http-nio-8080-exec-6] o.s.security.web.FilterChainProxy        : Securing GET /userinfo
2025-07-08T11:13:01.717+08:00 DEBUG 99473 --- [MyWebProject] [http-nio-8080-exec-6] o.s.s.w.a.AnonymousAuthenticationFilter  : Set SecurityContextHolder to anonymous SecurityContext
2025-07-08T11:13:01.720+08:00 DEBUG 99473 --- [MyWebProject] [http-nio-8080-exec-6] o.s.s.w.a.Http403ForbiddenEntryPoint     : Pre-authenticated entry point called. Rejecting access
2025-07-08T11:13:01.721+08:00 DEBUG 99473 --- [MyWebProject] [http-nio-8080-exec-6] o.s.security.web.FilterChainProxy        : Securing GET /error
2025-07-08T11:13:01.725+08:00 DEBUG 99473 --- [MyWebProject] [http-nio-8080-exec-7] o.s.security.web.FilterChainProxy        : Securing GET /check-login
2025-07-08T11:13:01.729+08:00 DEBUG 99473 --- [MyWebProject] [http-nio-8080-exec-6] o.s.s.w.a.AnonymousAuthenticationFilter  : Set SecurityContextHolder to anonymous SecurityContext
2025-07-08T11:13:01.729+08:00 DEBUG 99473 --- [MyWebProject] [http-nio-8080-exec-7] o.s.s.w.a.AnonymousAuthenticationFilter  : Set SecurityContextHolder to anonymous SecurityContext
2025-07-08T11:13:01.735+08:00 DEBUG 99473 --- [MyWebProject] [http-nio-8080-exec-7] o.s.s.w.a.Http403ForbiddenEntryPoint     : Pre-authenticated entry point called. Rejecting access
2025-07-08T11:13:01.736+08:00 DEBUG 99473 --- [MyWebProject] [http-nio-8080-exec-7] o.s.security.web.FilterChainProxy        : Securing GET /error
2025-07-08T11:13:01.739+08:00 DEBUG 99473 --- [MyWebProject] [http-nio-8080-exec-7] o.s.s.w.a.AnonymousAuthenticationFilter  : Set SecurityContextHolder to anonymous SecurityContext
2025-07-08T11:13:01.739+08:00 DEBUG 99473 --- [MyWebProject] [http-nio-8080-exec-7] o.s.s.w.a.Http403ForbiddenEntryPoint     : Pre-authenticated entry point called. Rejecting access
2025-07-08T11:13:01.738+08:00 DEBUG 99473 --- [MyWebProject] [http-nio-8080-exec-6] o.s.s.w.a.Http403ForbiddenEntryPoint     : Pre-authenticated entry point called. Rejecting access
2025-07-08T11:13:01.835+08:00 DEBUG 99473 --- [MyWebProject] [http-nio-8080-exec-3] o.s.security.web.FilterChainProxy        : Securing GET /products
2025-07-08T11:13:01.837+08:00 DEBUG 99473 --- [MyWebProject] [http-nio-8080-exec-3] o.s.s.w.a.AnonymousAuthenticationFilter  : Set SecurityContextHolder to anonymous SecurityContext
2025-07-08T11:13:01.838+08:00 DEBUG 99473 --- [MyWebProject] [http-nio-8080-exec-3] o.s.security.web.FilterChainProxy        : Secured GET /products
2025-07-08T11:13:01.849+08:00 DEBUG 99473 --- [MyWebProject] [http-nio-8080-exec-4] o.s.security.web.FilterChainProxy        : Securing GET /uploads/products/2_1751941101001_0.jpg
2025-07-08T11:13:01.853+08:00 DEBUG 99473 --- [MyWebProject] [http-nio-8080-exec-4] o.s.s.w.a.AnonymousAuthenticationFilter  : Set SecurityContextHolder to anonymous SecurityContext
2025-07-08T11:13:01.853+08:00 DEBUG 99473 --- [MyWebProject] [http-nio-8080-exec-4] o.s.security.web.FilterChainProxy        : Secured GET /uploads/products/2_1751941101001_0.jpg
2025-07-08T11:13:01.854+08:00 DEBUG 99473 --- [MyWebProject] [http-nio-8080-exec-1] o.s.security.web.FilterChainProxy        : Securing GET /store/all
2025-07-08T11:13:01.862+08:00 DEBUG 99473 --- [MyWebProject] [http-nio-8080-exec-1] o.s.s.w.a.AnonymousAuthenticationFilter  : Set SecurityContextHolder to anonymous SecurityContext
2025-07-08T11:13:01.862+08:00 DEBUG 99473 --- [MyWebProject] [http-nio-8080-exec-1] o.s.security.web.FilterChainProxy        : Secured GET /store/all
2025-07-08T11:13:01.903+08:00 DEBUG 99473 --- [MyWebProject] [http-nio-8080-exec-5] o.s.security.web.FilterChainProxy        : Securing GET /store/all
2025-07-08T11:13:01.904+08:00 DEBUG 99473 --- [MyWebProject] [http-nio-8080-exec-5] o.s.s.w.a.AnonymousAuthenticationFilter  : Set SecurityContextHolder to anonymous SecurityContext
2025-07-08T11:13:01.905+08:00 DEBUG 99473 --- [MyWebProject] [http-nio-8080-exec-5] o.s.security.web.FilterChainProxy        : Secured GET /store/all
2025-07-08T11:13:03.240+08:00 DEBUG 99473 --- [MyWebProject] [http-nio-8080-exec-8] o.s.security.web.FilterChainProxy        : Securing GET /userinfo
2025-07-08T11:13:03.240+08:00 DEBUG 99473 --- [MyWebProject] [http-nio-8080-exec-8] o.s.s.w.a.AnonymousAuthenticationFilter  : Set SecurityContextHolder to anonymous SecurityContext
2025-07-08T11:13:03.241+08:00 DEBUG 99473 --- [MyWebProject] [http-nio-8080-exec-8] o.s.s.w.a.Http403ForbiddenEntryPoint     : Pre-authenticated entry point called. Rejecting access
2025-07-08T11:13:03.249+08:00 DEBUG 99473 --- [MyWebProject] [http-nio-8080-exec-9] o.s.security.web.FilterChainProxy        : Securing GET /captcha?1751944383189
2025-07-08T11:13:03.250+08:00 DEBUG 99473 --- [MyWebProject] [http-nio-8080-exec-9] o.s.s.w.a.AnonymousAuthenticationFilter  : Set SecurityContextHolder to anonymous SecurityContext
2025-07-08T11:13:03.250+08:00 DEBUG 99473 --- [MyWebProject] [http-nio-8080-exec-2] o.s.security.web.FilterChainProxy        : Securing GET /check-login
2025-07-08T11:13:03.250+08:00 DEBUG 99473 --- [MyWebProject] [http-nio-8080-exec-8] o.s.security.web.FilterChainProxy        : Securing GET /error
2025-07-08T11:13:03.251+08:00 DEBUG 99473 --- [MyWebProject] [http-nio-8080-exec-9] o.s.s.w.a.Http403ForbiddenEntryPoint     : Pre-authenticated entry point called. Rejecting access
2025-07-08T11:13:03.251+08:00 DEBUG 99473 --- [MyWebProject] [http-nio-8080-exec-8] o.s.s.w.a.AnonymousAuthenticationFilter  : Set SecurityContextHolder to anonymous SecurityContext
2025-07-08T11:13:03.251+08:00 DEBUG 99473 --- [MyWebProject] [http-nio-8080-exec-2] o.s.s.w.a.AnonymousAuthenticationFilter  : Set SecurityContextHolder to anonymous SecurityContext
2025-07-08T11:13:03.256+08:00 DEBUG 99473 --- [MyWebProject] [http-nio-8080-exec-8] o.s.s.w.a.Http403ForbiddenEntryPoint     : Pre-authenticated entry point called. Rejecting access
2025-07-08T11:13:03.256+08:00 DEBUG 99473 --- [MyWebProject] [http-nio-8080-exec-2] o.s.s.w.a.Http403ForbiddenEntryPoint     : Pre-authenticated entry point called. Rejecting access
2025-07-08T11:13:03.261+08:00 DEBUG 99473 --- [MyWebProject] [http-nio-8080-exec-2] o.s.security.web.FilterChainProxy        : Securing GET /error
2025-07-08T11:13:03.261+08:00 DEBUG 99473 --- [MyWebProject] [http-nio-8080-exec-2] o.s.s.w.a.AnonymousAuthenticationFilter  : Set SecurityContextHolder to anonymous SecurityContext
2025-07-08T11:13:03.261+08:00 DEBUG 99473 --- [MyWebProject] [http-nio-8080-exec-7] o.s.security.web.FilterChainProxy        : Securing GET /userinfo
2025-07-08T11:13:03.262+08:00 DEBUG 99473 --- [MyWebProject] [http-nio-8080-exec-7] o.s.s.w.a.AnonymousAuthenticationFilter  : Set SecurityContextHolder to anonymous SecurityContext
2025-07-08T11:13:03.262+08:00 DEBUG 99473 --- [MyWebProject] [http-nio-8080-exec-9] o.s.security.web.FilterChainProxy        : Securing GET /error?1751944383189
2025-07-08T11:13:03.262+08:00 DEBUG 99473 --- [MyWebProject] [http-nio-8080-exec-9] o.s.s.w.a.AnonymousAuthenticationFilter  : Set SecurityContextHolder to anonymous SecurityContext
2025-07-08T11:13:03.262+08:00 DEBUG 99473 --- [MyWebProject] [http-nio-8080-exec-7] o.s.s.w.a.Http403ForbiddenEntryPoint     : Pre-authenticated entry point called. Rejecting access
2025-07-08T11:13:03.262+08:00 DEBUG 99473 --- [MyWebProject] [http-nio-8080-exec-2] o.s.s.w.a.Http403ForbiddenEntryPoint     : Pre-authenticated entry point called. Rejecting access
2025-07-08T11:13:03.263+08:00 DEBUG 99473 --- [MyWebProject] [http-nio-8080-exec-9] o.s.s.w.a.Http403ForbiddenEntryPoint     : Pre-authenticated entry point called. Rejecting access
2025-07-08T11:13:03.269+08:00 DEBUG 99473 --- [MyWebProject] [http-nio-8080-exec-7] o.s.security.web.FilterChainProxy        : Securing GET /error
2025-07-08T11:13:03.270+08:00 DEBUG 99473 --- [MyWebProject] [http-nio-8080-exec-7] o.s.s.w.a.AnonymousAuthenticationFilter  : Set SecurityContextHolder to anonymous SecurityContext
2025-07-08T11:13:03.270+08:00 DEBUG 99473 --- [MyWebProject] [http-nio-8080-exec-7] o.s.s.w.a.Http403ForbiddenEntryPoint     : Pre-authenticated entry point called. Rejecting access
2025-07-08T11:13:03.273+08:00 DEBUG 99473 --- [MyWebProject] [http-nio-8080-exec-9] o.s.security.web.FilterChainProxy        : Securing GET /check-login
2025-07-08T11:13:03.273+08:00 DEBUG 99473 --- [MyWebProject] [http-nio-8080-exec-9] o.s.s.w.a.AnonymousAuthenticationFilter  : Set SecurityContextHolder to anonymous SecurityContext
2025-07-08T11:13:03.274+08:00 DEBUG 99473 --- [MyWebProject] [http-nio-8080-exec-9] o.s.s.w.a.Http403ForbiddenEntryPoint     : Pre-authenticated entry point called. Rejecting access
2025-07-08T11:13:03.277+08:00 DEBUG 99473 --- [MyWebProject] [http-nio-8080-exec-9] o.s.security.web.FilterChainProxy        : Securing GET /error
2025-07-08T11:13:03.278+08:00 DEBUG 99473 --- [MyWebProject] [http-nio-8080-exec-9] o.s.s.w.a.AnonymousAuthenticationFilter  : Set SecurityContextHolder to anonymous SecurityContext
2025-07-08T11:13:03.278+08:00 DEBUG 99473 --- [MyWebProject] [http-nio-8080-exec-9] o.s.s.w.a.Http403ForbiddenEntryPoint     : Pre-authenticated entry point called. Rejecting access
2025-07-08T11:13:22.450+08:00 DEBUG 99473 --- [MyWebProject] [http-nio-8080-exec-11] o.s.security.web.FilterChainProxy        : Securing POST /login
2025-07-08T11:13:22.452+08:00 DEBUG 99473 --- [MyWebProject] [http-nio-8080-exec-11] o.s.s.w.a.AnonymousAuthenticationFilter  : Set SecurityContextHolder to anonymous SecurityContext
2025-07-08T11:13:22.452+08:00 DEBUG 99473 --- [MyWebProject] [http-nio-8080-exec-11] o.s.security.web.FilterChainProxy        : Secured POST /login
2025-07-08T11:13:22.455+08:00  INFO 99473 --- [MyWebProject] [http-nio-8080-exec-11] c.e.demo.controller.LoginRestController  : !!!!!!!!!! LOGIN API HAS BEEN CALLED !!!!!!!!!!
2025-07-08T11:13:22.599+08:00 DEBUG 99473 --- [MyWebProject] [http-nio-8080-exec-11] o.s.s.a.dao.DaoAuthenticationProvider    : Authenticated user
2025-07-08T11:13:24.548+08:00 DEBUG 99473 --- [MyWebProject] [http-nio-8080-exec-4] o.s.security.web.FilterChainProxy        : Securing GET /check-login
2025-07-08T11:13:24.548+08:00 DEBUG 99473 --- [MyWebProject] [http-nio-8080-exec-3] o.s.security.web.FilterChainProxy        : Securing GET /products
2025-07-08T11:13:24.551+08:00 DEBUG 99473 --- [MyWebProject] [http-nio-8080-exec-1] o.s.security.web.FilterChainProxy        : Securing GET /userinfo
2025-07-08T11:13:24.552+08:00 DEBUG 99473 --- [MyWebProject] [http-nio-8080-exec-3] o.s.s.w.a.AnonymousAuthenticationFilter  : Set SecurityContextHolder to anonymous SecurityContext
2025-07-08T11:13:24.552+08:00 DEBUG 99473 --- [MyWebProject] [http-nio-8080-exec-3] o.s.security.web.FilterChainProxy        : Secured GET /products
2025-07-08T11:13:24.552+08:00 DEBUG 99473 --- [MyWebProject] [http-nio-8080-exec-4] .s.ChangeSessionIdAuthenticationStrategy : Changed session id from 684F28F38A584BB9B33CCAFCA1F6F99C
2025-07-08T11:13:24.554+08:00 DEBUG 99473 --- [MyWebProject] [http-nio-8080-exec-4] o.s.security.web.FilterChainProxy        : Secured GET /check-login
2025-07-08T11:13:24.558+08:00 DEBUG 99473 --- [MyWebProject] [http-nio-8080-exec-1] o.s.security.web.FilterChainProxy        : Secured GET /userinfo
2025-07-08T11:13:24.568+08:00 DEBUG 99473 --- [MyWebProject] [http-nio-8080-exec-5] o.s.security.web.FilterChainProxy        : Securing GET /check-login
2025-07-08T11:13:24.571+08:00 DEBUG 99473 --- [MyWebProject] [http-nio-8080-exec-5] o.s.security.web.FilterChainProxy        : Secured GET /check-login
2025-07-08T11:13:24.615+08:00 DEBUG 99473 --- [MyWebProject] [http-nio-8080-exec-8] o.s.security.web.FilterChainProxy        : Securing GET /userinfo
2025-07-08T11:13:24.619+08:00 DEBUG 99473 --- [MyWebProject] [http-nio-8080-exec-2] o.s.security.web.FilterChainProxy        : Securing GET /products
2025-07-08T11:13:24.619+08:00 DEBUG 99473 --- [MyWebProject] [http-nio-8080-exec-2] o.s.s.w.a.AnonymousAuthenticationFilter  : Set SecurityContextHolder to anonymous SecurityContext
2025-07-08T11:13:24.619+08:00 DEBUG 99473 --- [MyWebProject] [http-nio-8080-exec-2] o.s.s.w.session.SessionManagementFilter  : Request requested invalid session id 684F28F38A584BB9B33CCAFCA1F6F99C
2025-07-08T11:13:24.620+08:00 DEBUG 99473 --- [MyWebProject] [http-nio-8080-exec-2] o.s.security.web.FilterChainProxy        : Secured GET /products
2025-07-08T11:13:24.621+08:00 DEBUG 99473 --- [MyWebProject] [http-nio-8080-exec-8] o.s.security.web.FilterChainProxy        : Secured GET /userinfo
2025-07-08T11:13:24.698+08:00 DEBUG 99473 --- [MyWebProject] [http-nio-8080-exec-6] o.s.security.web.FilterChainProxy        : Securing GET /check-login
2025-07-08T11:13:24.700+08:00 DEBUG 99473 --- [MyWebProject] [http-nio-8080-exec-9] o.s.security.web.FilterChainProxy        : Securing GET /store/all
2025-07-08T11:13:24.698+08:00 DEBUG 99473 --- [MyWebProject] [http-nio-8080-exec-7] o.s.security.web.FilterChainProxy        : Securing OPTIONS /chatrooms?userId=4
2025-07-08T11:13:24.704+08:00 DEBUG 99473 --- [MyWebProject] [http-nio-8080-exec-11] o.s.security.web.FilterChainProxy        : Securing GET /userinfo
2025-07-08T11:13:24.704+08:00 DEBUG 99473 --- [MyWebProject] [http-nio-8080-exec-9] o.s.s.w.a.AnonymousAuthenticationFilter  : Set SecurityContextHolder to anonymous SecurityContext
2025-07-08T11:13:24.705+08:00 DEBUG 99473 --- [MyWebProject] [http-nio-8080-exec-9] o.s.security.web.FilterChainProxy        : Secured GET /store/all
2025-07-08T11:13:24.706+08:00 DEBUG 99473 --- [MyWebProject] [http-nio-8080-exec-4] o.s.security.web.FilterChainProxy        : Securing GET /uploads/products/2_1751941101001_0.jpg
2025-07-08T11:13:24.717+08:00 DEBUG 99473 --- [MyWebProject] [http-nio-8080-exec-4] o.s.s.w.a.AnonymousAuthenticationFilter  : Set SecurityContextHolder to anonymous SecurityContext
2025-07-08T11:13:24.717+08:00 DEBUG 99473 --- [MyWebProject] [http-nio-8080-exec-4] o.s.security.web.FilterChainProxy        : Secured GET /uploads/products/2_1751941101001_0.jpg
2025-07-08T11:13:24.739+08:00 DEBUG 99473 --- [MyWebProject] [http-nio-8080-exec-5] o.s.security.web.FilterChainProxy        : Securing GET /chatrooms?userId=4
2025-07-08T11:13:24.757+08:00 DEBUG 99473 --- [MyWebProject] [http-nio-8080-exec-6] .s.ChangeSessionIdAuthenticationStrategy : Changed session id from 4A6FCAF6A24C56F1A46E0EA710C558F3
2025-07-08T11:13:24.758+08:00 DEBUG 99473 --- [MyWebProject] [http-nio-8080-exec-6] o.s.security.web.FilterChainProxy        : Secured GET /check-login
2025-07-08T11:13:24.760+08:00 DEBUG 99473 --- [MyWebProject] [http-nio-8080-exec-5] .s.ChangeSessionIdAuthenticationStrategy : Changed session id from 7B338833D277B79684DF53A466304936
2025-07-08T11:13:24.774+08:00 DEBUG 99473 --- [MyWebProject] [http-nio-8080-exec-9] o.s.security.web.FilterChainProxy        : Securing GET /check-login
2025-07-08T11:13:24.776+08:00 DEBUG 99473 --- [MyWebProject] [http-nio-8080-exec-5] o.s.security.web.FilterChainProxy        : Secured GET /chatrooms?userId=4
2025-07-08T11:13:24.776+08:00 DEBUG 99473 --- [MyWebProject] [http-nio-8080-exec-11] o.s.security.web.FilterChainProxy        : Secured GET /userinfo
2025-07-08T11:13:24.780+08:00 DEBUG 99473 --- [MyWebProject] [http-nio-8080-exec-9] o.s.security.web.FilterChainProxy        : Secured GET /check-login
2025-07-08T11:13:24.784+08:00 DEBUG 99473 --- [MyWebProject] [http-nio-8080-exec-9] o.s.security.web.FilterChainProxy        : Securing GET /store/all
2025-07-08T11:13:24.789+08:00 DEBUG 99473 --- [MyWebProject] [http-nio-8080-exec-9] o.s.s.w.a.AnonymousAuthenticationFilter  : Set SecurityContextHolder to anonymous SecurityContext
2025-07-08T11:13:24.790+08:00 DEBUG 99473 --- [MyWebProject] [http-nio-8080-exec-9] o.s.s.w.session.SessionManagementFilter  : Request requested invalid session id 4A6FCAF6A24C56F1A46E0EA710C558F3
2025-07-08T11:13:24.790+08:00 DEBUG 99473 --- [MyWebProject] [http-nio-8080-exec-9] o.s.security.web.FilterChainProxy        : Secured GET /store/all
2025-07-08T11:13:24.798+08:00 DEBUG 99473 --- [MyWebProject] [http-nio-8080-exec-8] o.s.security.web.FilterChainProxy        : Securing GET /userinfo
2025-07-08T11:13:24.803+08:00 DEBUG 99473 --- [MyWebProject] [http-nio-8080-exec-8] o.s.security.web.FilterChainProxy        : Secured GET /userinfo
2025-07-08T11:13:24.874+08:00 DEBUG 99473 --- [MyWebProject] [http-nio-8080-exec-7] o.s.security.web.FilterChainProxy        : Securing GET /chatrooms?userId=4
2025-07-08T11:13:24.890+08:00 DEBUG 99473 --- [MyWebProject] [http-nio-8080-exec-7] .s.ChangeSessionIdAuthenticationStrategy : Changed session id from 26C9342544B6BBBD579E148A79039538
2025-07-08T11:13:24.890+08:00 DEBUG 99473 --- [MyWebProject] [http-nio-8080-exec-7] o.s.security.web.FilterChainProxy        : Secured GET /chatrooms?userId=4
2025-07-08T11:13:34.671+08:00 DEBUG 99473 --- [MyWebProject] [http-nio-8080-exec-4] o.s.security.web.FilterChainProxy        : Securing GET /userinfo
2025-07-08T11:13:34.671+08:00 DEBUG 99473 --- [MyWebProject] [http-nio-8080-exec-6] o.s.security.web.FilterChainProxy        : Securing GET /chatrooms?userId=4
2025-07-08T11:13:34.672+08:00 DEBUG 99473 --- [MyWebProject] [http-nio-8080-exec-3] o.s.security.web.FilterChainProxy        : Securing GET /check-login
2025-07-08T11:13:34.671+08:00 DEBUG 99473 --- [MyWebProject] [http-nio-8080-exec-1] o.s.security.web.FilterChainProxy        : Securing OPTIONS /cartitem/allitems
2025-07-08T11:13:34.673+08:00 DEBUG 99473 --- [MyWebProject] [http-nio-8080-exec-2] o.s.security.web.FilterChainProxy        : Securing GET /store/all
2025-07-08T11:13:34.673+08:00 DEBUG 99473 --- [MyWebProject] [http-nio-8080-exec-2] o.s.s.w.a.AnonymousAuthenticationFilter  : Set SecurityContextHolder to anonymous SecurityContext
2025-07-08T11:13:34.673+08:00 DEBUG 99473 --- [MyWebProject] [http-nio-8080-exec-11] o.s.security.web.FilterChainProxy        : Securing OPTIONS /cartitem/allitems
2025-07-08T11:13:34.674+08:00 DEBUG 99473 --- [MyWebProject] [http-nio-8080-exec-2] o.s.security.web.FilterChainProxy        : Secured GET /store/all
2025-07-08T11:13:34.679+08:00 DEBUG 99473 --- [MyWebProject] [http-nio-8080-exec-4] .s.ChangeSessionIdAuthenticationStrategy : Changed session id from 934F21AD7CABCEE327C5AB60BAFDC7D6
2025-07-08T11:13:34.679+08:00 DEBUG 99473 --- [MyWebProject] [http-nio-8080-exec-4] o.s.security.web.FilterChainProxy        : Secured GET /userinfo
2025-07-08T11:13:34.683+08:00 DEBUG 99473 --- [MyWebProject] [http-nio-8080-exec-5] o.s.security.web.FilterChainProxy        : Securing GET /cartitem/allitems
2025-07-08T11:13:34.688+08:00 DEBUG 99473 --- [MyWebProject] [http-nio-8080-exec-3] o.s.security.web.FilterChainProxy        : Secured GET /check-login
2025-07-08T11:13:34.694+08:00 DEBUG 99473 --- [MyWebProject] [http-nio-8080-exec-6] o.s.security.web.FilterChainProxy        : Secured GET /chatrooms?userId=4
2025-07-08T11:13:34.711+08:00 DEBUG 99473 --- [MyWebProject] [http-nio-8080-exec-5] o.s.security.web.FilterChainProxy        : Secured GET /cartitem/allitems
2025-07-08T11:13:34.714+08:00 DEBUG 99473 --- [MyWebProject] [http-nio-8080-exec-9] o.s.security.web.FilterChainProxy        : Securing GET /check-login
2025-07-08T11:13:34.722+08:00 DEBUG 99473 --- [MyWebProject] [http-nio-8080-exec-8] o.s.security.web.FilterChainProxy        : Securing GET /userinfo
2025-07-08T11:13:34.727+08:00 DEBUG 99473 --- [MyWebProject] [http-nio-8080-exec-8] o.s.security.web.FilterChainProxy        : Secured GET /userinfo
2025-07-08T11:13:34.730+08:00 DEBUG 99473 --- [MyWebProject] [http-nio-8080-exec-9] o.s.security.web.FilterChainProxy        : Secured GET /check-login
2025-07-08T11:13:34.741+08:00 DEBUG 99473 --- [MyWebProject] [http-nio-8080-exec-7] o.s.security.web.FilterChainProxy        : Securing GET /store/all
2025-07-08T11:13:34.743+08:00 DEBUG 99473 --- [MyWebProject] [http-nio-8080-exec-7] o.s.s.w.a.AnonymousAuthenticationFilter  : Set SecurityContextHolder to anonymous SecurityContext
2025-07-08T11:13:34.743+08:00 DEBUG 99473 --- [MyWebProject] [http-nio-8080-exec-7] o.s.s.w.session.SessionManagementFilter  : Request requested invalid session id 934F21AD7CABCEE327C5AB60BAFDC7D6
2025-07-08T11:13:34.744+08:00 DEBUG 99473 --- [MyWebProject] [http-nio-8080-exec-7] o.s.security.web.FilterChainProxy        : Secured GET /store/all
2025-07-08T11:13:34.759+08:00 DEBUG 99473 --- [MyWebProject] [http-nio-8080-exec-1] o.s.security.web.FilterChainProxy        : Securing GET /chatrooms?userId=4
2025-07-08T11:13:34.766+08:00 DEBUG 99473 --- [MyWebProject] [http-nio-8080-exec-11] o.s.security.web.FilterChainProxy        : Securing GET /cartitem/allitems
2025-07-08T11:13:34.928+08:00 DEBUG 99473 --- [MyWebProject] [http-nio-8080-exec-4] o.s.security.web.FilterChainProxy        : Securing GET /check-login
2025-07-08T11:13:34.929+08:00 DEBUG 99473 --- [MyWebProject] [http-nio-8080-exec-11] o.s.security.web.FilterChainProxy        : Secured GET /cartitem/allitems
2025-07-08T11:13:34.929+08:00 DEBUG 99473 --- [MyWebProject] [http-nio-8080-exec-1] o.s.security.web.FilterChainProxy        : Secured GET /chatrooms?userId=4
2025-07-08T11:13:34.934+08:00 DEBUG 99473 --- [MyWebProject] [http-nio-8080-exec-3] o.s.security.web.FilterChainProxy        : Securing GET /userinfo
2025-07-08T11:13:34.935+08:00 DEBUG 99473 --- [MyWebProject] [http-nio-8080-exec-4] .s.ChangeSessionIdAuthenticationStrategy : Changed session id from 9F4D8757A6EF8CB6D41A9C23C4548A17
2025-07-08T11:13:34.935+08:00 DEBUG 99473 --- [MyWebProject] [http-nio-8080-exec-4] o.s.security.web.FilterChainProxy        : Secured GET /check-login
2025-07-08T11:13:34.945+08:00 DEBUG 99473 --- [MyWebProject] [http-nio-8080-exec-3] o.s.security.web.FilterChainProxy        : Secured GET /userinfo
2025-07-08T11:13:34.990+08:00 DEBUG 99473 --- [MyWebProject] [http-nio-8080-exec-2] o.s.security.web.FilterChainProxy        : Securing GET /chatrooms?userId=4
2025-07-08T11:13:34.993+08:00 DEBUG 99473 --- [MyWebProject] [http-nio-8080-exec-2] o.s.security.web.FilterChainProxy        : Secured GET /chatrooms?userId=4
2025-07-08T11:13:35.040+08:00 DEBUG 99473 --- [MyWebProject] [http-nio-8080-exec-9] o.s.security.web.FilterChainProxy        : Securing GET /chatrooms?userId=4
2025-07-08T11:13:35.043+08:00 DEBUG 99473 --- [MyWebProject] [http-nio-8080-exec-9] o.s.security.web.FilterChainProxy        : Secured GET /chatrooms?userId=4
2025-07-08T11:13:36.545+08:00 DEBUG 99473 --- [MyWebProject] [http-nio-8080-exec-8] o.s.security.web.FilterChainProxy        : Securing OPTIONS /cartitem/update
2025-07-08T11:13:36.550+08:00 DEBUG 99473 --- [MyWebProject] [http-nio-8080-exec-6] o.s.security.web.FilterChainProxy        : Securing PUT /cartitem/update
2025-07-08T11:13:36.554+08:00 DEBUG 99473 --- [MyWebProject] [http-nio-8080-exec-6] .s.ChangeSessionIdAuthenticationStrategy : Changed session id from B5B2BC8D961210F7D856DB5BEF764E29
2025-07-08T11:13:36.554+08:00 DEBUG 99473 --- [MyWebProject] [http-nio-8080-exec-6] o.s.security.web.FilterChainProxy        : Secured PUT /cartitem/update
2025-07-08T11:13:36.852+08:00 DEBUG 99473 --- [MyWebProject] [http-nio-8080-exec-7] o.s.security.web.FilterChainProxy        : Securing PUT /cartitem/update
2025-07-08T11:13:36.859+08:00 DEBUG 99473 --- [MyWebProject] [http-nio-8080-exec-7] .s.ChangeSessionIdAuthenticationStrategy : Changed session id from DECDA1296A8A058DC20A53D3D82689DC
2025-07-08T11:13:36.859+08:00 DEBUG 99473 --- [MyWebProject] [http-nio-8080-exec-7] o.s.security.web.FilterChainProxy        : Secured PUT /cartitem/update
2025-07-08T11:13:37.979+08:00 DEBUG 99473 --- [MyWebProject] [http-nio-8080-exec-5] o.s.security.web.FilterChainProxy        : Securing PUT /cartitem/update
2025-07-08T11:13:37.981+08:00 DEBUG 99473 --- [MyWebProject] [http-nio-8080-exec-5] .s.ChangeSessionIdAuthenticationStrategy : Changed session id from A21D0B1C3659D5E16887D80906FBBD30
2025-07-08T11:13:37.982+08:00 DEBUG 99473 --- [MyWebProject] [http-nio-8080-exec-5] o.s.security.web.FilterChainProxy        : Secured PUT /cartitem/update
2025-07-08T11:13:45.665+08:00 DEBUG 99473 --- [MyWebProject] [http-nio-8080-exec-4] o.s.security.web.FilterChainProxy        : Securing OPTIONS /order/create
2025-07-08T11:13:45.676+08:00 DEBUG 99473 --- [MyWebProject] [http-nio-8080-exec-3] o.s.security.web.FilterChainProxy        : Securing POST /order/create
2025-07-08T11:13:45.678+08:00 DEBUG 99473 --- [MyWebProject] [http-nio-8080-exec-3] .s.ChangeSessionIdAuthenticationStrategy : Changed session id from 29C32CA21192E8A16C7157F5C82CF844
2025-07-08T11:13:45.679+08:00 DEBUG 99473 --- [MyWebProject] [http-nio-8080-exec-3] o.s.security.web.FilterChainProxy        : Secured POST /order/create
2025-07-08T11:13:49.114+08:00 DEBUG 99473 --- [MyWebProject] [http-nio-8080-exec-1] o.s.security.web.FilterChainProxy        : Securing OPTIONS /orders/store
2025-07-08T11:13:49.100+08:00 DEBUG 99473 --- [MyWebProject] [http-nio-8080-exec-11] o.s.security.web.FilterChainProxy        : Securing GET /products
2025-07-08T11:13:49.115+08:00 DEBUG 99473 --- [MyWebProject] [http-nio-8080-exec-2] o.s.security.web.FilterChainProxy        : Securing OPTIONS /orders/store
2025-07-08T11:13:49.117+08:00 DEBUG 99473 --- [MyWebProject] [http-nio-8080-exec-6] o.s.security.web.FilterChainProxy        : Securing OPTIONS /orders/user
2025-07-08T11:13:49.118+08:00 DEBUG 99473 --- [MyWebProject] [http-nio-8080-exec-11] o.s.s.w.a.AnonymousAuthenticationFilter  : Set SecurityContextHolder to anonymous SecurityContext
2025-07-08T11:13:49.117+08:00 DEBUG 99473 --- [MyWebProject] [http-nio-8080-exec-9] o.s.security.web.FilterChainProxy        : Securing GET /userinfo
2025-07-08T11:13:49.118+08:00 DEBUG 99473 --- [MyWebProject] [http-nio-8080-exec-8] o.s.security.web.FilterChainProxy        : Securing GET /check-login
2025-07-08T11:13:49.119+08:00 DEBUG 99473 --- [MyWebProject] [http-nio-8080-exec-5] o.s.security.web.FilterChainProxy        : Securing OPTIONS /userlist
2025-07-08T11:13:49.119+08:00 DEBUG 99473 --- [MyWebProject] [http-nio-8080-exec-7] o.s.security.web.FilterChainProxy        : Securing GET /store/all
2025-07-08T11:13:49.119+08:00 DEBUG 99473 --- [MyWebProject] [http-nio-8080-exec-11] o.s.security.web.FilterChainProxy        : Secured GET /products
2025-07-08T11:13:49.123+08:00 DEBUG 99473 --- [MyWebProject] [http-nio-8080-exec-2] o.s.security.web.FilterChainProxy        : Securing GET /chatrooms?userId=4
2025-07-08T11:13:49.123+08:00 DEBUG 99473 --- [MyWebProject] [http-nio-8080-exec-7] o.s.s.w.a.AnonymousAuthenticationFilter  : Set SecurityContextHolder to anonymous SecurityContext
2025-07-08T11:13:49.126+08:00 DEBUG 99473 --- [MyWebProject] [http-nio-8080-exec-7] o.s.security.web.FilterChainProxy        : Secured GET /store/all
2025-07-08T11:13:49.125+08:00 DEBUG 99473 --- [MyWebProject] [http-nio-8080-exec-4] o.s.security.web.FilterChainProxy        : Securing OPTIONS /orders/user
2025-07-08T11:13:49.129+08:00 DEBUG 99473 --- [MyWebProject] [http-nio-8080-exec-3] o.s.security.web.FilterChainProxy        : Securing GET /orders/store
2025-07-08T11:13:49.130+08:00 DEBUG 99473 --- [MyWebProject] [http-nio-8080-exec-12] o.s.security.web.FilterChainProxy        : Securing OPTIONS /userlist
2025-07-08T11:13:49.137+08:00 DEBUG 99473 --- [MyWebProject] [http-nio-8080-exec-8] .s.ChangeSessionIdAuthenticationStrategy : Changed session id from 844B68296AD9EEA230AEB0AB75BE8BAC
2025-07-08T11:13:49.138+08:00 DEBUG 99473 --- [MyWebProject] [http-nio-8080-exec-8] o.s.security.web.FilterChainProxy        : Secured GET /check-login
2025-07-08T11:13:49.139+08:00 DEBUG 99473 --- [MyWebProject] [http-nio-8080-exec-3] o.s.security.web.FilterChainProxy        : Secured GET /orders/store
2025-07-08T11:13:49.138+08:00 DEBUG 99473 --- [MyWebProject] [http-nio-8080-exec-9] o.s.security.web.FilterChainProxy        : Secured GET /userinfo
2025-07-08T11:13:49.152+08:00 DEBUG 99473 --- [MyWebProject] [http-nio-8080-exec-2] o.s.security.web.FilterChainProxy        : Secured GET /chatrooms?userId=4
2025-07-08T11:13:49.159+08:00 DEBUG 99473 --- [MyWebProject] [http-nio-8080-exec-1] o.s.security.web.FilterChainProxy        : Securing GET /orders/user
2025-07-08T11:13:49.175+08:00 DEBUG 99473 --- [MyWebProject] [http-nio-8080-exec-1] o.s.security.web.FilterChainProxy        : Secured GET /orders/user
2025-07-08T11:13:49.177+08:00 DEBUG 99473 --- [MyWebProject] [http-nio-8080-exec-6] o.s.security.web.FilterChainProxy        : Securing GET /userlist
2025-07-08T11:13:49.191+08:00 DEBUG 99473 --- [MyWebProject] [http-nio-8080-exec-9] o.s.security.web.FilterChainProxy        : Securing GET /check-login
2025-07-08T11:13:49.202+08:00 DEBUG 99473 --- [MyWebProject] [http-nio-8080-exec-9] o.s.security.web.FilterChainProxy        : Secured GET /check-login
2025-07-08T11:13:49.202+08:00 DEBUG 99473 --- [MyWebProject] [http-nio-8080-exec-6] o.s.security.web.FilterChainProxy        : Secured GET /userlist
2025-07-08T11:13:49.252+08:00 DEBUG 99473 --- [MyWebProject] [http-nio-8080-exec-5] o.s.security.web.FilterChainProxy        : Securing GET /store/all
2025-07-08T11:13:49.258+08:00 DEBUG 99473 --- [MyWebProject] [http-nio-8080-exec-5] o.s.s.w.a.AnonymousAuthenticationFilter  : Set SecurityContextHolder to anonymous SecurityContext
2025-07-08T11:13:49.258+08:00 DEBUG 99473 --- [MyWebProject] [http-nio-8080-exec-5] o.s.s.w.session.SessionManagementFilter  : Request requested invalid session id 844B68296AD9EEA230AEB0AB75BE8BAC
2025-07-08T11:13:49.258+08:00 DEBUG 99473 --- [MyWebProject] [http-nio-8080-exec-5] o.s.security.web.FilterChainProxy        : Secured GET /store/all
2025-07-08T11:13:49.276+08:00 DEBUG 99473 --- [MyWebProject] [http-nio-8080-exec-4] o.s.security.web.FilterChainProxy        : Securing GET /userinfo
2025-07-08T11:13:49.280+08:00 DEBUG 99473 --- [MyWebProject] [http-nio-8080-exec-4] o.s.security.web.FilterChainProxy        : Secured GET /userinfo
2025-07-08T11:13:49.293+08:00 DEBUG 99473 --- [MyWebProject] [http-nio-8080-exec-12] o.s.security.web.FilterChainProxy        : Securing GET /orders/store
2025-07-08T11:13:49.297+08:00 DEBUG 99473 --- [MyWebProject] [http-nio-8080-exec-8] o.s.security.web.FilterChainProxy        : Securing GET /userinfo
2025-07-08T11:13:49.300+08:00 DEBUG 99473 --- [MyWebProject] [http-nio-8080-exec-12] o.s.security.web.FilterChainProxy        : Secured GET /orders/store
2025-07-08T11:13:49.302+08:00 DEBUG 99473 --- [MyWebProject] [http-nio-8080-exec-8] .s.ChangeSessionIdAuthenticationStrategy : Changed session id from 89C9AAD72875BEDDC450B2E4EED9ACEA
2025-07-08T11:13:49.303+08:00 DEBUG 99473 --- [MyWebProject] [http-nio-8080-exec-8] o.s.security.web.FilterChainProxy        : Secured GET /userinfo
2025-07-08T11:13:49.313+08:00 DEBUG 99473 --- [MyWebProject] [http-nio-8080-exec-7] o.s.security.web.FilterChainProxy        : Securing GET /userlist
2025-07-08T11:13:49.313+08:00 DEBUG 99473 --- [MyWebProject] [http-nio-8080-exec-3] o.s.security.web.FilterChainProxy        : Securing GET /check-login
2025-07-08T11:13:49.316+08:00 DEBUG 99473 --- [MyWebProject] [http-nio-8080-exec-3] o.s.security.web.FilterChainProxy        : Secured GET /check-login
2025-07-08T11:13:49.318+08:00 DEBUG 99473 --- [MyWebProject] [http-nio-8080-exec-7] o.s.security.web.FilterChainProxy        : Secured GET /userlist
2025-07-08T11:13:49.363+08:00 DEBUG 99473 --- [MyWebProject] [http-nio-8080-exec-5] o.s.security.web.FilterChainProxy        : Securing GET /chatrooms?userId=4
2025-07-08T11:13:49.369+08:00 DEBUG 99473 --- [MyWebProject] [http-nio-8080-exec-5] o.s.security.web.FilterChainProxy        : Secured GET /chatrooms?userId=4
2025-07-08T11:13:49.375+08:00 DEBUG 99473 --- [MyWebProject] [http-nio-8080-exec-4] o.s.security.web.FilterChainProxy        : Securing GET /products
2025-07-08T11:13:49.375+08:00 DEBUG 99473 --- [MyWebProject] [http-nio-8080-exec-4] o.s.s.w.a.AnonymousAuthenticationFilter  : Set SecurityContextHolder to anonymous SecurityContext
2025-07-08T11:13:49.375+08:00 DEBUG 99473 --- [MyWebProject] [http-nio-8080-exec-4] o.s.s.w.session.SessionManagementFilter  : Request requested invalid session id 844B68296AD9EEA230AEB0AB75BE8BAC
2025-07-08T11:13:49.376+08:00 DEBUG 99473 --- [MyWebProject] [http-nio-8080-exec-4] o.s.security.web.FilterChainProxy        : Secured GET /products
2025-07-08T11:13:49.387+08:00 DEBUG 99473 --- [MyWebProject] [http-nio-8080-exec-6] o.s.security.web.FilterChainProxy        : Securing GET /chatrooms?userId=4
2025-07-08T11:13:49.392+08:00 DEBUG 99473 --- [MyWebProject] [http-nio-8080-exec-9] o.s.security.web.FilterChainProxy        : Securing GET /orders/user
2025-07-08T11:13:49.392+08:00 DEBUG 99473 --- [MyWebProject] [http-nio-8080-exec-6] o.s.security.web.FilterChainProxy        : Secured GET /chatrooms?userId=4
2025-07-08T11:13:49.395+08:00 DEBUG 99473 --- [MyWebProject] [http-nio-8080-exec-9] o.s.security.web.FilterChainProxy        : Secured GET /orders/user
2025-07-08T11:13:49.410+08:00 DEBUG 99473 --- [MyWebProject] [http-nio-8080-exec-12] o.s.security.web.FilterChainProxy        : Securing GET /chatrooms?userId=4
2025-07-08T11:13:49.416+08:00 DEBUG 99473 --- [MyWebProject] [http-nio-8080-exec-12] .s.ChangeSessionIdAuthenticationStrategy : Changed session id from 4F34AA77C26BBB711EF4DC12821043B4
2025-07-08T11:13:49.417+08:00 DEBUG 99473 --- [MyWebProject] [http-nio-8080-exec-12] o.s.security.web.FilterChainProxy        : Secured GET /chatrooms?userId=4
2025-07-08T11:13:52.842+08:00 DEBUG 99473 --- [MyWebProject] [http-nio-8080-exec-3] o.s.security.web.FilterChainProxy        : Securing OPTIONS /orderitems/4
2025-07-08T11:13:52.851+08:00 DEBUG 99473 --- [MyWebProject] [http-nio-8080-exec-2] o.s.security.web.FilterChainProxy        : Securing GET /orderitems/4
2025-07-08T11:13:52.855+08:00 DEBUG 99473 --- [MyWebProject] [http-nio-8080-exec-2] .s.ChangeSessionIdAuthenticationStrategy : Changed session id from 58600B25BC27A4D85F4E49CB94743184
2025-07-08T11:13:52.857+08:00 DEBUG 99473 --- [MyWebProject] [http-nio-8080-exec-2] o.s.security.web.FilterChainProxy        : Secured GET /orderitems/4
2025-07-08T11:13:53.977+08:00 DEBUG 99473 --- [MyWebProject] [http-nio-8080-exec-7] o.s.security.web.FilterChainProxy        : Securing GET /orderitems/4
2025-07-08T11:13:53.980+08:00 DEBUG 99473 --- [MyWebProject] [http-nio-8080-exec-7] .s.ChangeSessionIdAuthenticationStrategy : Changed session id from 1BB1DFEF3DFF65C0587A93C9EF77DBE2
2025-07-08T11:13:53.989+08:00 DEBUG 99473 --- [MyWebProject] [http-nio-8080-exec-7] o.s.security.web.FilterChainProxy        : Secured GET /orderitems/4
2025-07-08T11:13:54.787+08:00 DEBUG 99473 --- [MyWebProject] [http-nio-8080-exec-8] o.s.security.web.FilterChainProxy        : Securing OPTIONS /orderitems/5
2025-07-08T11:13:54.823+08:00 DEBUG 99473 --- [MyWebProject] [http-nio-8080-exec-11] o.s.security.web.FilterChainProxy        : Securing GET /orderitems/5
2025-07-08T11:13:54.828+08:00 DEBUG 99473 --- [MyWebProject] [http-nio-8080-exec-11] .s.ChangeSessionIdAuthenticationStrategy : Changed session id from E5656BB61A1B45FD8D40E0CBDFC1D12D
2025-07-08T11:13:54.828+08:00 DEBUG 99473 --- [MyWebProject] [http-nio-8080-exec-11] o.s.security.web.FilterChainProxy        : Secured GET /orderitems/5
2025-07-08T11:16:16.437+08:00 DEBUG 99473 --- [MyWebProject] [http-nio-8080-exec-4] o.s.security.web.FilterChainProxy        : Securing GET /orderitems/1
2025-07-08T11:16:16.449+08:00 DEBUG 99473 --- [MyWebProject] [http-nio-8080-exec-4] o.s.s.w.a.AnonymousAuthenticationFilter  : Set SecurityContextHolder to anonymous SecurityContext
2025-07-08T11:16:16.451+08:00 DEBUG 99473 --- [MyWebProject] [http-nio-8080-exec-4] o.s.s.w.session.SessionManagementFilter  : Request requested invalid session id C69B02F9930F933F3842E55C1A854292
2025-07-08T11:16:16.479+08:00 DEBUG 99473 --- [MyWebProject] [http-nio-8080-exec-4] o.s.s.w.a.Http403ForbiddenEntryPoint     : Pre-authenticated entry point called. Rejecting access
2025-07-08T11:16:16.485+08:00 DEBUG 99473 --- [MyWebProject] [http-nio-8080-exec-4] o.s.security.web.FilterChainProxy        : Securing GET /error
2025-07-08T11:16:16.485+08:00 DEBUG 99473 --- [MyWebProject] [http-nio-8080-exec-4] o.s.s.w.a.AnonymousAuthenticationFilter  : Set SecurityContextHolder to anonymous SecurityContext
2025-07-08T11:16:16.485+08:00 DEBUG 99473 --- [MyWebProject] [http-nio-8080-exec-4] o.s.s.w.a.Http403ForbiddenEntryPoint     : Pre-authenticated entry point called. Rejecting access
2025-07-08T11:16:38.561+08:00 DEBUG 99473 --- [MyWebProject] [http-nio-8080-exec-8] o.s.security.web.FilterChainProxy        : Securing POST /login?username=buyer1&password=abcd1234&captchaInput=1
2025-07-08T11:16:38.563+08:00 DEBUG 99473 --- [MyWebProject] [http-nio-8080-exec-8] o.s.s.w.a.AnonymousAuthenticationFilter  : Set SecurityContextHolder to anonymous SecurityContext
2025-07-08T11:16:38.564+08:00 DEBUG 99473 --- [MyWebProject] [http-nio-8080-exec-8] o.s.s.w.session.SessionManagementFilter  : Request requested invalid session id C69B02F9930F933F3842E55C1A854292
2025-07-08T11:16:38.568+08:00 DEBUG 99473 --- [MyWebProject] [http-nio-8080-exec-8] o.s.security.web.FilterChainProxy        : Secured POST /login?username=buyer1&password=abcd1234&captchaInput=1
2025-07-08T11:16:38.586+08:00  INFO 99473 --- [MyWebProject] [http-nio-8080-exec-8] c.e.demo.controller.LoginRestController  : !!!!!!!!!! LOGIN API HAS BEEN CALLED !!!!!!!!!!
2025-07-08T11:16:38.989+08:00 DEBUG 99473 --- [MyWebProject] [http-nio-8080-exec-8] o.s.s.a.dao.DaoAuthenticationProvider    : Authenticated user
2025-07-08T11:17:02.982+08:00 DEBUG 99473 --- [MyWebProject] [http-nio-8080-exec-2] o.s.security.web.FilterChainProxy        : Securing GET /check-login
2025-07-08T11:17:02.996+08:00 DEBUG 99473 --- [MyWebProject] [http-nio-8080-exec-2] o.s.security.web.FilterChainProxy        : Secured GET /check-login
2025-07-08T11:18:01.531+08:00 DEBUG 99473 --- [MyWebProject] [http-nio-8080-exec-7] o.s.security.web.FilterChainProxy        : Securing GET /orderitems/1
2025-07-08T11:18:01.535+08:00 DEBUG 99473 --- [MyWebProject] [http-nio-8080-exec-7] .s.ChangeSessionIdAuthenticationStrategy : Changed session id from 7CDAF0A766E9F0D8A46420CB3D8916BC
2025-07-08T11:18:01.536+08:00 DEBUG 99473 --- [MyWebProject] [http-nio-8080-exec-7] o.s.security.web.FilterChainProxy        : Secured GET /orderitems/1
2025-07-08T11:30:33.297+08:00 DEBUG 99473 --- [MyWebProject] [http-nio-8080-exec-3] o.s.security.web.FilterChainProxy        : Securing GET /categories
2025-07-08T11:30:33.298+08:00 DEBUG 99473 --- [MyWebProject] [http-nio-8080-exec-5] o.s.security.web.FilterChainProxy        : Securing GET /userinfo
2025-07-08T11:30:33.300+08:00 DEBUG 99473 --- [MyWebProject] [http-nio-8080-exec-11] o.s.security.web.FilterChainProxy        : Securing GET /products
2025-07-08T11:30:33.300+08:00 DEBUG 99473 --- [MyWebProject] [http-nio-8080-exec-6] o.s.security.web.FilterChainProxy        : Securing GET /check-login
2025-07-08T11:30:33.302+08:00 DEBUG 99473 --- [MyWebProject] [http-nio-8080-exec-13] o.s.security.web.FilterChainProxy        : Securing GET /chatrooms?userId=4
2025-07-08T11:30:33.308+08:00 DEBUG 99473 --- [MyWebProject] [http-nio-8080-exec-3] o.s.s.w.a.AnonymousAuthenticationFilter  : Set SecurityContextHolder to anonymous SecurityContext
2025-07-08T11:30:33.308+08:00 DEBUG 99473 --- [MyWebProject] [http-nio-8080-exec-3] o.s.security.web.FilterChainProxy        : Secured GET /categories
2025-07-08T11:30:33.309+08:00 DEBUG 99473 --- [MyWebProject] [http-nio-8080-exec-11] o.s.s.w.a.AnonymousAuthenticationFilter  : Set SecurityContextHolder to anonymous SecurityContext
2025-07-08T11:30:33.309+08:00 DEBUG 99473 --- [MyWebProject] [http-nio-8080-exec-11] o.s.security.web.FilterChainProxy        : Secured GET /products
2025-07-08T11:30:33.318+08:00 DEBUG 99473 --- [MyWebProject] [http-nio-8080-exec-6] .s.ChangeSessionIdAuthenticationStrategy : Changed session id from 3285B66CD3A8EF506E7700D2909D3112
2025-07-08T11:30:33.318+08:00 DEBUG 99473 --- [MyWebProject] [http-nio-8080-exec-13] o.s.security.web.FilterChainProxy        : Secured GET /chatrooms?userId=4
2025-07-08T11:30:33.318+08:00 DEBUG 99473 --- [MyWebProject] [http-nio-8080-exec-6] o.s.security.web.FilterChainProxy        : Secured GET /check-login
2025-07-08T11:30:33.319+08:00 DEBUG 99473 --- [MyWebProject] [http-nio-8080-exec-5] o.s.security.web.FilterChainProxy        : Secured GET /userinfo
2025-07-08T11:30:33.327+08:00 DEBUG 99473 --- [MyWebProject] [http-nio-8080-exec-4] o.s.security.web.FilterChainProxy        : Securing GET /check-login
2025-07-08T11:30:33.338+08:00 DEBUG 99473 --- [MyWebProject] [http-nio-8080-exec-4] o.s.security.web.FilterChainProxy        : Secured GET /check-login
2025-07-08T11:30:33.352+08:00 DEBUG 99473 --- [MyWebProject] [http-nio-8080-exec-8] o.s.security.web.FilterChainProxy        : Securing GET /userinfo
2025-07-08T11:30:33.355+08:00 DEBUG 99473 --- [MyWebProject] [http-nio-8080-exec-8] o.s.security.web.FilterChainProxy        : Secured GET /userinfo
2025-07-08T11:30:33.356+08:00 DEBUG 99473 --- [MyWebProject] [http-nio-8080-exec-2] o.s.security.web.FilterChainProxy        : Securing GET /categories
2025-07-08T11:30:33.356+08:00 DEBUG 99473 --- [MyWebProject] [http-nio-8080-exec-2] o.s.s.w.a.AnonymousAuthenticationFilter  : Set SecurityContextHolder to anonymous SecurityContext
2025-07-08T11:30:33.357+08:00 DEBUG 99473 --- [MyWebProject] [http-nio-8080-exec-2] o.s.s.w.session.SessionManagementFilter  : Request requested invalid session id 3285B66CD3A8EF506E7700D2909D3112
2025-07-08T11:30:33.357+08:00 DEBUG 99473 --- [MyWebProject] [http-nio-8080-exec-2] o.s.security.web.FilterChainProxy        : Secured GET /categories
2025-07-08T11:30:33.372+08:00 DEBUG 99473 --- [MyWebProject] [http-nio-8080-exec-7] o.s.security.web.FilterChainProxy        : Securing GET /chatrooms?userId=4
2025-07-08T11:30:33.375+08:00 DEBUG 99473 --- [MyWebProject] [http-nio-8080-exec-7] o.s.security.web.FilterChainProxy        : Secured GET /chatrooms?userId=4
2025-07-08T11:30:33.385+08:00 DEBUG 99473 --- [MyWebProject] [http-nio-8080-exec-1] o.s.security.web.FilterChainProxy        : Securing GET /products
2025-07-08T11:30:33.387+08:00 DEBUG 99473 --- [MyWebProject] [http-nio-8080-exec-1] o.s.s.w.a.AnonymousAuthenticationFilter  : Set SecurityContextHolder to anonymous SecurityContext
2025-07-08T11:30:33.387+08:00 DEBUG 99473 --- [MyWebProject] [http-nio-8080-exec-1] o.s.s.w.session.SessionManagementFilter  : Request requested invalid session id 3285B66CD3A8EF506E7700D2909D3112
2025-07-08T11:30:33.387+08:00 DEBUG 99473 --- [MyWebProject] [http-nio-8080-exec-1] o.s.security.web.FilterChainProxy        : Secured GET /products
2025-07-08T11:30:33.530+08:00 DEBUG 99473 --- [MyWebProject] [http-nio-8080-exec-4] o.s.security.web.FilterChainProxy        : Securing GET /chatrooms?userId=4
2025-07-08T11:30:33.530+08:00 DEBUG 99473 --- [MyWebProject] [http-nio-8080-exec-5] o.s.security.web.FilterChainProxy        : Securing GET /userinfo
2025-07-08T11:30:33.530+08:00 DEBUG 99473 --- [MyWebProject] [http-nio-8080-exec-6] o.s.security.web.FilterChainProxy        : Securing GET /check-login
2025-07-08T11:30:33.534+08:00 DEBUG 99473 --- [MyWebProject] [http-nio-8080-exec-5] .s.ChangeSessionIdAuthenticationStrategy : Changed session id from C84C68A06AC5A9FAB9CB0020734C7DCD
2025-07-08T11:30:33.534+08:00 DEBUG 99473 --- [MyWebProject] [http-nio-8080-exec-5] o.s.security.web.FilterChainProxy        : Secured GET /userinfo
2025-07-08T11:30:33.536+08:00 DEBUG 99473 --- [MyWebProject] [http-nio-8080-exec-4] o.s.security.web.FilterChainProxy        : Secured GET /chatrooms?userId=4
2025-07-08T11:30:33.537+08:00 DEBUG 99473 --- [MyWebProject] [http-nio-8080-exec-6] o.s.security.web.FilterChainProxy        : Secured GET /check-login
2025-07-08T11:30:33.668+08:00 DEBUG 99473 --- [MyWebProject] [http-nio-8080-exec-3] o.s.security.web.FilterChainProxy        : Securing GET /uploads/products/2_1751941101001_0.jpg
2025-07-08T11:30:33.668+08:00 DEBUG 99473 --- [MyWebProject] [http-nio-8080-exec-3] o.s.s.w.a.AnonymousAuthenticationFilter  : Set SecurityContextHolder to anonymous SecurityContext
2025-07-08T11:30:33.671+08:00 DEBUG 99473 --- [MyWebProject] [http-nio-8080-exec-3] o.s.security.web.FilterChainProxy        : Secured GET /uploads/products/2_1751941101001_0.jpg
2025-07-08T11:30:33.692+08:00 DEBUG 99473 --- [MyWebProject] [http-nio-8080-exec-8] o.s.security.web.FilterChainProxy        : Securing GET /store/all
2025-07-08T11:30:33.694+08:00 DEBUG 99473 --- [MyWebProject] [http-nio-8080-exec-8] o.s.s.w.a.AnonymousAuthenticationFilter  : Set SecurityContextHolder to anonymous SecurityContext
2025-07-08T11:30:33.694+08:00 DEBUG 99473 --- [MyWebProject] [http-nio-8080-exec-8] o.s.security.web.FilterChainProxy        : Secured GET /store/all
2025-07-08T11:30:33.698+08:00 DEBUG 99473 --- [MyWebProject] [http-nio-8080-exec-13] o.s.security.web.FilterChainProxy        : Securing GET /chatrooms?userId=4
2025-07-08T11:30:33.705+08:00 DEBUG 99473 --- [MyWebProject] [http-nio-8080-exec-13] .s.ChangeSessionIdAuthenticationStrategy : Changed session id from 7340771532654E07046AFFA6A1D931D8
2025-07-08T11:30:33.705+08:00 DEBUG 99473 --- [MyWebProject] [http-nio-8080-exec-13] o.s.security.web.FilterChainProxy        : Secured GET /chatrooms?userId=4
2025-07-08T11:30:33.727+08:00 DEBUG 99473 --- [MyWebProject] [http-nio-8080-exec-2] o.s.security.web.FilterChainProxy        : Securing GET /store/all
2025-07-08T11:30:33.728+08:00 DEBUG 99473 --- [MyWebProject] [http-nio-8080-exec-2] o.s.s.w.a.AnonymousAuthenticationFilter  : Set SecurityContextHolder to anonymous SecurityContext
2025-07-08T11:30:33.728+08:00 DEBUG 99473 --- [MyWebProject] [http-nio-8080-exec-2] o.s.s.w.session.SessionManagementFilter  : Request requested invalid session id 7340771532654E07046AFFA6A1D931D8
2025-07-08T11:30:33.729+08:00 DEBUG 99473 --- [MyWebProject] [http-nio-8080-exec-2] o.s.security.web.FilterChainProxy        : Secured GET /store/all
2025-07-08T11:30:38.518+08:00 DEBUG 99473 --- [MyWebProject] [http-nio-8080-exec-7] o.s.security.web.FilterChainProxy        : Securing GET /check-login
2025-07-08T11:30:38.518+08:00 DEBUG 99473 --- [MyWebProject] [http-nio-8080-exec-6] o.s.security.web.FilterChainProxy        : Securing GET /cartitem/allitems
2025-07-08T11:30:38.518+08:00 DEBUG 99473 --- [MyWebProject] [http-nio-8080-exec-1] o.s.security.web.FilterChainProxy        : Securing GET /userinfo
2025-07-08T11:30:38.518+08:00 DEBUG 99473 --- [MyWebProject] [http-nio-8080-exec-11] o.s.security.web.FilterChainProxy        : Securing GET /chatrooms?userId=4
2025-07-08T11:30:38.523+08:00 DEBUG 99473 --- [MyWebProject] [http-nio-8080-exec-7] .s.ChangeSessionIdAuthenticationStrategy : Changed session id from EB8871358561DF45669C6D2BBC688014
2025-07-08T11:30:38.524+08:00 DEBUG 99473 --- [MyWebProject] [http-nio-8080-exec-7] o.s.security.web.FilterChainProxy        : Secured GET /check-login
2025-07-08T11:30:38.524+08:00 DEBUG 99473 --- [MyWebProject] [http-nio-8080-exec-5] o.s.security.web.FilterChainProxy        : Securing GET /store/all
2025-07-08T11:30:38.525+08:00 DEBUG 99473 --- [MyWebProject] [http-nio-8080-exec-5] o.s.s.w.a.AnonymousAuthenticationFilter  : Set SecurityContextHolder to anonymous SecurityContext
2025-07-08T11:30:38.525+08:00 DEBUG 99473 --- [MyWebProject] [http-nio-8080-exec-5] o.s.s.w.session.SessionManagementFilter  : Request requested invalid session id EB8871358561DF45669C6D2BBC688014
2025-07-08T11:30:38.525+08:00 DEBUG 99473 --- [MyWebProject] [http-nio-8080-exec-6] o.s.security.web.FilterChainProxy        : Secured GET /cartitem/allitems
2025-07-08T11:30:38.525+08:00 DEBUG 99473 --- [MyWebProject] [http-nio-8080-exec-5] o.s.security.web.FilterChainProxy        : Secured GET /store/all
2025-07-08T11:30:38.526+08:00 DEBUG 99473 --- [MyWebProject] [http-nio-8080-exec-1] o.s.security.web.FilterChainProxy        : Secured GET /userinfo
2025-07-08T11:30:38.543+08:00 DEBUG 99473 --- [MyWebProject] [http-nio-8080-exec-11] o.s.security.web.FilterChainProxy        : Secured GET /chatrooms?userId=4
2025-07-08T11:30:38.549+08:00 DEBUG 99473 --- [MyWebProject] [http-nio-8080-exec-4] o.s.security.web.FilterChainProxy        : Securing GET /check-login
2025-07-08T11:30:38.574+08:00 DEBUG 99473 --- [MyWebProject] [http-nio-8080-exec-4] o.s.security.web.FilterChainProxy        : Secured GET /check-login
2025-07-08T11:30:38.583+08:00 DEBUG 99473 --- [MyWebProject] [http-nio-8080-exec-3] o.s.security.web.FilterChainProxy        : Securing GET /userinfo
2025-07-08T11:30:38.584+08:00 DEBUG 99473 --- [MyWebProject] [http-nio-8080-exec-8] o.s.security.web.FilterChainProxy        : Securing GET /check-login
2025-07-08T11:30:38.609+08:00 DEBUG 99473 --- [MyWebProject] [http-nio-8080-exec-13] o.s.security.web.FilterChainProxy        : Securing GET /store/all
2025-07-08T11:30:38.610+08:00 DEBUG 99473 --- [MyWebProject] [http-nio-8080-exec-13] o.s.s.w.a.AnonymousAuthenticationFilter  : Set SecurityContextHolder to anonymous SecurityContext
2025-07-08T11:30:38.610+08:00 DEBUG 99473 --- [MyWebProject] [http-nio-8080-exec-13] o.s.s.w.session.SessionManagementFilter  : Request requested invalid session id EB8871358561DF45669C6D2BBC688014
2025-07-08T11:30:38.610+08:00 DEBUG 99473 --- [MyWebProject] [http-nio-8080-exec-13] o.s.security.web.FilterChainProxy        : Secured GET /store/all
2025-07-08T11:30:38.611+08:00 DEBUG 99473 --- [MyWebProject] [http-nio-8080-exec-8] .s.ChangeSessionIdAuthenticationStrategy : Changed session id from 55A4452014D96681F43B106596DE042B
2025-07-08T11:30:38.611+08:00 DEBUG 99473 --- [MyWebProject] [http-nio-8080-exec-8] o.s.security.web.FilterChainProxy        : Secured GET /check-login
2025-07-08T11:30:38.614+08:00 DEBUG 99473 --- [MyWebProject] [http-nio-8080-exec-3] o.s.security.web.FilterChainProxy        : Secured GET /userinfo
2025-07-08T11:30:38.647+08:00 DEBUG 99473 --- [MyWebProject] [http-nio-8080-exec-2] o.s.security.web.FilterChainProxy        : Securing GET /chatrooms?userId=4
2025-07-08T11:30:38.655+08:00 DEBUG 99473 --- [MyWebProject] [http-nio-8080-exec-7] o.s.security.web.FilterChainProxy        : Securing GET /cartitem/allitems
2025-07-08T11:30:38.664+08:00 DEBUG 99473 --- [MyWebProject] [http-nio-8080-exec-2] o.s.security.web.FilterChainProxy        : Secured GET /chatrooms?userId=4
2025-07-08T11:30:38.664+08:00 DEBUG 99473 --- [MyWebProject] [http-nio-8080-exec-7] o.s.security.web.FilterChainProxy        : Secured GET /cartitem/allitems
2025-07-08T11:30:38.665+08:00 DEBUG 99473 --- [MyWebProject] [http-nio-8080-exec-1] o.s.security.web.FilterChainProxy        : Securing GET /userinfo
2025-07-08T11:30:38.670+08:00 DEBUG 99473 --- [MyWebProject] [http-nio-8080-exec-1] o.s.security.web.FilterChainProxy        : Secured GET /userinfo
2025-07-08T11:30:38.689+08:00 DEBUG 99473 --- [MyWebProject] [http-nio-8080-exec-4] o.s.security.web.FilterChainProxy        : Securing GET /chatrooms?userId=4
2025-07-08T11:30:38.695+08:00 DEBUG 99473 --- [MyWebProject] [http-nio-8080-exec-4] o.s.security.web.FilterChainProxy        : Secured GET /chatrooms?userId=4
2025-07-08T11:30:38.730+08:00 DEBUG 99473 --- [MyWebProject] [http-nio-8080-exec-5] o.s.security.web.FilterChainProxy        : Securing GET /chatrooms?userId=4
2025-07-08T11:30:38.736+08:00 DEBUG 99473 --- [MyWebProject] [http-nio-8080-exec-5] .s.ChangeSessionIdAuthenticationStrategy : Changed session id from A50BFA89F4D9F9B325904A12A0C4783D
2025-07-08T11:30:38.736+08:00 DEBUG 99473 --- [MyWebProject] [http-nio-8080-exec-5] o.s.security.web.FilterChainProxy        : Secured GET /chatrooms?userId=4
2025-07-08T11:30:51.636+08:00 DEBUG 99473 --- [MyWebProject] [http-nio-8080-exec-8] o.s.security.web.FilterChainProxy        : Securing GET /check-login
2025-07-08T11:30:51.638+08:00 DEBUG 99473 --- [MyWebProject] [http-nio-8080-exec-11] o.s.security.web.FilterChainProxy        : Securing GET /userinfo
2025-07-08T11:30:51.643+08:00 DEBUG 99473 --- [MyWebProject] [http-nio-8080-exec-8] .s.ChangeSessionIdAuthenticationStrategy : Changed session id from 1FA1E6C3F49EA84CF4ABB607B5BAC0B4
2025-07-08T11:30:51.644+08:00 DEBUG 99473 --- [MyWebProject] [http-nio-8080-exec-8] o.s.security.web.FilterChainProxy        : Secured GET /check-login
2025-07-08T11:30:51.648+08:00 DEBUG 99473 --- [MyWebProject] [http-nio-8080-exec-11] o.s.security.web.FilterChainProxy        : Secured GET /userinfo
2025-07-08T11:30:51.650+08:00 DEBUG 99473 --- [MyWebProject] [http-nio-8080-exec-6] o.s.security.web.FilterChainProxy        : Securing GET /chatrooms?userId=4
2025-07-08T11:30:51.654+08:00 DEBUG 99473 --- [MyWebProject] [http-nio-8080-exec-13] o.s.security.web.FilterChainProxy        : Securing GET /products
2025-07-08T11:30:51.656+08:00 DEBUG 99473 --- [MyWebProject] [http-nio-8080-exec-13] o.s.s.w.a.AnonymousAuthenticationFilter  : Set SecurityContextHolder to anonymous SecurityContext
2025-07-08T11:30:51.656+08:00 DEBUG 99473 --- [MyWebProject] [http-nio-8080-exec-13] o.s.s.w.session.SessionManagementFilter  : Request requested invalid session id 1FA1E6C3F49EA84CF4ABB607B5BAC0B4
2025-07-08T11:30:51.656+08:00 DEBUG 99473 --- [MyWebProject] [http-nio-8080-exec-13] o.s.security.web.FilterChainProxy        : Secured GET /products
2025-07-08T11:30:51.658+08:00 DEBUG 99473 --- [MyWebProject] [http-nio-8080-exec-3] o.s.security.web.FilterChainProxy        : Securing GET /categories
2025-07-08T11:30:51.658+08:00 DEBUG 99473 --- [MyWebProject] [http-nio-8080-exec-6] o.s.security.web.FilterChainProxy        : Secured GET /chatrooms?userId=4
2025-07-08T11:30:51.659+08:00 DEBUG 99473 --- [MyWebProject] [http-nio-8080-exec-3] o.s.s.w.a.AnonymousAuthenticationFilter  : Set SecurityContextHolder to anonymous SecurityContext
2025-07-08T11:30:51.661+08:00 DEBUG 99473 --- [MyWebProject] [http-nio-8080-exec-3] o.s.s.w.session.SessionManagementFilter  : Request requested invalid session id 1FA1E6C3F49EA84CF4ABB607B5BAC0B4
2025-07-08T11:30:51.661+08:00 DEBUG 99473 --- [MyWebProject] [http-nio-8080-exec-3] o.s.security.web.FilterChainProxy        : Secured GET /categories
2025-07-08T11:30:51.674+08:00 DEBUG 99473 --- [MyWebProject] [http-nio-8080-exec-1] o.s.security.web.FilterChainProxy        : Securing GET /check-login
2025-07-08T11:30:51.683+08:00 DEBUG 99473 --- [MyWebProject] [http-nio-8080-exec-2] o.s.security.web.FilterChainProxy        : Securing GET /userinfo
2025-07-08T11:30:51.687+08:00 DEBUG 99473 --- [MyWebProject] [http-nio-8080-exec-2] .s.ChangeSessionIdAuthenticationStrategy : Changed session id from AB50945D83EFCD950B9112689A2DA1FF
2025-07-08T11:30:51.687+08:00 DEBUG 99473 --- [MyWebProject] [http-nio-8080-exec-2] o.s.security.web.FilterChainProxy        : Secured GET /userinfo
2025-07-08T11:30:51.687+08:00 DEBUG 99473 --- [MyWebProject] [http-nio-8080-exec-1] .s.ChangeSessionIdAuthenticationStrategy : Changed session id from 7D61EBDB40B2DFB45E78A44CF7110496
2025-07-08T11:30:51.688+08:00 DEBUG 99473 --- [MyWebProject] [http-nio-8080-exec-1] o.s.security.web.FilterChainProxy        : Secured GET /check-login
2025-07-08T11:30:51.713+08:00 DEBUG 99473 --- [MyWebProject] [http-nio-8080-exec-7] o.s.security.web.FilterChainProxy        : Securing GET /chatrooms?userId=4
2025-07-08T11:30:51.713+08:00 DEBUG 99473 --- [MyWebProject] [http-nio-8080-exec-5] o.s.security.web.FilterChainProxy        : Securing GET /categories
2025-07-08T11:30:51.714+08:00 DEBUG 99473 --- [MyWebProject] [http-nio-8080-exec-4] o.s.security.web.FilterChainProxy        : Securing GET /products
2025-07-08T11:30:51.714+08:00 DEBUG 99473 --- [MyWebProject] [http-nio-8080-exec-5] o.s.s.w.a.AnonymousAuthenticationFilter  : Set SecurityContextHolder to anonymous SecurityContext
2025-07-08T11:30:51.714+08:00 DEBUG 99473 --- [MyWebProject] [http-nio-8080-exec-4] o.s.s.w.a.AnonymousAuthenticationFilter  : Set SecurityContextHolder to anonymous SecurityContext
2025-07-08T11:30:51.715+08:00 DEBUG 99473 --- [MyWebProject] [http-nio-8080-exec-4] o.s.security.web.FilterChainProxy        : Secured GET /products
2025-07-08T11:30:51.715+08:00 DEBUG 99473 --- [MyWebProject] [http-nio-8080-exec-5] o.s.security.web.FilterChainProxy        : Secured GET /categories
2025-07-08T11:30:51.716+08:00 DEBUG 99473 --- [MyWebProject] [http-nio-8080-exec-7] .s.ChangeSessionIdAuthenticationStrategy : Changed session id from CF9B22178C73F143D7AA9550934C7D11
2025-07-08T11:30:51.718+08:00 DEBUG 99473 --- [MyWebProject] [http-nio-8080-exec-7] o.s.security.web.FilterChainProxy        : Secured GET /chatrooms?userId=4
2025-07-08T11:30:51.868+08:00 DEBUG 99473 --- [MyWebProject] [http-nio-8080-exec-8] o.s.security.web.FilterChainProxy        : Securing GET /check-login
2025-07-08T11:30:51.871+08:00 DEBUG 99473 --- [MyWebProject] [http-nio-8080-exec-11] o.s.security.web.FilterChainProxy        : Securing GET /uploads/products/2_1751941101001_0.jpg
2025-07-08T11:30:51.872+08:00 DEBUG 99473 --- [MyWebProject] [http-nio-8080-exec-11] o.s.s.w.a.AnonymousAuthenticationFilter  : Set SecurityContextHolder to anonymous SecurityContext
2025-07-08T11:30:51.872+08:00 DEBUG 99473 --- [MyWebProject] [http-nio-8080-exec-11] o.s.security.web.FilterChainProxy        : Secured GET /uploads/products/2_1751941101001_0.jpg
2025-07-08T11:30:51.873+08:00 DEBUG 99473 --- [MyWebProject] [http-nio-8080-exec-3] o.s.security.web.FilterChainProxy        : Securing GET /userinfo
2025-07-08T11:30:51.874+08:00 DEBUG 99473 --- [MyWebProject] [http-nio-8080-exec-13] o.s.security.web.FilterChainProxy        : Securing GET /store/all
2025-07-08T11:30:51.876+08:00 DEBUG 99473 --- [MyWebProject] [http-nio-8080-exec-13] o.s.s.w.a.AnonymousAuthenticationFilter  : Set SecurityContextHolder to anonymous SecurityContext
2025-07-08T11:30:51.874+08:00 DEBUG 99473 --- [MyWebProject] [http-nio-8080-exec-8] .s.ChangeSessionIdAuthenticationStrategy : Changed session id from 8CDFF2659DCB1363A9ECDC3455E3428D
2025-07-08T11:30:51.876+08:00 DEBUG 99473 --- [MyWebProject] [http-nio-8080-exec-6] o.s.security.web.FilterChainProxy        : Securing GET /chatrooms?userId=4
2025-07-08T11:30:51.880+08:00 DEBUG 99473 --- [MyWebProject] [http-nio-8080-exec-8] o.s.security.web.FilterChainProxy        : Secured GET /check-login
2025-07-08T11:30:51.882+08:00 DEBUG 99473 --- [MyWebProject] [http-nio-8080-exec-3] o.s.security.web.FilterChainProxy        : Secured GET /userinfo
2025-07-08T11:30:51.876+08:00 DEBUG 99473 --- [MyWebProject] [http-nio-8080-exec-13] o.s.s.w.session.SessionManagementFilter  : Request requested invalid session id 8CDFF2659DCB1363A9ECDC3455E3428D
2025-07-08T11:30:51.884+08:00 DEBUG 99473 --- [MyWebProject] [http-nio-8080-exec-13] o.s.security.web.FilterChainProxy        : Secured GET /store/all
2025-07-08T11:30:51.890+08:00 DEBUG 99473 --- [MyWebProject] [http-nio-8080-exec-6] o.s.security.web.FilterChainProxy        : Secured GET /chatrooms?userId=4
2025-07-08T11:30:51.903+08:00 DEBUG 99473 --- [MyWebProject] [http-nio-8080-exec-1] o.s.security.web.FilterChainProxy        : Securing GET /store/all
2025-07-08T11:30:51.903+08:00 DEBUG 99473 --- [MyWebProject] [http-nio-8080-exec-1] o.s.s.w.a.AnonymousAuthenticationFilter  : Set SecurityContextHolder to anonymous SecurityContext
2025-07-08T11:30:51.904+08:00 DEBUG 99473 --- [MyWebProject] [http-nio-8080-exec-1] o.s.s.w.session.SessionManagementFilter  : Request requested invalid session id 8CDFF2659DCB1363A9ECDC3455E3428D
2025-07-08T11:30:51.904+08:00 DEBUG 99473 --- [MyWebProject] [http-nio-8080-exec-1] o.s.security.web.FilterChainProxy        : Secured GET /store/all
2025-07-08T11:30:51.956+08:00 DEBUG 99473 --- [MyWebProject] [http-nio-8080-exec-2] o.s.security.web.FilterChainProxy        : Securing GET /chatrooms?userId=4
2025-07-08T11:30:51.960+08:00 DEBUG 99473 --- [MyWebProject] [http-nio-8080-exec-2] .s.ChangeSessionIdAuthenticationStrategy : Changed session id from 4001EE406FBBE7FDD76578AF73F39B48
2025-07-08T11:30:51.960+08:00 DEBUG 99473 --- [MyWebProject] [http-nio-8080-exec-2] o.s.security.web.FilterChainProxy        : Secured GET /chatrooms?userId=4
2025-07-08T11:42:04.264+08:00  INFO 99473 --- [MyWebProject] [MessageBroker-4] o.s.w.s.c.WebSocketMessageBrokerStats    : WebSocketSession[0 current WS(0)-HttpStream(0)-HttpPoll(0), 4 total, 0 closed abnormally (0 connect failure, 0 send limit, 0 transport error)], stompSubProtocol[processed CONNECT(4)-CONNECTED(4)-DISCONNECT(4)], stompBrokerRelay[null], inboundChannel[pool size = 0, active threads = 0, queued tasks = 0, completed tasks = 48], outboundChannel[pool size = 0, active threads = 0, queued tasks = 0, completed tasks = 12], sockJsScheduler[pool size = 4, active threads = 1, queued tasks = 1, completed tasks = 1836]
2025-07-08T12:12:04.452+08:00  INFO 99473 --- [MyWebProject] [MessageBroker-1] o.s.w.s.c.WebSocketMessageBrokerStats    : WebSocketSession[0 current WS(0)-HttpStream(0)-HttpPoll(0), 4 total, 0 closed abnormally (0 connect failure, 0 send limit, 0 transport error)], stompSubProtocol[processed CONNECT(4)-CONNECTED(4)-DISCONNECT(4)], stompBrokerRelay[null], inboundChannel[pool size = 0, active threads = 0, queued tasks = 0, completed tasks = 48], outboundChannel[pool size = 0, active threads = 0, queued tasks = 0, completed tasks = 12], sockJsScheduler[pool size = 4, active threads = 1, queued tasks = 1, completed tasks = 2197]
2025-07-08T12:15:18.727+08:00 DEBUG 99473 --- [MyWebProject] [http-nio-8080-exec-6] o.s.security.web.FilterChainProxy        : Securing OPTIONS /check-login
2025-07-08T12:15:18.733+08:00 DEBUG 99473 --- [MyWebProject] [http-nio-8080-exec-8] o.s.security.web.FilterChainProxy        : Securing OPTIONS /chatrooms?userId=4
2025-07-08T12:15:18.728+08:00 DEBUG 99473 --- [MyWebProject] [http-nio-8080-exec-1] o.s.security.web.FilterChainProxy        : Securing OPTIONS /userinfo
2025-07-08T12:15:18.727+08:00 DEBUG 99473 --- [MyWebProject] [http-nio-8080-exec-5] o.s.security.web.FilterChainProxy        : Securing GET /categories
2025-07-08T12:15:18.727+08:00 DEBUG 99473 --- [MyWebProject] [http-nio-8080-exec-7] o.s.security.web.FilterChainProxy        : Securing OPTIONS /check-login
2025-07-08T12:15:18.726+08:00 DEBUG 99473 --- [MyWebProject] [http-nio-8080-exec-13] o.s.security.web.FilterChainProxy        : Securing OPTIONS /userinfo
2025-07-08T12:15:18.727+08:00 DEBUG 99473 --- [MyWebProject] [http-nio-8080-exec-3] o.s.security.web.FilterChainProxy        : Securing GET /products
2025-07-08T12:15:18.862+08:00 DEBUG 99473 --- [MyWebProject] [http-nio-8080-exec-5] o.s.s.w.a.AnonymousAuthenticationFilter  : Set SecurityContextHolder to anonymous SecurityContext
2025-07-08T12:15:18.865+08:00 DEBUG 99473 --- [MyWebProject] [http-nio-8080-exec-5] o.s.s.w.session.SessionManagementFilter  : Request requested invalid session id 1C48EB11FBBC2CB1AD37B125ED2E4DF1
2025-07-08T12:15:18.876+08:00 DEBUG 99473 --- [MyWebProject] [http-nio-8080-exec-5] o.s.security.web.FilterChainProxy        : Secured GET /categories
2025-07-08T12:15:18.877+08:00 DEBUG 99473 --- [MyWebProject] [http-nio-8080-exec-11] o.s.security.web.FilterChainProxy        : Securing GET /userinfo
2025-07-08T12:15:18.880+08:00 DEBUG 99473 --- [MyWebProject] [http-nio-8080-exec-4] o.s.security.web.FilterChainProxy        : Securing GET /check-login
2025-07-08T12:15:18.889+08:00 DEBUG 99473 --- [MyWebProject] [http-nio-8080-exec-14] o.s.security.web.FilterChainProxy        : Securing GET /chatrooms?userId=4
2025-07-08T12:15:18.892+08:00 DEBUG 99473 --- [MyWebProject] [http-nio-8080-exec-3] o.s.s.w.a.AnonymousAuthenticationFilter  : Set SecurityContextHolder to anonymous SecurityContext
2025-07-08T12:15:18.892+08:00 DEBUG 99473 --- [MyWebProject] [http-nio-8080-exec-3] o.s.s.w.session.SessionManagementFilter  : Request requested invalid session id 1C48EB11FBBC2CB1AD37B125ED2E4DF1
2025-07-08T12:15:18.893+08:00 DEBUG 99473 --- [MyWebProject] [http-nio-8080-exec-3] o.s.security.web.FilterChainProxy        : Secured GET /products
2025-07-08T12:15:18.910+08:00 DEBUG 99473 --- [MyWebProject] [http-nio-8080-exec-11] o.s.security.web.FilterChainProxy        : Secured GET /userinfo
2025-07-08T12:15:18.912+08:00 DEBUG 99473 --- [MyWebProject] [http-nio-8080-exec-14] o.s.security.web.FilterChainProxy        : Secured GET /chatrooms?userId=4
2025-07-08T12:15:18.912+08:00 DEBUG 99473 --- [MyWebProject] [http-nio-8080-exec-4] o.s.security.web.FilterChainProxy        : Secured GET /check-login
2025-07-08T12:15:18.985+08:00 DEBUG 99473 --- [MyWebProject] [http-nio-8080-exec-2] o.s.security.web.FilterChainProxy        : Securing OPTIONS /chatrooms?userId=4
2025-07-08T12:15:19.373+08:00 DEBUG 99473 --- [MyWebProject] [http-nio-8080-exec-7] o.s.security.web.FilterChainProxy        : Securing GET /check-login
2025-07-08T12:15:19.418+08:00 DEBUG 99473 --- [MyWebProject] [http-nio-8080-exec-7] o.s.security.web.FilterChainProxy        : Secured GET /check-login
2025-07-08T12:15:19.427+08:00 DEBUG 99473 --- [MyWebProject] [http-nio-8080-exec-13] o.s.security.web.FilterChainProxy        : Securing GET /check-login
2025-07-08T12:15:19.433+08:00 DEBUG 99473 --- [MyWebProject] [http-nio-8080-exec-13] .s.ChangeSessionIdAuthenticationStrategy : Changed session id from 2D25C9009341A20211CA4B243981661B
2025-07-08T12:15:19.434+08:00 DEBUG 99473 --- [MyWebProject] [http-nio-8080-exec-13] o.s.security.web.FilterChainProxy        : Secured GET /check-login
2025-07-08T12:15:19.434+08:00 DEBUG 99473 --- [MyWebProject] [http-nio-8080-exec-8] o.s.security.web.FilterChainProxy        : Securing GET /userinfo
2025-07-08T12:15:19.442+08:00 DEBUG 99473 --- [MyWebProject] [http-nio-8080-exec-8] o.s.security.web.FilterChainProxy        : Secured GET /userinfo
2025-07-08T12:15:19.456+08:00 DEBUG 99473 --- [MyWebProject] [http-nio-8080-exec-6] o.s.security.web.FilterChainProxy        : Securing GET /userinfo
2025-07-08T12:15:19.460+08:00 DEBUG 99473 --- [MyWebProject] [http-nio-8080-exec-1] o.s.security.web.FilterChainProxy        : Securing GET /categories
2025-07-08T12:15:19.461+08:00 DEBUG 99473 --- [MyWebProject] [http-nio-8080-exec-1] o.s.s.w.a.AnonymousAuthenticationFilter  : Set SecurityContextHolder to anonymous SecurityContext
2025-07-08T12:15:19.461+08:00 DEBUG 99473 --- [MyWebProject] [http-nio-8080-exec-1] o.s.s.w.session.SessionManagementFilter  : Request requested invalid session id 1C48EB11FBBC2CB1AD37B125ED2E4DF1
2025-07-08T12:15:19.461+08:00 DEBUG 99473 --- [MyWebProject] [http-nio-8080-exec-6] o.s.security.web.FilterChainProxy        : Secured GET /userinfo
2025-07-08T12:15:19.461+08:00 DEBUG 99473 --- [MyWebProject] [http-nio-8080-exec-1] o.s.security.web.FilterChainProxy        : Secured GET /categories
2025-07-08T12:15:19.495+08:00 DEBUG 99473 --- [MyWebProject] [http-nio-8080-exec-2] o.s.security.web.FilterChainProxy        : Securing GET /chatrooms?userId=4
2025-07-08T12:15:19.503+08:00 DEBUG 99473 --- [MyWebProject] [http-nio-8080-exec-2] o.s.security.web.FilterChainProxy        : Secured GET /chatrooms?userId=4
2025-07-08T12:15:19.513+08:00 DEBUG 99473 --- [MyWebProject] [http-nio-8080-exec-3] o.s.security.web.FilterChainProxy        : Securing GET /products
2025-07-08T12:15:19.514+08:00 DEBUG 99473 --- [MyWebProject] [http-nio-8080-exec-3] o.s.s.w.a.AnonymousAuthenticationFilter  : Set SecurityContextHolder to anonymous SecurityContext
2025-07-08T12:15:19.514+08:00 DEBUG 99473 --- [MyWebProject] [http-nio-8080-exec-3] o.s.s.w.session.SessionManagementFilter  : Request requested invalid session id 1C48EB11FBBC2CB1AD37B125ED2E4DF1
2025-07-08T12:15:19.519+08:00 DEBUG 99473 --- [MyWebProject] [http-nio-8080-exec-3] o.s.security.web.FilterChainProxy        : Secured GET /products
2025-07-08T12:15:19.525+08:00 DEBUG 99473 --- [MyWebProject] [http-nio-8080-exec-7] o.s.security.web.FilterChainProxy        : Securing GET /chatrooms?userId=4
2025-07-08T12:15:19.527+08:00 DEBUG 99473 --- [MyWebProject] [http-nio-8080-exec-7] o.s.security.web.FilterChainProxy        : Secured GET /chatrooms?userId=4
2025-07-08T12:15:19.568+08:00 DEBUG 99473 --- [MyWebProject] [http-nio-8080-exec-8] o.s.security.web.FilterChainProxy        : Securing GET /userinfo
2025-07-08T12:15:19.568+08:00 DEBUG 99473 --- [MyWebProject] [http-nio-8080-exec-13] o.s.security.web.FilterChainProxy        : Securing GET /check-login
2025-07-08T12:15:19.568+08:00 DEBUG 99473 --- [MyWebProject] [http-nio-8080-exec-11] o.s.security.web.FilterChainProxy        : Securing GET /chatrooms?userId=4
2025-07-08T12:15:19.570+08:00 DEBUG 99473 --- [MyWebProject] [http-nio-8080-exec-13] .s.ChangeSessionIdAuthenticationStrategy : Changed session id from 058093B4D20B3D4A2DC265F125220782
2025-07-08T12:15:19.570+08:00 DEBUG 99473 --- [MyWebProject] [http-nio-8080-exec-13] o.s.security.web.FilterChainProxy        : Secured GET /check-login
2025-07-08T12:15:19.574+08:00 DEBUG 99473 --- [MyWebProject] [http-nio-8080-exec-11] o.s.security.web.FilterChainProxy        : Secured GET /chatrooms?userId=4
2025-07-08T12:15:19.575+08:00 DEBUG 99473 --- [MyWebProject] [http-nio-8080-exec-8] o.s.security.web.FilterChainProxy        : Secured GET /userinfo
2025-07-08T12:15:19.809+08:00 DEBUG 99473 --- [MyWebProject] [http-nio-8080-exec-1] o.s.security.web.FilterChainProxy        : Securing GET /store/all
2025-07-08T12:15:19.809+08:00 DEBUG 99473 --- [MyWebProject] [http-nio-8080-exec-1] o.s.s.w.a.AnonymousAuthenticationFilter  : Set SecurityContextHolder to anonymous SecurityContext
2025-07-08T12:15:19.810+08:00 DEBUG 99473 --- [MyWebProject] [http-nio-8080-exec-1] o.s.security.web.FilterChainProxy        : Secured GET /store/all
2025-07-08T12:15:19.811+08:00 DEBUG 99473 --- [MyWebProject] [http-nio-8080-exec-5] o.s.security.web.FilterChainProxy        : Securing GET /uploads/products/2_1751941101001_0.jpg
2025-07-08T12:15:19.811+08:00 DEBUG 99473 --- [MyWebProject] [http-nio-8080-exec-5] o.s.s.w.a.AnonymousAuthenticationFilter  : Set SecurityContextHolder to anonymous SecurityContext
2025-07-08T12:15:19.811+08:00 DEBUG 99473 --- [MyWebProject] [http-nio-8080-exec-5] o.s.security.web.FilterChainProxy        : Secured GET /uploads/products/2_1751941101001_0.jpg
2025-07-08T12:15:19.820+08:00 DEBUG 99473 --- [MyWebProject] [http-nio-8080-exec-6] o.s.security.web.FilterChainProxy        : Securing GET /store/all
2025-07-08T12:15:19.821+08:00 DEBUG 99473 --- [MyWebProject] [http-nio-8080-exec-6] o.s.s.w.a.AnonymousAuthenticationFilter  : Set SecurityContextHolder to anonymous SecurityContext
2025-07-08T12:15:19.821+08:00 DEBUG 99473 --- [MyWebProject] [http-nio-8080-exec-6] o.s.security.web.FilterChainProxy        : Secured GET /store/all
2025-07-08T12:15:20.410+08:00 DEBUG 99473 --- [MyWebProject] [http-nio-8080-exec-14] o.s.security.web.FilterChainProxy        : Securing GET /chatrooms?userId=4
2025-07-08T12:15:20.414+08:00 DEBUG 99473 --- [MyWebProject] [http-nio-8080-exec-14] .s.ChangeSessionIdAuthenticationStrategy : Changed session id from 0755021C52E746AEA29F21847FD4ECF8
2025-07-08T12:15:20.415+08:00 DEBUG 99473 --- [MyWebProject] [http-nio-8080-exec-14] o.s.security.web.FilterChainProxy        : Secured GET /chatrooms?userId=4
2025-07-08T12:42:18.343+08:00  INFO 99473 --- [MyWebProject] [MessageBroker-2] o.s.w.s.c.WebSocketMessageBrokerStats    : WebSocketSession[0 current WS(0)-HttpStream(0)-HttpPoll(0), 4 total, 0 closed abnormally (0 connect failure, 0 send limit, 0 transport error)], stompSubProtocol[processed CONNECT(4)-CONNECTED(4)-DISCONNECT(4)], stompBrokerRelay[null], inboundChannel[pool size = 0, active threads = 0, queued tasks = 0, completed tasks = 48], outboundChannel[pool size = 0, active threads = 0, queued tasks = 0, completed tasks = 12], sockJsScheduler[pool size = 4, active threads = 1, queued tasks = 1, completed tasks = 2558]
2025-07-08T13:12:18.410+08:00  INFO 99473 --- [MyWebProject] [MessageBroker-1] o.s.w.s.c.WebSocketMessageBrokerStats    : WebSocketSession[0 current WS(0)-HttpStream(0)-HttpPoll(0), 4 total, 0 closed abnormally (0 connect failure, 0 send limit, 0 transport error)], stompSubProtocol[processed CONNECT(4)-CONNECTED(4)-DISCONNECT(4)], stompBrokerRelay[null], inboundChannel[pool size = 0, active threads = 0, queued tasks = 0, completed tasks = 48], outboundChannel[pool size = 0, active threads = 0, queued tasks = 0, completed tasks = 12], sockJsScheduler[pool size = 4, active threads = 1, queued tasks = 1, completed tasks = 2919]
2025-07-08T13:42:18.421+08:00  INFO 99473 --- [MyWebProject] [MessageBroker-3] o.s.w.s.c.WebSocketMessageBrokerStats    : WebSocketSession[0 current WS(0)-HttpStream(0)-HttpPoll(0), 4 total, 0 closed abnormally (0 connect failure, 0 send limit, 0 transport error)], stompSubProtocol[processed CONNECT(4)-CONNECTED(4)-DISCONNECT(4)], stompBrokerRelay[null], inboundChannel[pool size = 0, active threads = 0, queued tasks = 0, completed tasks = 48], outboundChannel[pool size = 0, active threads = 0, queued tasks = 0, completed tasks = 12], sockJsScheduler[pool size = 4, active threads = 1, queued tasks = 1, completed tasks = 3280]
2025-07-08T14:02:41.999+08:00  WARN 99473 --- [MyWebProject] [HikariPool-1 housekeeper] com.zaxxer.hikari.pool.HikariPool        : HikariPool-1 - Retrograde clock change detected (housekeeper delta=29s800ms), soft-evicting connections from pool.
2025-07-08T14:03:58.186+08:00  INFO 99473 --- [MyWebProject] [SpringApplicationShutdownHook] o.s.b.w.e.tomcat.GracefulShutdown        : Commencing graceful shutdown. Waiting for active requests to complete
2025-07-08T14:03:58.359+08:00  INFO 99473 --- [MyWebProject] [tomcat-shutdown] o.s.b.w.e.tomcat.GracefulShutdown        : Graceful shutdown complete
2025-07-08T14:03:58.535+08:00  INFO 99473 --- [MyWebProject] [SpringApplicationShutdownHook] o.s.m.s.b.SimpleBrokerMessageHandler     : Stopping...
2025-07-08T14:03:58.541+08:00  INFO 99473 --- [MyWebProject] [SpringApplicationShutdownHook] o.s.m.s.b.SimpleBrokerMessageHandler     : BrokerAvailabilityEvent[available=false, SimpleBrokerMessageHandler [org.springframework.messaging.simp.broker.DefaultSubscriptionRegistry@5d30303]]
2025-07-08T14:03:58.542+08:00  INFO 99473 --- [MyWebProject] [SpringApplicationShutdownHook] o.s.m.s.b.SimpleBrokerMessageHandler     : Stopped.
2025-07-08T14:03:58.737+08:00  INFO 99473 --- [MyWebProject] [SpringApplicationShutdownHook] j.LocalContainerEntityManagerFactoryBean : Closing JPA EntityManagerFactory for persistence unit 'default'
2025-07-08T14:03:58.972+08:00  INFO 99473 --- [MyWebProject] [SpringApplicationShutdownHook] com.zaxxer.hikari.HikariDataSource       : HikariPool-1 - Shutdown initiated...
2025-07-08T14:03:59.005+08:00  INFO 99473 --- [MyWebProject] [SpringApplicationShutdownHook] com.zaxxer.hikari.HikariDataSource       : HikariPool-1 - Shutdown completed.
2025-07-08T15:28:30.166+08:00  INFO 7833 --- [MyWebProject] [main] c.example.demo.MyWebProjectApplication   : Starting MyWebProjectApplication using Java 22.0.2 with PID 7833 (/Users/caozixuan/project/backend/target/classes started by caozixuan in /Users/caozixuan/project/backend)
2025-07-08T15:28:30.173+08:00  INFO 7833 --- [MyWebProject] [main] c.example.demo.MyWebProjectApplication   : No active profile set, falling back to 1 default profile: "default"
2025-07-08T15:28:32.461+08:00  INFO 7833 --- [MyWebProject] [main] .s.d.r.c.RepositoryConfigurationDelegate : Multiple Spring Data modules found, entering strict repository configuration mode
2025-07-08T15:28:32.466+08:00  INFO 7833 --- [MyWebProject] [main] .s.d.r.c.RepositoryConfigurationDelegate : Bootstrapping Spring Data JPA repositories in DEFAULT mode.
2025-07-08T15:28:32.871+08:00  INFO 7833 --- [MyWebProject] [main] .s.d.r.c.RepositoryConfigurationDelegate : Finished Spring Data repository scanning in 388 ms. Found 10 JPA repository interfaces.
2025-07-08T15:28:33.061+08:00  INFO 7833 --- [MyWebProject] [main] .s.d.r.c.RepositoryConfigurationDelegate : Multiple Spring Data modules found, entering strict repository configuration mode
2025-07-08T15:28:33.071+08:00  INFO 7833 --- [MyWebProject] [main] .s.d.r.c.RepositoryConfigurationDelegate : Bootstrapping Spring Data JDBC repositories in DEFAULT mode.
2025-07-08T15:28:33.168+08:00  INFO 7833 --- [MyWebProject] [main] .RepositoryConfigurationExtensionSupport : Spring Data JDBC - Could not safely identify store assignment for repository candidate interface com.example.demo.repository.CartItemRepository; If you want this repository to be a JDBC repository, consider annotating your entities with one of these annotations: org.springframework.data.relational.core.mapping.Table.
2025-07-08T15:28:33.169+08:00  INFO 7833 --- [MyWebProject] [main] .RepositoryConfigurationExtensionSupport : Spring Data JDBC - Could not safely identify store assignment for repository candidate interface com.example.demo.repository.CategoryRepository; If you want this repository to be a JDBC repository, consider annotating your entities with one of these annotations: org.springframework.data.relational.core.mapping.Table.
2025-07-08T15:28:33.170+08:00  INFO 7833 --- [MyWebProject] [main] .RepositoryConfigurationExtensionSupport : Spring Data JDBC - Could not safely identify store assignment for repository candidate interface com.example.demo.repository.ChatMessageRepository; If you want this repository to be a JDBC repository, consider annotating your entities with one of these annotations: org.springframework.data.relational.core.mapping.Table.
2025-07-08T15:28:33.174+08:00  INFO 7833 --- [MyWebProject] [main] .RepositoryConfigurationExtensionSupport : Spring Data JDBC - Could not safely identify store assignment for repository candidate interface com.example.demo.repository.ChatRoomRepository; If you want this repository to be a JDBC repository, consider annotating your entities with one of these annotations: org.springframework.data.relational.core.mapping.Table.
2025-07-08T15:28:33.182+08:00  INFO 7833 --- [MyWebProject] [main] .RepositoryConfigurationExtensionSupport : Spring Data JDBC - Could not safely identify store assignment for repository candidate interface com.example.demo.repository.OrderItemRepository; If you want this repository to be a JDBC repository, consider annotating your entities with one of these annotations: org.springframework.data.relational.core.mapping.Table.
2025-07-08T15:28:33.183+08:00  INFO 7833 --- [MyWebProject] [main] .RepositoryConfigurationExtensionSupport : Spring Data JDBC - Could not safely identify store assignment for repository candidate interface com.example.demo.repository.OrdersRepository; If you want this repository to be a JDBC repository, consider annotating your entities with one of these annotations: org.springframework.data.relational.core.mapping.Table.
2025-07-08T15:28:33.184+08:00  INFO 7833 --- [MyWebProject] [main] .RepositoryConfigurationExtensionSupport : Spring Data JDBC - Could not safely identify store assignment for repository candidate interface com.example.demo.repository.ProductImageRepository; If you want this repository to be a JDBC repository, consider annotating your entities with one of these annotations: org.springframework.data.relational.core.mapping.Table.
2025-07-08T15:28:33.186+08:00  INFO 7833 --- [MyWebProject] [main] .RepositoryConfigurationExtensionSupport : Spring Data JDBC - Could not safely identify store assignment for repository candidate interface com.example.demo.repository.ProductRepository; If you want this repository to be a JDBC repository, consider annotating your entities with one of these annotations: org.springframework.data.relational.core.mapping.Table.
2025-07-08T15:28:33.187+08:00  INFO 7833 --- [MyWebProject] [main] .RepositoryConfigurationExtensionSupport : Spring Data JDBC - Could not safely identify store assignment for repository candidate interface com.example.demo.repository.StoreRepository; If you want this repository to be a JDBC repository, consider annotating your entities with one of these annotations: org.springframework.data.relational.core.mapping.Table.
2025-07-08T15:28:33.187+08:00  INFO 7833 --- [MyWebProject] [main] .RepositoryConfigurationExtensionSupport : Spring Data JDBC - Could not safely identify store assignment for repository candidate interface com.example.demo.repository.UserRepository; If you want this repository to be a JDBC repository, consider annotating your entities with one of these annotations: org.springframework.data.relational.core.mapping.Table.
2025-07-08T15:28:33.188+08:00  INFO 7833 --- [MyWebProject] [main] .s.d.r.c.RepositoryConfigurationDelegate : Finished Spring Data repository scanning in 48 ms. Found 0 JDBC repository interfaces.
2025-07-08T15:28:33.233+08:00  INFO 7833 --- [MyWebProject] [main] .s.d.r.c.RepositoryConfigurationDelegate : Multiple Spring Data modules found, entering strict repository configuration mode
2025-07-08T15:28:33.235+08:00  INFO 7833 --- [MyWebProject] [main] .s.d.r.c.RepositoryConfigurationDelegate : Bootstrapping Spring Data Redis repositories in DEFAULT mode.
2025-07-08T15:28:33.268+08:00  INFO 7833 --- [MyWebProject] [main] .RepositoryConfigurationExtensionSupport : Spring Data Redis - Could not safely identify store assignment for repository candidate interface com.example.demo.repository.CartItemRepository; If you want this repository to be a Redis repository, consider annotating your entities with one of these annotations: org.springframework.data.redis.core.RedisHash (preferred), or consider extending one of the following types with your repository: org.springframework.data.keyvalue.repository.KeyValueRepository
2025-07-08T15:28:33.268+08:00  INFO 7833 --- [MyWebProject] [main] .RepositoryConfigurationExtensionSupport : Spring Data Redis - Could not safely identify store assignment for repository candidate interface com.example.demo.repository.CategoryRepository; If you want this repository to be a Redis repository, consider annotating your entities with one of these annotations: org.springframework.data.redis.core.RedisHash (preferred), or consider extending one of the following types with your repository: org.springframework.data.keyvalue.repository.KeyValueRepository
2025-07-08T15:28:33.269+08:00  INFO 7833 --- [MyWebProject] [main] .RepositoryConfigurationExtensionSupport : Spring Data Redis - Could not safely identify store assignment for repository candidate interface com.example.demo.repository.ChatMessageRepository; If you want this repository to be a Redis repository, consider annotating your entities with one of these annotations: org.springframework.data.redis.core.RedisHash (preferred), or consider extending one of the following types with your repository: org.springframework.data.keyvalue.repository.KeyValueRepository
2025-07-08T15:28:33.269+08:00  INFO 7833 --- [MyWebProject] [main] .RepositoryConfigurationExtensionSupport : Spring Data Redis - Could not safely identify store assignment for repository candidate interface com.example.demo.repository.ChatRoomRepository; If you want this repository to be a Redis repository, consider annotating your entities with one of these annotations: org.springframework.data.redis.core.RedisHash (preferred), or consider extending one of the following types with your repository: org.springframework.data.keyvalue.repository.KeyValueRepository
2025-07-08T15:28:33.270+08:00  INFO 7833 --- [MyWebProject] [main] .RepositoryConfigurationExtensionSupport : Spring Data Redis - Could not safely identify store assignment for repository candidate interface com.example.demo.repository.OrderItemRepository; If you want this repository to be a Redis repository, consider annotating your entities with one of these annotations: org.springframework.data.redis.core.RedisHash (preferred), or consider extending one of the following types with your repository: org.springframework.data.keyvalue.repository.KeyValueRepository
2025-07-08T15:28:33.270+08:00  INFO 7833 --- [MyWebProject] [main] .RepositoryConfigurationExtensionSupport : Spring Data Redis - Could not safely identify store assignment for repository candidate interface com.example.demo.repository.OrdersRepository; If you want this repository to be a Redis repository, consider annotating your entities with one of these annotations: org.springframework.data.redis.core.RedisHash (preferred), or consider extending one of the following types with your repository: org.springframework.data.keyvalue.repository.KeyValueRepository
2025-07-08T15:28:33.270+08:00  INFO 7833 --- [MyWebProject] [main] .RepositoryConfigurationExtensionSupport : Spring Data Redis - Could not safely identify store assignment for repository candidate interface com.example.demo.repository.ProductImageRepository; If you want this repository to be a Redis repository, consider annotating your entities with one of these annotations: org.springframework.data.redis.core.RedisHash (preferred), or consider extending one of the following types with your repository: org.springframework.data.keyvalue.repository.KeyValueRepository
2025-07-08T15:28:33.271+08:00  INFO 7833 --- [MyWebProject] [main] .RepositoryConfigurationExtensionSupport : Spring Data Redis - Could not safely identify store assignment for repository candidate interface com.example.demo.repository.ProductRepository; If you want this repository to be a Redis repository, consider annotating your entities with one of these annotations: org.springframework.data.redis.core.RedisHash (preferred), or consider extending one of the following types with your repository: org.springframework.data.keyvalue.repository.KeyValueRepository
2025-07-08T15:28:33.271+08:00  INFO 7833 --- [MyWebProject] [main] .RepositoryConfigurationExtensionSupport : Spring Data Redis - Could not safely identify store assignment for repository candidate interface com.example.demo.repository.StoreRepository; If you want this repository to be a Redis repository, consider annotating your entities with one of these annotations: org.springframework.data.redis.core.RedisHash (preferred), or consider extending one of the following types with your repository: org.springframework.data.keyvalue.repository.KeyValueRepository
2025-07-08T15:28:33.271+08:00  INFO 7833 --- [MyWebProject] [main] .RepositoryConfigurationExtensionSupport : Spring Data Redis - Could not safely identify store assignment for repository candidate interface com.example.demo.repository.UserRepository; If you want this repository to be a Redis repository, consider annotating your entities with one of these annotations: org.springframework.data.redis.core.RedisHash (preferred), or consider extending one of the following types with your repository: org.springframework.data.keyvalue.repository.KeyValueRepository
2025-07-08T15:28:33.272+08:00  INFO 7833 --- [MyWebProject] [main] .s.d.r.c.RepositoryConfigurationDelegate : Finished Spring Data repository scanning in 15 ms. Found 0 Redis repository interfaces.
2025-07-08T15:28:34.931+08:00  INFO 7833 --- [MyWebProject] [main] o.s.b.w.embedded.tomcat.TomcatWebServer  : Tomcat initialized with port 8080 (http)
2025-07-08T15:28:34.964+08:00  INFO 7833 --- [MyWebProject] [main] o.apache.catalina.core.StandardService   : Starting service [Tomcat]
2025-07-08T15:28:34.966+08:00  INFO 7833 --- [MyWebProject] [main] o.apache.catalina.core.StandardEngine    : Starting Servlet engine: [Apache Tomcat/10.1.40]
2025-07-08T15:28:35.461+08:00  INFO 7833 --- [MyWebProject] [main] org.apache.jasper.servlet.TldScanner     : At least one JAR was scanned for TLDs yet contained no TLDs. Enable debug logging for this logger for a complete list of JARs that were scanned but no TLDs were found in them. Skipping unneeded JARs during scanning can improve startup time and JSP compilation time.
2025-07-08T15:28:35.471+08:00  INFO 7833 --- [MyWebProject] [main] o.a.c.c.C.[Tomcat].[localhost].[/]       : Initializing Spring embedded WebApplicationContext
2025-07-08T15:28:35.471+08:00  INFO 7833 --- [MyWebProject] [main] w.s.c.ServletWebServerApplicationContext : Root WebApplicationContext: initialization completed in 5160 ms
2025-07-08T15:28:35.502+08:00  INFO 7833 --- [MyWebProject] [main] com.example.demo.util.JwtUtils           : ================ JWTUTILS INITIALIZATION CHECK ================
2025-07-08T15:28:35.502+08:00  WARN 7833 --- [MyWebProject] [main] com.example.demo.util.JwtUtils           : WARNING: jwt.secret is still using the default placeholder value.
2025-07-08T15:28:35.511+08:00  INFO 7833 --- [MyWebProject] [main] com.example.demo.util.JwtUtils           : SUCCESS: Default jwt.secret loaded and SecretKey initialized.
2025-07-08T15:28:35.512+08:00  INFO 7833 --- [MyWebProject] [main] com.example.demo.util.JwtUtils           : SUCCESS: jwt.expiration loaded with value: 86400000 ms
2025-07-08T15:28:35.515+08:00  INFO 7833 --- [MyWebProject] [main] com.example.demo.util.JwtUtils           : ==============================================================
2025-07-08T15:28:35.842+08:00  INFO 7833 --- [MyWebProject] [main] o.hibernate.jpa.internal.util.LogHelper  : HHH000204: Processing PersistenceUnitInfo [name: default]
2025-07-08T15:28:35.948+08:00  INFO 7833 --- [MyWebProject] [main] org.hibernate.Version                    : HHH000412: Hibernate ORM core version 6.6.13.Final
2025-07-08T15:28:36.006+08:00  INFO 7833 --- [MyWebProject] [main] o.h.c.internal.RegionFactoryInitiator    : HHH000026: Second-level cache disabled
2025-07-08T15:28:36.570+08:00  INFO 7833 --- [MyWebProject] [main] o.s.o.j.p.SpringPersistenceUnitInfo      : No LoadTimeWeaver setup: ignoring JPA class transformer
2025-07-08T15:28:36.629+08:00  INFO 7833 --- [MyWebProject] [main] com.zaxxer.hikari.HikariDataSource       : HikariPool-1 - Starting...
2025-07-08T15:28:36.993+08:00  INFO 7833 --- [MyWebProject] [main] com.zaxxer.hikari.pool.HikariPool        : HikariPool-1 - Added connection com.mysql.cj.jdbc.ConnectionImpl@647af13d
2025-07-08T15:28:36.996+08:00  INFO 7833 --- [MyWebProject] [main] com.zaxxer.hikari.HikariDataSource       : HikariPool-1 - Start completed.
2025-07-08T15:28:37.382+08:00  INFO 7833 --- [MyWebProject] [main] org.hibernate.orm.connections.pooling    : HHH10001005: Database info:
	Database JDBC URL [Connecting through datasource 'HikariDataSource (HikariPool-1)']
	Database driver: undefined/unknown
	Database version: 8.4.5
	Autocommit mode: undefined/unknown
	Isolation level: undefined/unknown
	Minimum pool size: undefined/unknown
	Maximum pool size: undefined/unknown
2025-07-08T15:28:39.641+08:00  INFO 7833 --- [MyWebProject] [main] o.h.e.t.j.p.i.JtaPlatformInitiator       : HHH000489: No JTA platform available (set 'hibernate.transaction.jta.platform' to enable JTA platform integration)
2025-07-08T15:28:40.598+08:00  INFO 7833 --- [MyWebProject] [main] j.LocalContainerEntityManagerFactoryBean : Initialized JPA EntityManagerFactory for persistence unit 'default'
2025-07-08T15:28:41.665+08:00  INFO 7833 --- [MyWebProject] [main] o.s.d.j.r.query.QueryEnhancerFactory     : Hibernate is in classpath; If applicable, HQL parser will be used.
2025-07-08T15:28:43.804+08:00  INFO 7833 --- [MyWebProject] [main] r$InitializeUserDetailsManagerConfigurer : Global AuthenticationManager configured with UserDetailsService bean with name userCertServiceImpl
2025-07-08T15:28:45.112+08:00  INFO 7833 --- [MyWebProject] [main] o.s.b.a.w.s.WelcomePageHandlerMapping    : Adding welcome page: class path resource [static/index.html]
2025-07-08T15:28:45.426+08:00 DEBUG 7833 --- [MyWebProject] [main] o.s.s.web.DefaultSecurityFilterChain     : Will secure any request with filters: DisableEncodeUrlFilter, WebAsyncManagerIntegrationFilter, SecurityContextHolderFilter, HeaderWriterFilter, CorsFilter, LogoutFilter, JwtRequestFilter, RequestCacheAwareFilter, SecurityContextHolderAwareRequestFilter, AnonymousAuthenticationFilter, SessionManagementFilter, ExceptionTranslationFilter, AuthorizationFilter
2025-07-08T15:28:46.138+08:00  INFO 7833 --- [MyWebProject] [main] o.s.m.s.b.SimpleBrokerMessageHandler     : Starting...
2025-07-08T15:28:46.139+08:00  INFO 7833 --- [MyWebProject] [main] o.s.m.s.b.SimpleBrokerMessageHandler     : BrokerAvailabilityEvent[available=true, SimpleBrokerMessageHandler [org.springframework.messaging.simp.broker.DefaultSubscriptionRegistry@28e826c3]]
2025-07-08T15:28:46.141+08:00  INFO 7833 --- [MyWebProject] [main] o.s.m.s.b.SimpleBrokerMessageHandler     : Started.
2025-07-08T15:28:46.185+08:00  INFO 7833 --- [MyWebProject] [main] o.s.b.w.embedded.tomcat.TomcatWebServer  : Tomcat started on port 8080 (http) with context path '/'
2025-07-08T15:28:46.206+08:00  INFO 7833 --- [MyWebProject] [main] c.example.demo.MyWebProjectApplication   : Started MyWebProjectApplication in 17.706 seconds (process running for 19.077)
2025-07-08T15:29:46.147+08:00  INFO 7833 --- [MyWebProject] [MessageBroker-1] o.s.w.s.c.WebSocketMessageBrokerStats    : WebSocketSession[0 current WS(0)-HttpStream(0)-HttpPoll(0), 0 total, 0 closed abnormally (0 connect failure, 0 send limit, 0 transport error)], stompSubProtocol[processed CONNECT(0)-CONNECTED(0)-DISCONNECT(0)], stompBrokerRelay[null], inboundChannel[pool size = 0, active threads = 0, queued tasks = 0, completed tasks = 0], outboundChannel[pool size = 0, active threads = 0, queued tasks = 0, completed tasks = 0], sockJsScheduler[pool size = 1, active threads = 1, queued tasks = 0, completed tasks = 0]
2025-07-08T15:29:55.419+08:00  INFO 7833 --- [MyWebProject] [http-nio-8080-exec-1] o.a.c.c.C.[Tomcat].[localhost].[/]       : Initializing Spring DispatcherServlet 'dispatcherServlet'
2025-07-08T15:29:55.422+08:00  INFO 7833 --- [MyWebProject] [http-nio-8080-exec-1] o.s.web.servlet.DispatcherServlet        : Initializing Servlet 'dispatcherServlet'
2025-07-08T15:29:55.497+08:00  INFO 7833 --- [MyWebProject] [http-nio-8080-exec-1] o.s.web.servlet.DispatcherServlet        : Completed initialization in 70 ms
2025-07-08T15:29:55.565+08:00 DEBUG 7833 --- [MyWebProject] [http-nio-8080-exec-1] o.s.security.web.FilterChainProxy        : Securing GET /captcha
2025-07-08T15:29:55.604+08:00 DEBUG 7833 --- [MyWebProject] [http-nio-8080-exec-1] o.s.s.w.a.AnonymousAuthenticationFilter  : Set SecurityContextHolder to anonymous SecurityContext
2025-07-08T15:29:55.606+08:00 DEBUG 7833 --- [MyWebProject] [http-nio-8080-exec-1] o.s.s.w.session.SessionManagementFilter  : Request requested invalid session id 70E3DD27B5E534B684EC92A8273E68EF
2025-07-08T15:29:55.630+08:00 DEBUG 7833 --- [MyWebProject] [http-nio-8080-exec-1] o.s.s.w.a.Http403ForbiddenEntryPoint     : Pre-authenticated entry point called. Rejecting access
2025-07-08T15:29:55.673+08:00 DEBUG 7833 --- [MyWebProject] [http-nio-8080-exec-1] o.s.security.web.FilterChainProxy        : Securing GET /error
2025-07-08T15:29:55.678+08:00 DEBUG 7833 --- [MyWebProject] [http-nio-8080-exec-1] o.s.s.w.a.AnonymousAuthenticationFilter  : Set SecurityContextHolder to anonymous SecurityContext
2025-07-08T15:29:55.679+08:00 DEBUG 7833 --- [MyWebProject] [http-nio-8080-exec-1] o.s.s.w.a.Http403ForbiddenEntryPoint     : Pre-authenticated entry point called. Rejecting access
2025-07-08T15:30:36.619+08:00  INFO 7833 --- [MyWebProject] [SpringApplicationShutdownHook] o.s.b.w.e.tomcat.GracefulShutdown        : Commencing graceful shutdown. Waiting for active requests to complete
2025-07-08T15:30:36.671+08:00  INFO 7833 --- [MyWebProject] [tomcat-shutdown] o.s.b.w.e.tomcat.GracefulShutdown        : Graceful shutdown complete
2025-07-08T15:30:36.692+08:00  INFO 7833 --- [MyWebProject] [SpringApplicationShutdownHook] o.s.m.s.b.SimpleBrokerMessageHandler     : Stopping...
2025-07-08T15:30:36.695+08:00  INFO 7833 --- [MyWebProject] [SpringApplicationShutdownHook] o.s.m.s.b.SimpleBrokerMessageHandler     : BrokerAvailabilityEvent[available=false, SimpleBrokerMessageHandler [org.springframework.messaging.simp.broker.DefaultSubscriptionRegistry@28e826c3]]
2025-07-08T15:30:36.697+08:00  INFO 7833 --- [MyWebProject] [SpringApplicationShutdownHook] o.s.m.s.b.SimpleBrokerMessageHandler     : Stopped.
2025-07-08T15:30:36.922+08:00  INFO 7833 --- [MyWebProject] [SpringApplicationShutdownHook] j.LocalContainerEntityManagerFactoryBean : Closing JPA EntityManagerFactory for persistence unit 'default'
2025-07-08T15:30:36.979+08:00  INFO 7833 --- [MyWebProject] [SpringApplicationShutdownHook] com.zaxxer.hikari.HikariDataSource       : HikariPool-1 - Shutdown initiated...
2025-07-08T15:30:37.204+08:00  INFO 7833 --- [MyWebProject] [SpringApplicationShutdownHook] com.zaxxer.hikari.HikariDataSource       : HikariPool-1 - Shutdown completed.
2025-07-08T15:30:45.069+08:00  INFO 7888 --- [MyWebProject] [main] c.example.demo.MyWebProjectApplication   : Starting MyWebProjectApplication using Java 22.0.2 with PID 7888 (/Users/caozixuan/project/backend/target/classes started by caozixuan in /Users/caozixuan/project/backend)
2025-07-08T15:30:45.091+08:00  INFO 7888 --- [MyWebProject] [main] c.example.demo.MyWebProjectApplication   : No active profile set, falling back to 1 default profile: "default"
2025-07-08T15:30:47.231+08:00  INFO 7888 --- [MyWebProject] [main] .s.d.r.c.RepositoryConfigurationDelegate : Multiple Spring Data modules found, entering strict repository configuration mode
2025-07-08T15:30:47.236+08:00  INFO 7888 --- [MyWebProject] [main] .s.d.r.c.RepositoryConfigurationDelegate : Bootstrapping Spring Data JPA repositories in DEFAULT mode.
2025-07-08T15:30:47.601+08:00  INFO 7888 --- [MyWebProject] [main] .s.d.r.c.RepositoryConfigurationDelegate : Finished Spring Data repository scanning in 348 ms. Found 10 JPA repository interfaces.
2025-07-08T15:30:47.724+08:00  INFO 7888 --- [MyWebProject] [main] .s.d.r.c.RepositoryConfigurationDelegate : Multiple Spring Data modules found, entering strict repository configuration mode
2025-07-08T15:30:47.725+08:00  INFO 7888 --- [MyWebProject] [main] .s.d.r.c.RepositoryConfigurationDelegate : Bootstrapping Spring Data JDBC repositories in DEFAULT mode.
2025-07-08T15:30:47.747+08:00  INFO 7888 --- [MyWebProject] [main] .RepositoryConfigurationExtensionSupport : Spring Data JDBC - Could not safely identify store assignment for repository candidate interface com.example.demo.repository.CartItemRepository; If you want this repository to be a JDBC repository, consider annotating your entities with one of these annotations: org.springframework.data.relational.core.mapping.Table.
2025-07-08T15:30:47.748+08:00  INFO 7888 --- [MyWebProject] [main] .RepositoryConfigurationExtensionSupport : Spring Data JDBC - Could not safely identify store assignment for repository candidate interface com.example.demo.repository.CategoryRepository; If you want this repository to be a JDBC repository, consider annotating your entities with one of these annotations: org.springframework.data.relational.core.mapping.Table.
2025-07-08T15:30:47.748+08:00  INFO 7888 --- [MyWebProject] [main] .RepositoryConfigurationExtensionSupport : Spring Data JDBC - Could not safely identify store assignment for repository candidate interface com.example.demo.repository.ChatMessageRepository; If you want this repository to be a JDBC repository, consider annotating your entities with one of these annotations: org.springframework.data.relational.core.mapping.Table.
2025-07-08T15:30:47.751+08:00  INFO 7888 --- [MyWebProject] [main] .RepositoryConfigurationExtensionSupport : Spring Data JDBC - Could not safely identify store assignment for repository candidate interface com.example.demo.repository.ChatRoomRepository; If you want this repository to be a JDBC repository, consider annotating your entities with one of these annotations: org.springframework.data.relational.core.mapping.Table.
2025-07-08T15:30:47.751+08:00  INFO 7888 --- [MyWebProject] [main] .RepositoryConfigurationExtensionSupport : Spring Data JDBC - Could not safely identify store assignment for repository candidate interface com.example.demo.repository.OrderItemRepository; If you want this repository to be a JDBC repository, consider annotating your entities with one of these annotations: org.springframework.data.relational.core.mapping.Table.
2025-07-08T15:30:47.752+08:00  INFO 7888 --- [MyWebProject] [main] .RepositoryConfigurationExtensionSupport : Spring Data JDBC - Could not safely identify store assignment for repository candidate interface com.example.demo.repository.OrdersRepository; If you want this repository to be a JDBC repository, consider annotating your entities with one of these annotations: org.springframework.data.relational.core.mapping.Table.
2025-07-08T15:30:47.753+08:00  INFO 7888 --- [MyWebProject] [main] .RepositoryConfigurationExtensionSupport : Spring Data JDBC - Could not safely identify store assignment for repository candidate interface com.example.demo.repository.ProductImageRepository; If you want this repository to be a JDBC repository, consider annotating your entities with one of these annotations: org.springframework.data.relational.core.mapping.Table.
2025-07-08T15:30:47.754+08:00  INFO 7888 --- [MyWebProject] [main] .RepositoryConfigurationExtensionSupport : Spring Data JDBC - Could not safely identify store assignment for repository candidate interface com.example.demo.repository.ProductRepository; If you want this repository to be a JDBC repository, consider annotating your entities with one of these annotations: org.springframework.data.relational.core.mapping.Table.
2025-07-08T15:30:47.755+08:00  INFO 7888 --- [MyWebProject] [main] .RepositoryConfigurationExtensionSupport : Spring Data JDBC - Could not safely identify store assignment for repository candidate interface com.example.demo.repository.StoreRepository; If you want this repository to be a JDBC repository, consider annotating your entities with one of these annotations: org.springframework.data.relational.core.mapping.Table.
2025-07-08T15:30:47.755+08:00  INFO 7888 --- [MyWebProject] [main] .RepositoryConfigurationExtensionSupport : Spring Data JDBC - Could not safely identify store assignment for repository candidate interface com.example.demo.repository.UserRepository; If you want this repository to be a JDBC repository, consider annotating your entities with one of these annotations: org.springframework.data.relational.core.mapping.Table.
2025-07-08T15:30:47.756+08:00  INFO 7888 --- [MyWebProject] [main] .s.d.r.c.RepositoryConfigurationDelegate : Finished Spring Data repository scanning in 28 ms. Found 0 JDBC repository interfaces.
2025-07-08T15:30:47.781+08:00  INFO 7888 --- [MyWebProject] [main] .s.d.r.c.RepositoryConfigurationDelegate : Multiple Spring Data modules found, entering strict repository configuration mode
2025-07-08T15:30:47.785+08:00  INFO 7888 --- [MyWebProject] [main] .s.d.r.c.RepositoryConfigurationDelegate : Bootstrapping Spring Data Redis repositories in DEFAULT mode.
2025-07-08T15:30:47.829+08:00  INFO 7888 --- [MyWebProject] [main] .RepositoryConfigurationExtensionSupport : Spring Data Redis - Could not safely identify store assignment for repository candidate interface com.example.demo.repository.CartItemRepository; If you want this repository to be a Redis repository, consider annotating your entities with one of these annotations: org.springframework.data.redis.core.RedisHash (preferred), or consider extending one of the following types with your repository: org.springframework.data.keyvalue.repository.KeyValueRepository
2025-07-08T15:30:47.831+08:00  INFO 7888 --- [MyWebProject] [main] .RepositoryConfigurationExtensionSupport : Spring Data Redis - Could not safely identify store assignment for repository candidate interface com.example.demo.repository.CategoryRepository; If you want this repository to be a Redis repository, consider annotating your entities with one of these annotations: org.springframework.data.redis.core.RedisHash (preferred), or consider extending one of the following types with your repository: org.springframework.data.keyvalue.repository.KeyValueRepository
2025-07-08T15:30:47.839+08:00  INFO 7888 --- [MyWebProject] [main] .RepositoryConfigurationExtensionSupport : Spring Data Redis - Could not safely identify store assignment for repository candidate interface com.example.demo.repository.ChatMessageRepository; If you want this repository to be a Redis repository, consider annotating your entities with one of these annotations: org.springframework.data.redis.core.RedisHash (preferred), or consider extending one of the following types with your repository: org.springframework.data.keyvalue.repository.KeyValueRepository
2025-07-08T15:30:47.841+08:00  INFO 7888 --- [MyWebProject] [main] .RepositoryConfigurationExtensionSupport : Spring Data Redis - Could not safely identify store assignment for repository candidate interface com.example.demo.repository.ChatRoomRepository; If you want this repository to be a Redis repository, consider annotating your entities with one of these annotations: org.springframework.data.redis.core.RedisHash (preferred), or consider extending one of the following types with your repository: org.springframework.data.keyvalue.repository.KeyValueRepository
2025-07-08T15:30:47.842+08:00  INFO 7888 --- [MyWebProject] [main] .RepositoryConfigurationExtensionSupport : Spring Data Redis - Could not safely identify store assignment for repository candidate interface com.example.demo.repository.OrderItemRepository; If you want this repository to be a Redis repository, consider annotating your entities with one of these annotations: org.springframework.data.redis.core.RedisHash (preferred), or consider extending one of the following types with your repository: org.springframework.data.keyvalue.repository.KeyValueRepository
2025-07-08T15:30:47.844+08:00  INFO 7888 --- [MyWebProject] [main] .RepositoryConfigurationExtensionSupport : Spring Data Redis - Could not safely identify store assignment for repository candidate interface com.example.demo.repository.OrdersRepository; If you want this repository to be a Redis repository, consider annotating your entities with one of these annotations: org.springframework.data.redis.core.RedisHash (preferred), or consider extending one of the following types with your repository: org.springframework.data.keyvalue.repository.KeyValueRepository
2025-07-08T15:30:47.844+08:00  INFO 7888 --- [MyWebProject] [main] .RepositoryConfigurationExtensionSupport : Spring Data Redis - Could not safely identify store assignment for repository candidate interface com.example.demo.repository.ProductImageRepository; If you want this repository to be a Redis repository, consider annotating your entities with one of these annotations: org.springframework.data.redis.core.RedisHash (preferred), or consider extending one of the following types with your repository: org.springframework.data.keyvalue.repository.KeyValueRepository
2025-07-08T15:30:47.846+08:00  INFO 7888 --- [MyWebProject] [main] .RepositoryConfigurationExtensionSupport : Spring Data Redis - Could not safely identify store assignment for repository candidate interface com.example.demo.repository.ProductRepository; If you want this repository to be a Redis repository, consider annotating your entities with one of these annotations: org.springframework.data.redis.core.RedisHash (preferred), or consider extending one of the following types with your repository: org.springframework.data.keyvalue.repository.KeyValueRepository
2025-07-08T15:30:47.847+08:00  INFO 7888 --- [MyWebProject] [main] .RepositoryConfigurationExtensionSupport : Spring Data Redis - Could not safely identify store assignment for repository candidate interface com.example.demo.repository.StoreRepository; If you want this repository to be a Redis repository, consider annotating your entities with one of these annotations: org.springframework.data.redis.core.RedisHash (preferred), or consider extending one of the following types with your repository: org.springframework.data.keyvalue.repository.KeyValueRepository
2025-07-08T15:30:47.849+08:00  INFO 7888 --- [MyWebProject] [main] .RepositoryConfigurationExtensionSupport : Spring Data Redis - Could not safely identify store assignment for repository candidate interface com.example.demo.repository.UserRepository; If you want this repository to be a Redis repository, consider annotating your entities with one of these annotations: org.springframework.data.redis.core.RedisHash (preferred), or consider extending one of the following types with your repository: org.springframework.data.keyvalue.repository.KeyValueRepository
2025-07-08T15:30:47.851+08:00  INFO 7888 --- [MyWebProject] [main] .s.d.r.c.RepositoryConfigurationDelegate : Finished Spring Data repository scanning in 49 ms. Found 0 Redis repository interfaces.
2025-07-08T15:30:49.308+08:00  INFO 7888 --- [MyWebProject] [main] o.s.b.w.embedded.tomcat.TomcatWebServer  : Tomcat initialized with port 8080 (http)
2025-07-08T15:30:49.342+08:00  INFO 7888 --- [MyWebProject] [main] o.apache.catalina.core.StandardService   : Starting service [Tomcat]
2025-07-08T15:30:49.342+08:00  INFO 7888 --- [MyWebProject] [main] o.apache.catalina.core.StandardEngine    : Starting Servlet engine: [Apache Tomcat/10.1.40]
2025-07-08T15:30:49.813+08:00  INFO 7888 --- [MyWebProject] [main] org.apache.jasper.servlet.TldScanner     : At least one JAR was scanned for TLDs yet contained no TLDs. Enable debug logging for this logger for a complete list of JARs that were scanned but no TLDs were found in them. Skipping unneeded JARs during scanning can improve startup time and JSP compilation time.
2025-07-08T15:30:49.830+08:00  INFO 7888 --- [MyWebProject] [main] o.a.c.c.C.[Tomcat].[localhost].[/]       : Initializing Spring embedded WebApplicationContext
2025-07-08T15:30:49.831+08:00  INFO 7888 --- [MyWebProject] [main] w.s.c.ServletWebServerApplicationContext : Root WebApplicationContext: initialization completed in 4605 ms
2025-07-08T15:30:49.873+08:00  INFO 7888 --- [MyWebProject] [main] com.example.demo.util.JwtUtils           : ================ JWTUTILS INITIALIZATION CHECK ================
2025-07-08T15:30:49.873+08:00  WARN 7888 --- [MyWebProject] [main] com.example.demo.util.JwtUtils           : WARNING: jwt.secret is still using the default placeholder value.
2025-07-08T15:30:49.882+08:00  INFO 7888 --- [MyWebProject] [main] com.example.demo.util.JwtUtils           : SUCCESS: Default jwt.secret loaded and SecretKey initialized.
2025-07-08T15:30:49.882+08:00  INFO 7888 --- [MyWebProject] [main] com.example.demo.util.JwtUtils           : SUCCESS: jwt.expiration loaded with value: 86400000 ms
2025-07-08T15:30:49.885+08:00  INFO 7888 --- [MyWebProject] [main] com.example.demo.util.JwtUtils           : ==============================================================
2025-07-08T15:30:50.203+08:00  INFO 7888 --- [MyWebProject] [main] o.hibernate.jpa.internal.util.LogHelper  : HHH000204: Processing PersistenceUnitInfo [name: default]
2025-07-08T15:30:50.294+08:00  INFO 7888 --- [MyWebProject] [main] org.hibernate.Version                    : HHH000412: Hibernate ORM core version 6.6.13.Final
2025-07-08T15:30:50.357+08:00  INFO 7888 --- [MyWebProject] [main] o.h.c.internal.RegionFactoryInitiator    : HHH000026: Second-level cache disabled
2025-07-08T15:30:50.888+08:00  INFO 7888 --- [MyWebProject] [main] o.s.o.j.p.SpringPersistenceUnitInfo      : No LoadTimeWeaver setup: ignoring JPA class transformer
2025-07-08T15:30:50.931+08:00  INFO 7888 --- [MyWebProject] [main] com.zaxxer.hikari.HikariDataSource       : HikariPool-1 - Starting...
2025-07-08T15:30:51.240+08:00  INFO 7888 --- [MyWebProject] [main] com.zaxxer.hikari.pool.HikariPool        : HikariPool-1 - Added connection com.mysql.cj.jdbc.ConnectionImpl@e67d3b7
2025-07-08T15:30:51.243+08:00  INFO 7888 --- [MyWebProject] [main] com.zaxxer.hikari.HikariDataSource       : HikariPool-1 - Start completed.
2025-07-08T15:30:51.395+08:00  INFO 7888 --- [MyWebProject] [main] org.hibernate.orm.connections.pooling    : HHH10001005: Database info:
	Database JDBC URL [Connecting through datasource 'HikariDataSource (HikariPool-1)']
	Database driver: undefined/unknown
	Database version: 8.4.5
	Autocommit mode: undefined/unknown
	Isolation level: undefined/unknown
	Minimum pool size: undefined/unknown
	Maximum pool size: undefined/unknown
2025-07-08T15:30:53.695+08:00  INFO 7888 --- [MyWebProject] [main] o.h.e.t.j.p.i.JtaPlatformInitiator       : HHH000489: No JTA platform available (set 'hibernate.transaction.jta.platform' to enable JTA platform integration)
2025-07-08T15:30:54.253+08:00  INFO 7888 --- [MyWebProject] [main] j.LocalContainerEntityManagerFactoryBean : Initialized JPA EntityManagerFactory for persistence unit 'default'
2025-07-08T15:30:55.555+08:00  INFO 7888 --- [MyWebProject] [main] o.s.d.j.r.query.QueryEnhancerFactory     : Hibernate is in classpath; If applicable, HQL parser will be used.
2025-07-08T15:30:58.119+08:00  INFO 7888 --- [MyWebProject] [main] r$InitializeUserDetailsManagerConfigurer : Global AuthenticationManager configured with UserDetailsService bean with name userCertServiceImpl
2025-07-08T15:30:59.526+08:00  INFO 7888 --- [MyWebProject] [main] o.s.b.a.w.s.WelcomePageHandlerMapping    : Adding welcome page: class path resource [static/index.html]
2025-07-08T15:30:59.808+08:00 DEBUG 7888 --- [MyWebProject] [main] o.s.s.web.DefaultSecurityFilterChain     : Will secure any request with filters: DisableEncodeUrlFilter, WebAsyncManagerIntegrationFilter, SecurityContextHolderFilter, HeaderWriterFilter, CorsFilter, LogoutFilter, JwtRequestFilter, RequestCacheAwareFilter, SecurityContextHolderAwareRequestFilter, AnonymousAuthenticationFilter, SessionManagementFilter, ExceptionTranslationFilter, AuthorizationFilter
2025-07-08T15:31:00.669+08:00  INFO 7888 --- [MyWebProject] [main] o.s.m.s.b.SimpleBrokerMessageHandler     : Starting...
2025-07-08T15:31:00.670+08:00  INFO 7888 --- [MyWebProject] [main] o.s.m.s.b.SimpleBrokerMessageHandler     : BrokerAvailabilityEvent[available=true, SimpleBrokerMessageHandler [org.springframework.messaging.simp.broker.DefaultSubscriptionRegistry@54a1be3a]]
2025-07-08T15:31:00.671+08:00  INFO 7888 --- [MyWebProject] [main] o.s.m.s.b.SimpleBrokerMessageHandler     : Started.
2025-07-08T15:31:00.750+08:00  INFO 7888 --- [MyWebProject] [main] o.s.b.w.embedded.tomcat.TomcatWebServer  : Tomcat started on port 8080 (http) with context path '/'
2025-07-08T15:31:00.778+08:00  INFO 7888 --- [MyWebProject] [main] c.example.demo.MyWebProjectApplication   : Started MyWebProjectApplication in 17.372 seconds (process running for 18.532)
2025-07-08T15:31:10.755+08:00  INFO 7888 --- [MyWebProject] [http-nio-8080-exec-1] o.a.c.c.C.[Tomcat].[localhost].[/]       : Initializing Spring DispatcherServlet 'dispatcherServlet'
2025-07-08T15:31:10.757+08:00  INFO 7888 --- [MyWebProject] [http-nio-8080-exec-1] o.s.web.servlet.DispatcherServlet        : Initializing Servlet 'dispatcherServlet'
2025-07-08T15:31:10.759+08:00  INFO 7888 --- [MyWebProject] [http-nio-8080-exec-1] o.s.web.servlet.DispatcherServlet        : Completed initialization in 2 ms
2025-07-08T15:31:10.811+08:00 DEBUG 7888 --- [MyWebProject] [http-nio-8080-exec-1] o.s.security.web.FilterChainProxy        : Securing GET /captcha
2025-07-08T15:31:10.830+08:00 DEBUG 7888 --- [MyWebProject] [http-nio-8080-exec-1] o.s.s.w.a.AnonymousAuthenticationFilter  : Set SecurityContextHolder to anonymous SecurityContext
2025-07-08T15:31:10.830+08:00 DEBUG 7888 --- [MyWebProject] [http-nio-8080-exec-1] o.s.s.w.session.SessionManagementFilter  : Request requested invalid session id 70E3DD27B5E534B684EC92A8273E68EF
2025-07-08T15:31:10.840+08:00 DEBUG 7888 --- [MyWebProject] [http-nio-8080-exec-1] o.s.security.web.FilterChainProxy        : Secured GET /captcha
2025-07-08T15:31:17.109+08:00  WARN 7888 --- [MyWebProject] [http-nio-8080-exec-1] .w.s.m.s.DefaultHandlerExceptionResolver : Resolved [org.springframework.http.converter.HttpMessageNotWritableException: No converter for [class com.example.demo.response.ApiResponse] with preset Content-Type 'null']
2025-07-08T15:31:17.124+08:00 DEBUG 7888 --- [MyWebProject] [http-nio-8080-exec-1] o.s.security.web.FilterChainProxy        : Securing GET /error
2025-07-08T15:31:17.126+08:00 DEBUG 7888 --- [MyWebProject] [http-nio-8080-exec-1] o.s.s.w.a.AnonymousAuthenticationFilter  : Set SecurityContextHolder to anonymous SecurityContext
2025-07-08T15:31:17.129+08:00 DEBUG 7888 --- [MyWebProject] [http-nio-8080-exec-1] o.s.s.w.a.Http403ForbiddenEntryPoint     : Pre-authenticated entry point called. Rejecting access
2025-07-08T15:32:00.673+08:00  INFO 7888 --- [MyWebProject] [MessageBroker-1] o.s.w.s.c.WebSocketMessageBrokerStats    : WebSocketSession[0 current WS(0)-HttpStream(0)-HttpPoll(0), 0 total, 0 closed abnormally (0 connect failure, 0 send limit, 0 transport error)], stompSubProtocol[processed CONNECT(0)-CONNECTED(0)-DISCONNECT(0)], stompBrokerRelay[null], inboundChannel[pool size = 0, active threads = 0, queued tasks = 0, completed tasks = 0], outboundChannel[pool size = 0, active threads = 0, queued tasks = 0, completed tasks = 0], sockJsScheduler[pool size = 1, active threads = 1, queued tasks = 0, completed tasks = 0]
2025-07-08T15:33:08.683+08:00  INFO 7888 --- [MyWebProject] [SpringApplicationShutdownHook] o.s.b.w.e.tomcat.GracefulShutdown        : Commencing graceful shutdown. Waiting for active requests to complete
2025-07-08T15:33:08.693+08:00  INFO 7888 --- [MyWebProject] [tomcat-shutdown] o.s.b.w.e.tomcat.GracefulShutdown        : Graceful shutdown complete
2025-07-08T15:33:08.700+08:00  INFO 7888 --- [MyWebProject] [SpringApplicationShutdownHook] o.s.m.s.b.SimpleBrokerMessageHandler     : Stopping...
2025-07-08T15:33:08.700+08:00  INFO 7888 --- [MyWebProject] [SpringApplicationShutdownHook] o.s.m.s.b.SimpleBrokerMessageHandler     : BrokerAvailabilityEvent[available=false, SimpleBrokerMessageHandler [org.springframework.messaging.simp.broker.DefaultSubscriptionRegistry@54a1be3a]]
2025-07-08T15:33:08.700+08:00  INFO 7888 --- [MyWebProject] [SpringApplicationShutdownHook] o.s.m.s.b.SimpleBrokerMessageHandler     : Stopped.
2025-07-08T15:33:08.741+08:00  INFO 7888 --- [MyWebProject] [SpringApplicationShutdownHook] j.LocalContainerEntityManagerFactoryBean : Closing JPA EntityManagerFactory for persistence unit 'default'
2025-07-08T15:33:08.747+08:00  INFO 7888 --- [MyWebProject] [SpringApplicationShutdownHook] com.zaxxer.hikari.HikariDataSource       : HikariPool-1 - Shutdown initiated...
2025-07-08T15:33:08.769+08:00  INFO 7888 --- [MyWebProject] [SpringApplicationShutdownHook] com.zaxxer.hikari.HikariDataSource       : HikariPool-1 - Shutdown completed.
2025-07-08T15:33:13.215+08:00  INFO 7940 --- [MyWebProject] [main] c.example.demo.MyWebProjectApplication   : Starting MyWebProjectApplication using Java 22.0.2 with PID 7940 (/Users/caozixuan/project/backend/target/classes started by caozixuan in /Users/caozixuan/project/backend)
2025-07-08T15:33:13.222+08:00  INFO 7940 --- [MyWebProject] [main] c.example.demo.MyWebProjectApplication   : No active profile set, falling back to 1 default profile: "default"
2025-07-08T15:33:15.611+08:00  INFO 7940 --- [MyWebProject] [main] .s.d.r.c.RepositoryConfigurationDelegate : Multiple Spring Data modules found, entering strict repository configuration mode
2025-07-08T15:33:15.615+08:00  INFO 7940 --- [MyWebProject] [main] .s.d.r.c.RepositoryConfigurationDelegate : Bootstrapping Spring Data JPA repositories in DEFAULT mode.
2025-07-08T15:33:16.049+08:00  INFO 7940 --- [MyWebProject] [main] .s.d.r.c.RepositoryConfigurationDelegate : Finished Spring Data repository scanning in 413 ms. Found 10 JPA repository interfaces.
2025-07-08T15:33:16.168+08:00  INFO 7940 --- [MyWebProject] [main] .s.d.r.c.RepositoryConfigurationDelegate : Multiple Spring Data modules found, entering strict repository configuration mode
2025-07-08T15:33:16.169+08:00  INFO 7940 --- [MyWebProject] [main] .s.d.r.c.RepositoryConfigurationDelegate : Bootstrapping Spring Data JDBC repositories in DEFAULT mode.
2025-07-08T15:33:16.203+08:00  INFO 7940 --- [MyWebProject] [main] .RepositoryConfigurationExtensionSupport : Spring Data JDBC - Could not safely identify store assignment for repository candidate interface com.example.demo.repository.CartItemRepository; If you want this repository to be a JDBC repository, consider annotating your entities with one of these annotations: org.springframework.data.relational.core.mapping.Table.
2025-07-08T15:33:16.203+08:00  INFO 7940 --- [MyWebProject] [main] .RepositoryConfigurationExtensionSupport : Spring Data JDBC - Could not safely identify store assignment for repository candidate interface com.example.demo.repository.CategoryRepository; If you want this repository to be a JDBC repository, consider annotating your entities with one of these annotations: org.springframework.data.relational.core.mapping.Table.
2025-07-08T15:33:16.204+08:00  INFO 7940 --- [MyWebProject] [main] .RepositoryConfigurationExtensionSupport : Spring Data JDBC - Could not safely identify store assignment for repository candidate interface com.example.demo.repository.ChatMessageRepository; If you want this repository to be a JDBC repository, consider annotating your entities with one of these annotations: org.springframework.data.relational.core.mapping.Table.
2025-07-08T15:33:16.207+08:00  INFO 7940 --- [MyWebProject] [main] .RepositoryConfigurationExtensionSupport : Spring Data JDBC - Could not safely identify store assignment for repository candidate interface com.example.demo.repository.ChatRoomRepository; If you want this repository to be a JDBC repository, consider annotating your entities with one of these annotations: org.springframework.data.relational.core.mapping.Table.
2025-07-08T15:33:16.208+08:00  INFO 7940 --- [MyWebProject] [main] .RepositoryConfigurationExtensionSupport : Spring Data JDBC - Could not safely identify store assignment for repository candidate interface com.example.demo.repository.OrderItemRepository; If you want this repository to be a JDBC repository, consider annotating your entities with one of these annotations: org.springframework.data.relational.core.mapping.Table.
2025-07-08T15:33:16.209+08:00  INFO 7940 --- [MyWebProject] [main] .RepositoryConfigurationExtensionSupport : Spring Data JDBC - Could not safely identify store assignment for repository candidate interface com.example.demo.repository.OrdersRepository; If you want this repository to be a JDBC repository, consider annotating your entities with one of these annotations: org.springframework.data.relational.core.mapping.Table.
2025-07-08T15:33:16.210+08:00  INFO 7940 --- [MyWebProject] [main] .RepositoryConfigurationExtensionSupport : Spring Data JDBC - Could not safely identify store assignment for repository candidate interface com.example.demo.repository.ProductImageRepository; If you want this repository to be a JDBC repository, consider annotating your entities with one of these annotations: org.springframework.data.relational.core.mapping.Table.
2025-07-08T15:33:16.211+08:00  INFO 7940 --- [MyWebProject] [main] .RepositoryConfigurationExtensionSupport : Spring Data JDBC - Could not safely identify store assignment for repository candidate interface com.example.demo.repository.ProductRepository; If you want this repository to be a JDBC repository, consider annotating your entities with one of these annotations: org.springframework.data.relational.core.mapping.Table.
2025-07-08T15:33:16.212+08:00  INFO 7940 --- [MyWebProject] [main] .RepositoryConfigurationExtensionSupport : Spring Data JDBC - Could not safely identify store assignment for repository candidate interface com.example.demo.repository.StoreRepository; If you want this repository to be a JDBC repository, consider annotating your entities with one of these annotations: org.springframework.data.relational.core.mapping.Table.
2025-07-08T15:33:16.213+08:00  INFO 7940 --- [MyWebProject] [main] .RepositoryConfigurationExtensionSupport : Spring Data JDBC - Could not safely identify store assignment for repository candidate interface com.example.demo.repository.UserRepository; If you want this repository to be a JDBC repository, consider annotating your entities with one of these annotations: org.springframework.data.relational.core.mapping.Table.
2025-07-08T15:33:16.214+08:00  INFO 7940 --- [MyWebProject] [main] .s.d.r.c.RepositoryConfigurationDelegate : Finished Spring Data repository scanning in 39 ms. Found 0 JDBC repository interfaces.
2025-07-08T15:33:16.241+08:00  INFO 7940 --- [MyWebProject] [main] .s.d.r.c.RepositoryConfigurationDelegate : Multiple Spring Data modules found, entering strict repository configuration mode
2025-07-08T15:33:16.243+08:00  INFO 7940 --- [MyWebProject] [main] .s.d.r.c.RepositoryConfigurationDelegate : Bootstrapping Spring Data Redis repositories in DEFAULT mode.
2025-07-08T15:33:16.292+08:00  INFO 7940 --- [MyWebProject] [main] .RepositoryConfigurationExtensionSupport : Spring Data Redis - Could not safely identify store assignment for repository candidate interface com.example.demo.repository.CartItemRepository; If you want this repository to be a Redis repository, consider annotating your entities with one of these annotations: org.springframework.data.redis.core.RedisHash (preferred), or consider extending one of the following types with your repository: org.springframework.data.keyvalue.repository.KeyValueRepository
2025-07-08T15:33:16.293+08:00  INFO 7940 --- [MyWebProject] [main] .RepositoryConfigurationExtensionSupport : Spring Data Redis - Could not safely identify store assignment for repository candidate interface com.example.demo.repository.CategoryRepository; If you want this repository to be a Redis repository, consider annotating your entities with one of these annotations: org.springframework.data.redis.core.RedisHash (preferred), or consider extending one of the following types with your repository: org.springframework.data.keyvalue.repository.KeyValueRepository
2025-07-08T15:33:16.293+08:00  INFO 7940 --- [MyWebProject] [main] .RepositoryConfigurationExtensionSupport : Spring Data Redis - Could not safely identify store assignment for repository candidate interface com.example.demo.repository.ChatMessageRepository; If you want this repository to be a Redis repository, consider annotating your entities with one of these annotations: org.springframework.data.redis.core.RedisHash (preferred), or consider extending one of the following types with your repository: org.springframework.data.keyvalue.repository.KeyValueRepository
2025-07-08T15:33:16.294+08:00  INFO 7940 --- [MyWebProject] [main] .RepositoryConfigurationExtensionSupport : Spring Data Redis - Could not safely identify store assignment for repository candidate interface com.example.demo.repository.ChatRoomRepository; If you want this repository to be a Redis repository, consider annotating your entities with one of these annotations: org.springframework.data.redis.core.RedisHash (preferred), or consider extending one of the following types with your repository: org.springframework.data.keyvalue.repository.KeyValueRepository
2025-07-08T15:33:16.295+08:00  INFO 7940 --- [MyWebProject] [main] .RepositoryConfigurationExtensionSupport : Spring Data Redis - Could not safely identify store assignment for repository candidate interface com.example.demo.repository.OrderItemRepository; If you want this repository to be a Redis repository, consider annotating your entities with one of these annotations: org.springframework.data.redis.core.RedisHash (preferred), or consider extending one of the following types with your repository: org.springframework.data.keyvalue.repository.KeyValueRepository
2025-07-08T15:33:16.295+08:00  INFO 7940 --- [MyWebProject] [main] .RepositoryConfigurationExtensionSupport : Spring Data Redis - Could not safely identify store assignment for repository candidate interface com.example.demo.repository.OrdersRepository; If you want this repository to be a Redis repository, consider annotating your entities with one of these annotations: org.springframework.data.redis.core.RedisHash (preferred), or consider extending one of the following types with your repository: org.springframework.data.keyvalue.repository.KeyValueRepository
2025-07-08T15:33:16.297+08:00  INFO 7940 --- [MyWebProject] [main] .RepositoryConfigurationExtensionSupport : Spring Data Redis - Could not safely identify store assignment for repository candidate interface com.example.demo.repository.ProductImageRepository; If you want this repository to be a Redis repository, consider annotating your entities with one of these annotations: org.springframework.data.redis.core.RedisHash (preferred), or consider extending one of the following types with your repository: org.springframework.data.keyvalue.repository.KeyValueRepository
2025-07-08T15:33:16.298+08:00  INFO 7940 --- [MyWebProject] [main] .RepositoryConfigurationExtensionSupport : Spring Data Redis - Could not safely identify store assignment for repository candidate interface com.example.demo.repository.ProductRepository; If you want this repository to be a Redis repository, consider annotating your entities with one of these annotations: org.springframework.data.redis.core.RedisHash (preferred), or consider extending one of the following types with your repository: org.springframework.data.keyvalue.repository.KeyValueRepository
2025-07-08T15:33:16.299+08:00  INFO 7940 --- [MyWebProject] [main] .RepositoryConfigurationExtensionSupport : Spring Data Redis - Could not safely identify store assignment for repository candidate interface com.example.demo.repository.StoreRepository; If you want this repository to be a Redis repository, consider annotating your entities with one of these annotations: org.springframework.data.redis.core.RedisHash (preferred), or consider extending one of the following types with your repository: org.springframework.data.keyvalue.repository.KeyValueRepository
2025-07-08T15:33:16.300+08:00  INFO 7940 --- [MyWebProject] [main] .RepositoryConfigurationExtensionSupport : Spring Data Redis - Could not safely identify store assignment for repository candidate interface com.example.demo.repository.UserRepository; If you want this repository to be a Redis repository, consider annotating your entities with one of these annotations: org.springframework.data.redis.core.RedisHash (preferred), or consider extending one of the following types with your repository: org.springframework.data.keyvalue.repository.KeyValueRepository
2025-07-08T15:33:16.301+08:00  INFO 7940 --- [MyWebProject] [main] .s.d.r.c.RepositoryConfigurationDelegate : Finished Spring Data repository scanning in 29 ms. Found 0 Redis repository interfaces.
2025-07-08T15:33:17.988+08:00  INFO 7940 --- [MyWebProject] [main] o.s.b.w.embedded.tomcat.TomcatWebServer  : Tomcat initialized with port 8080 (http)
2025-07-08T15:33:18.029+08:00  INFO 7940 --- [MyWebProject] [main] o.apache.catalina.core.StandardService   : Starting service [Tomcat]
2025-07-08T15:33:18.029+08:00  INFO 7940 --- [MyWebProject] [main] o.apache.catalina.core.StandardEngine    : Starting Servlet engine: [Apache Tomcat/10.1.40]
2025-07-08T15:33:18.560+08:00  INFO 7940 --- [MyWebProject] [main] org.apache.jasper.servlet.TldScanner     : At least one JAR was scanned for TLDs yet contained no TLDs. Enable debug logging for this logger for a complete list of JARs that were scanned but no TLDs were found in them. Skipping unneeded JARs during scanning can improve startup time and JSP compilation time.
2025-07-08T15:33:18.574+08:00  INFO 7940 --- [MyWebProject] [main] o.a.c.c.C.[Tomcat].[localhost].[/]       : Initializing Spring embedded WebApplicationContext
2025-07-08T15:33:18.575+08:00  INFO 7940 --- [MyWebProject] [main] w.s.c.ServletWebServerApplicationContext : Root WebApplicationContext: initialization completed in 5212 ms
2025-07-08T15:33:18.633+08:00  INFO 7940 --- [MyWebProject] [main] com.example.demo.util.JwtUtils           : ================ JWTUTILS INITIALIZATION CHECK ================
2025-07-08T15:33:18.633+08:00  WARN 7940 --- [MyWebProject] [main] com.example.demo.util.JwtUtils           : WARNING: jwt.secret is still using the default placeholder value.
2025-07-08T15:33:18.643+08:00  INFO 7940 --- [MyWebProject] [main] com.example.demo.util.JwtUtils           : SUCCESS: Default jwt.secret loaded and SecretKey initialized.
2025-07-08T15:33:18.643+08:00  INFO 7940 --- [MyWebProject] [main] com.example.demo.util.JwtUtils           : SUCCESS: jwt.expiration loaded with value: 86400000 ms
2025-07-08T15:33:18.645+08:00  INFO 7940 --- [MyWebProject] [main] com.example.demo.util.JwtUtils           : ==============================================================
2025-07-08T15:33:19.004+08:00  INFO 7940 --- [MyWebProject] [main] o.hibernate.jpa.internal.util.LogHelper  : HHH000204: Processing PersistenceUnitInfo [name: default]
2025-07-08T15:33:19.117+08:00  INFO 7940 --- [MyWebProject] [main] org.hibernate.Version                    : HHH000412: Hibernate ORM core version 6.6.13.Final
2025-07-08T15:33:19.194+08:00  INFO 7940 --- [MyWebProject] [main] o.h.c.internal.RegionFactoryInitiator    : HHH000026: Second-level cache disabled
2025-07-08T15:33:19.809+08:00  INFO 7940 --- [MyWebProject] [main] o.s.o.j.p.SpringPersistenceUnitInfo      : No LoadTimeWeaver setup: ignoring JPA class transformer
2025-07-08T15:33:19.864+08:00  INFO 7940 --- [MyWebProject] [main] com.zaxxer.hikari.HikariDataSource       : HikariPool-1 - Starting...
2025-07-08T15:33:20.228+08:00  INFO 7940 --- [MyWebProject] [main] com.zaxxer.hikari.pool.HikariPool        : HikariPool-1 - Added connection com.mysql.cj.jdbc.ConnectionImpl@2b3abeeb
2025-07-08T15:33:20.231+08:00  INFO 7940 --- [MyWebProject] [main] com.zaxxer.hikari.HikariDataSource       : HikariPool-1 - Start completed.
2025-07-08T15:33:20.422+08:00  INFO 7940 --- [MyWebProject] [main] org.hibernate.orm.connections.pooling    : HHH10001005: Database info:
	Database JDBC URL [Connecting through datasource 'HikariDataSource (HikariPool-1)']
	Database driver: undefined/unknown
	Database version: 8.4.5
	Autocommit mode: undefined/unknown
	Isolation level: undefined/unknown
	Minimum pool size: undefined/unknown
	Maximum pool size: undefined/unknown
2025-07-08T15:33:22.539+08:00  INFO 7940 --- [MyWebProject] [main] o.h.e.t.j.p.i.JtaPlatformInitiator       : HHH000489: No JTA platform available (set 'hibernate.transaction.jta.platform' to enable JTA platform integration)
2025-07-08T15:33:22.949+08:00  INFO 7940 --- [MyWebProject] [main] j.LocalContainerEntityManagerFactoryBean : Initialized JPA EntityManagerFactory for persistence unit 'default'
2025-07-08T15:33:24.033+08:00  INFO 7940 --- [MyWebProject] [main] o.s.d.j.r.query.QueryEnhancerFactory     : Hibernate is in classpath; If applicable, HQL parser will be used.
2025-07-08T15:33:26.433+08:00  INFO 7940 --- [MyWebProject] [main] r$InitializeUserDetailsManagerConfigurer : Global AuthenticationManager configured with UserDetailsService bean with name userCertServiceImpl
2025-07-08T15:33:27.561+08:00  INFO 7940 --- [MyWebProject] [main] o.s.b.a.w.s.WelcomePageHandlerMapping    : Adding welcome page: class path resource [static/index.html]
2025-07-08T15:33:27.848+08:00 DEBUG 7940 --- [MyWebProject] [main] o.s.s.web.DefaultSecurityFilterChain     : Will secure any request with filters: DisableEncodeUrlFilter, WebAsyncManagerIntegrationFilter, SecurityContextHolderFilter, HeaderWriterFilter, CorsFilter, LogoutFilter, JwtRequestFilter, RequestCacheAwareFilter, SecurityContextHolderAwareRequestFilter, AnonymousAuthenticationFilter, SessionManagementFilter, ExceptionTranslationFilter, AuthorizationFilter
2025-07-08T15:33:28.487+08:00  INFO 7940 --- [MyWebProject] [main] o.s.m.s.b.SimpleBrokerMessageHandler     : Starting...
2025-07-08T15:33:28.488+08:00  INFO 7940 --- [MyWebProject] [main] o.s.m.s.b.SimpleBrokerMessageHandler     : BrokerAvailabilityEvent[available=true, SimpleBrokerMessageHandler [org.springframework.messaging.simp.broker.DefaultSubscriptionRegistry@20325baf]]
2025-07-08T15:33:28.492+08:00  INFO 7940 --- [MyWebProject] [main] o.s.m.s.b.SimpleBrokerMessageHandler     : Started.
2025-07-08T15:33:28.533+08:00  INFO 7940 --- [MyWebProject] [main] o.s.b.w.embedded.tomcat.TomcatWebServer  : Tomcat started on port 8080 (http) with context path '/'
2025-07-08T15:33:28.553+08:00  INFO 7940 --- [MyWebProject] [main] c.example.demo.MyWebProjectApplication   : Started MyWebProjectApplication in 16.864 seconds (process running for 18.025)
2025-07-08T15:33:37.863+08:00  INFO 7940 --- [MyWebProject] [http-nio-8080-exec-1] o.a.c.c.C.[Tomcat].[localhost].[/]       : Initializing Spring DispatcherServlet 'dispatcherServlet'
2025-07-08T15:33:37.864+08:00  INFO 7940 --- [MyWebProject] [http-nio-8080-exec-1] o.s.web.servlet.DispatcherServlet        : Initializing Servlet 'dispatcherServlet'
2025-07-08T15:33:37.871+08:00  INFO 7940 --- [MyWebProject] [http-nio-8080-exec-1] o.s.web.servlet.DispatcherServlet        : Completed initialization in 6 ms
2025-07-08T15:33:37.933+08:00 DEBUG 7940 --- [MyWebProject] [http-nio-8080-exec-1] o.s.security.web.FilterChainProxy        : Securing GET /captcha
2025-07-08T15:33:37.959+08:00 DEBUG 7940 --- [MyWebProject] [http-nio-8080-exec-1] o.s.s.w.a.AnonymousAuthenticationFilter  : Set SecurityContextHolder to anonymous SecurityContext
2025-07-08T15:33:37.960+08:00 DEBUG 7940 --- [MyWebProject] [http-nio-8080-exec-1] o.s.s.w.session.SessionManagementFilter  : Request requested invalid session id 70E3DD27B5E534B684EC92A8273E68EF
2025-07-08T15:33:37.965+08:00 DEBUG 7940 --- [MyWebProject] [http-nio-8080-exec-1] o.s.security.web.FilterChainProxy        : Secured GET /captcha
2025-07-08T15:33:40.409+08:00  WARN 7940 --- [MyWebProject] [http-nio-8080-exec-1] .w.s.m.s.DefaultHandlerExceptionResolver : Resolved [org.springframework.http.converter.HttpMessageNotWritableException: No converter for [class com.example.demo.response.ApiResponse] with preset Content-Type 'null']
2025-07-08T15:33:40.425+08:00 DEBUG 7940 --- [MyWebProject] [http-nio-8080-exec-1] o.s.security.web.FilterChainProxy        : Securing GET /error
2025-07-08T15:33:40.427+08:00 DEBUG 7940 --- [MyWebProject] [http-nio-8080-exec-1] o.s.s.w.a.AnonymousAuthenticationFilter  : Set SecurityContextHolder to anonymous SecurityContext
2025-07-08T15:33:40.464+08:00 DEBUG 7940 --- [MyWebProject] [http-nio-8080-exec-1] o.s.s.w.a.Http403ForbiddenEntryPoint     : Pre-authenticated entry point called. Rejecting access
2025-07-08T15:34:28.636+08:00  INFO 7940 --- [MyWebProject] [MessageBroker-1] o.s.w.s.c.WebSocketMessageBrokerStats    : WebSocketSession[0 current WS(0)-HttpStream(0)-HttpPoll(0), 0 total, 0 closed abnormally (0 connect failure, 0 send limit, 0 transport error)], stompSubProtocol[processed CONNECT(0)-CONNECTED(0)-DISCONNECT(0)], stompBrokerRelay[null], inboundChannel[pool size = 0, active threads = 0, queued tasks = 0, completed tasks = 0], outboundChannel[pool size = 0, active threads = 0, queued tasks = 0, completed tasks = 0], sockJsScheduler[pool size = 1, active threads = 1, queued tasks = 0, completed tasks = 0]
2025-07-08T15:37:37.861+08:00  INFO 7940 --- [MyWebProject] [SpringApplicationShutdownHook] o.s.b.w.e.tomcat.GracefulShutdown        : Commencing graceful shutdown. Waiting for active requests to complete
2025-07-08T15:37:37.970+08:00  INFO 7940 --- [MyWebProject] [tomcat-shutdown] o.s.b.w.e.tomcat.GracefulShutdown        : Graceful shutdown complete
2025-07-08T15:37:37.998+08:00  INFO 7940 --- [MyWebProject] [SpringApplicationShutdownHook] o.s.m.s.b.SimpleBrokerMessageHandler     : Stopping...
2025-07-08T15:37:38.001+08:00  INFO 7940 --- [MyWebProject] [SpringApplicationShutdownHook] o.s.m.s.b.SimpleBrokerMessageHandler     : BrokerAvailabilityEvent[available=false, SimpleBrokerMessageHandler [org.springframework.messaging.simp.broker.DefaultSubscriptionRegistry@20325baf]]
2025-07-08T15:37:38.002+08:00  INFO 7940 --- [MyWebProject] [SpringApplicationShutdownHook] o.s.m.s.b.SimpleBrokerMessageHandler     : Stopped.
2025-07-08T15:37:38.293+08:00  INFO 7940 --- [MyWebProject] [SpringApplicationShutdownHook] j.LocalContainerEntityManagerFactoryBean : Closing JPA EntityManagerFactory for persistence unit 'default'
2025-07-08T15:37:38.355+08:00  INFO 7940 --- [MyWebProject] [SpringApplicationShutdownHook] com.zaxxer.hikari.HikariDataSource       : HikariPool-1 - Shutdown initiated...
2025-07-08T15:37:38.418+08:00  INFO 7940 --- [MyWebProject] [SpringApplicationShutdownHook] com.zaxxer.hikari.HikariDataSource       : HikariPool-1 - Shutdown completed.
2025-07-08T15:37:47.639+08:00  INFO 8020 --- [MyWebProject] [main] c.example.demo.MyWebProjectApplication   : Starting MyWebProjectApplication using Java 22.0.2 with PID 8020 (/Users/caozixuan/project/backend/target/classes started by caozixuan in /Users/caozixuan/project/backend)
2025-07-08T15:37:47.643+08:00  INFO 8020 --- [MyWebProject] [main] c.example.demo.MyWebProjectApplication   : No active profile set, falling back to 1 default profile: "default"
2025-07-08T15:37:50.126+08:00  INFO 8020 --- [MyWebProject] [main] .s.d.r.c.RepositoryConfigurationDelegate : Multiple Spring Data modules found, entering strict repository configuration mode
2025-07-08T15:37:50.130+08:00  INFO 8020 --- [MyWebProject] [main] .s.d.r.c.RepositoryConfigurationDelegate : Bootstrapping Spring Data JPA repositories in DEFAULT mode.
2025-07-08T15:37:50.492+08:00  INFO 8020 --- [MyWebProject] [main] .s.d.r.c.RepositoryConfigurationDelegate : Finished Spring Data repository scanning in 344 ms. Found 10 JPA repository interfaces.
2025-07-08T15:37:50.578+08:00  INFO 8020 --- [MyWebProject] [main] .s.d.r.c.RepositoryConfigurationDelegate : Multiple Spring Data modules found, entering strict repository configuration mode
2025-07-08T15:37:50.578+08:00  INFO 8020 --- [MyWebProject] [main] .s.d.r.c.RepositoryConfigurationDelegate : Bootstrapping Spring Data JDBC repositories in DEFAULT mode.
2025-07-08T15:37:50.595+08:00  INFO 8020 --- [MyWebProject] [main] .RepositoryConfigurationExtensionSupport : Spring Data JDBC - Could not safely identify store assignment for repository candidate interface com.example.demo.repository.CartItemRepository; If you want this repository to be a JDBC repository, consider annotating your entities with one of these annotations: org.springframework.data.relational.core.mapping.Table.
2025-07-08T15:37:50.597+08:00  INFO 8020 --- [MyWebProject] [main] .RepositoryConfigurationExtensionSupport : Spring Data JDBC - Could not safely identify store assignment for repository candidate interface com.example.demo.repository.CategoryRepository; If you want this repository to be a JDBC repository, consider annotating your entities with one of these annotations: org.springframework.data.relational.core.mapping.Table.
2025-07-08T15:37:50.597+08:00  INFO 8020 --- [MyWebProject] [main] .RepositoryConfigurationExtensionSupport : Spring Data JDBC - Could not safely identify store assignment for repository candidate interface com.example.demo.repository.ChatMessageRepository; If you want this repository to be a JDBC repository, consider annotating your entities with one of these annotations: org.springframework.data.relational.core.mapping.Table.
2025-07-08T15:37:50.599+08:00  INFO 8020 --- [MyWebProject] [main] .RepositoryConfigurationExtensionSupport : Spring Data JDBC - Could not safely identify store assignment for repository candidate interface com.example.demo.repository.ChatRoomRepository; If you want this repository to be a JDBC repository, consider annotating your entities with one of these annotations: org.springframework.data.relational.core.mapping.Table.
2025-07-08T15:37:50.600+08:00  INFO 8020 --- [MyWebProject] [main] .RepositoryConfigurationExtensionSupport : Spring Data JDBC - Could not safely identify store assignment for repository candidate interface com.example.demo.repository.OrderItemRepository; If you want this repository to be a JDBC repository, consider annotating your entities with one of these annotations: org.springframework.data.relational.core.mapping.Table.
2025-07-08T15:37:50.602+08:00  INFO 8020 --- [MyWebProject] [main] .RepositoryConfigurationExtensionSupport : Spring Data JDBC - Could not safely identify store assignment for repository candidate interface com.example.demo.repository.OrdersRepository; If you want this repository to be a JDBC repository, consider annotating your entities with one of these annotations: org.springframework.data.relational.core.mapping.Table.
2025-07-08T15:37:50.602+08:00  INFO 8020 --- [MyWebProject] [main] .RepositoryConfigurationExtensionSupport : Spring Data JDBC - Could not safely identify store assignment for repository candidate interface com.example.demo.repository.ProductImageRepository; If you want this repository to be a JDBC repository, consider annotating your entities with one of these annotations: org.springframework.data.relational.core.mapping.Table.
2025-07-08T15:37:50.603+08:00  INFO 8020 --- [MyWebProject] [main] .RepositoryConfigurationExtensionSupport : Spring Data JDBC - Could not safely identify store assignment for repository candidate interface com.example.demo.repository.ProductRepository; If you want this repository to be a JDBC repository, consider annotating your entities with one of these annotations: org.springframework.data.relational.core.mapping.Table.
2025-07-08T15:37:50.603+08:00  INFO 8020 --- [MyWebProject] [main] .RepositoryConfigurationExtensionSupport : Spring Data JDBC - Could not safely identify store assignment for repository candidate interface com.example.demo.repository.StoreRepository; If you want this repository to be a JDBC repository, consider annotating your entities with one of these annotations: org.springframework.data.relational.core.mapping.Table.
2025-07-08T15:37:50.603+08:00  INFO 8020 --- [MyWebProject] [main] .RepositoryConfigurationExtensionSupport : Spring Data JDBC - Could not safely identify store assignment for repository candidate interface com.example.demo.repository.UserRepository; If you want this repository to be a JDBC repository, consider annotating your entities with one of these annotations: org.springframework.data.relational.core.mapping.Table.
2025-07-08T15:37:50.604+08:00  INFO 8020 --- [MyWebProject] [main] .s.d.r.c.RepositoryConfigurationDelegate : Finished Spring Data repository scanning in 23 ms. Found 0 JDBC repository interfaces.
2025-07-08T15:37:50.637+08:00  INFO 8020 --- [MyWebProject] [main] .s.d.r.c.RepositoryConfigurationDelegate : Multiple Spring Data modules found, entering strict repository configuration mode
2025-07-08T15:37:50.640+08:00  INFO 8020 --- [MyWebProject] [main] .s.d.r.c.RepositoryConfigurationDelegate : Bootstrapping Spring Data Redis repositories in DEFAULT mode.
2025-07-08T15:37:50.692+08:00  INFO 8020 --- [MyWebProject] [main] .RepositoryConfigurationExtensionSupport : Spring Data Redis - Could not safely identify store assignment for repository candidate interface com.example.demo.repository.CartItemRepository; If you want this repository to be a Redis repository, consider annotating your entities with one of these annotations: org.springframework.data.redis.core.RedisHash (preferred), or consider extending one of the following types with your repository: org.springframework.data.keyvalue.repository.KeyValueRepository
2025-07-08T15:37:50.694+08:00  INFO 8020 --- [MyWebProject] [main] .RepositoryConfigurationExtensionSupport : Spring Data Redis - Could not safely identify store assignment for repository candidate interface com.example.demo.repository.CategoryRepository; If you want this repository to be a Redis repository, consider annotating your entities with one of these annotations: org.springframework.data.redis.core.RedisHash (preferred), or consider extending one of the following types with your repository: org.springframework.data.keyvalue.repository.KeyValueRepository
2025-07-08T15:37:50.695+08:00  INFO 8020 --- [MyWebProject] [main] .RepositoryConfigurationExtensionSupport : Spring Data Redis - Could not safely identify store assignment for repository candidate interface com.example.demo.repository.ChatMessageRepository; If you want this repository to be a Redis repository, consider annotating your entities with one of these annotations: org.springframework.data.redis.core.RedisHash (preferred), or consider extending one of the following types with your repository: org.springframework.data.keyvalue.repository.KeyValueRepository
2025-07-08T15:37:50.700+08:00  INFO 8020 --- [MyWebProject] [main] .RepositoryConfigurationExtensionSupport : Spring Data Redis - Could not safely identify store assignment for repository candidate interface com.example.demo.repository.ChatRoomRepository; If you want this repository to be a Redis repository, consider annotating your entities with one of these annotations: org.springframework.data.redis.core.RedisHash (preferred), or consider extending one of the following types with your repository: org.springframework.data.keyvalue.repository.KeyValueRepository
2025-07-08T15:37:50.701+08:00  INFO 8020 --- [MyWebProject] [main] .RepositoryConfigurationExtensionSupport : Spring Data Redis - Could not safely identify store assignment for repository candidate interface com.example.demo.repository.OrderItemRepository; If you want this repository to be a Redis repository, consider annotating your entities with one of these annotations: org.springframework.data.redis.core.RedisHash (preferred), or consider extending one of the following types with your repository: org.springframework.data.keyvalue.repository.KeyValueRepository
2025-07-08T15:37:50.702+08:00  INFO 8020 --- [MyWebProject] [main] .RepositoryConfigurationExtensionSupport : Spring Data Redis - Could not safely identify store assignment for repository candidate interface com.example.demo.repository.OrdersRepository; If you want this repository to be a Redis repository, consider annotating your entities with one of these annotations: org.springframework.data.redis.core.RedisHash (preferred), or consider extending one of the following types with your repository: org.springframework.data.keyvalue.repository.KeyValueRepository
2025-07-08T15:37:50.703+08:00  INFO 8020 --- [MyWebProject] [main] .RepositoryConfigurationExtensionSupport : Spring Data Redis - Could not safely identify store assignment for repository candidate interface com.example.demo.repository.ProductImageRepository; If you want this repository to be a Redis repository, consider annotating your entities with one of these annotations: org.springframework.data.redis.core.RedisHash (preferred), or consider extending one of the following types with your repository: org.springframework.data.keyvalue.repository.KeyValueRepository
2025-07-08T15:37:50.704+08:00  INFO 8020 --- [MyWebProject] [main] .RepositoryConfigurationExtensionSupport : Spring Data Redis - Could not safely identify store assignment for repository candidate interface com.example.demo.repository.ProductRepository; If you want this repository to be a Redis repository, consider annotating your entities with one of these annotations: org.springframework.data.redis.core.RedisHash (preferred), or consider extending one of the following types with your repository: org.springframework.data.keyvalue.repository.KeyValueRepository
2025-07-08T15:37:50.705+08:00  INFO 8020 --- [MyWebProject] [main] .RepositoryConfigurationExtensionSupport : Spring Data Redis - Could not safely identify store assignment for repository candidate interface com.example.demo.repository.StoreRepository; If you want this repository to be a Redis repository, consider annotating your entities with one of these annotations: org.springframework.data.redis.core.RedisHash (preferred), or consider extending one of the following types with your repository: org.springframework.data.keyvalue.repository.KeyValueRepository
2025-07-08T15:37:50.706+08:00  INFO 8020 --- [MyWebProject] [main] .RepositoryConfigurationExtensionSupport : Spring Data Redis - Could not safely identify store assignment for repository candidate interface com.example.demo.repository.UserRepository; If you want this repository to be a Redis repository, consider annotating your entities with one of these annotations: org.springframework.data.redis.core.RedisHash (preferred), or consider extending one of the following types with your repository: org.springframework.data.keyvalue.repository.KeyValueRepository
2025-07-08T15:37:50.706+08:00  INFO 8020 --- [MyWebProject] [main] .s.d.r.c.RepositoryConfigurationDelegate : Finished Spring Data repository scanning in 40 ms. Found 0 Redis repository interfaces.
2025-07-08T15:37:52.186+08:00  INFO 8020 --- [MyWebProject] [main] o.s.b.w.embedded.tomcat.TomcatWebServer  : Tomcat initialized with port 8080 (http)
2025-07-08T15:37:52.218+08:00  INFO 8020 --- [MyWebProject] [main] o.apache.catalina.core.StandardService   : Starting service [Tomcat]
2025-07-08T15:37:52.218+08:00  INFO 8020 --- [MyWebProject] [main] o.apache.catalina.core.StandardEngine    : Starting Servlet engine: [Apache Tomcat/10.1.40]
2025-07-08T15:37:52.734+08:00  INFO 8020 --- [MyWebProject] [main] org.apache.jasper.servlet.TldScanner     : At least one JAR was scanned for TLDs yet contained no TLDs. Enable debug logging for this logger for a complete list of JARs that were scanned but no TLDs were found in them. Skipping unneeded JARs during scanning can improve startup time and JSP compilation time.
2025-07-08T15:37:52.744+08:00  INFO 8020 --- [MyWebProject] [main] o.a.c.c.C.[Tomcat].[localhost].[/]       : Initializing Spring embedded WebApplicationContext
2025-07-08T15:37:52.745+08:00  INFO 8020 --- [MyWebProject] [main] w.s.c.ServletWebServerApplicationContext : Root WebApplicationContext: initialization completed in 4921 ms
2025-07-08T15:37:52.786+08:00  INFO 8020 --- [MyWebProject] [main] com.example.demo.util.JwtUtils           : ================ JWTUTILS INITIALIZATION CHECK ================
2025-07-08T15:37:52.787+08:00  WARN 8020 --- [MyWebProject] [main] com.example.demo.util.JwtUtils           : WARNING: jwt.secret is still using the default placeholder value.
2025-07-08T15:37:52.795+08:00  INFO 8020 --- [MyWebProject] [main] com.example.demo.util.JwtUtils           : SUCCESS: Default jwt.secret loaded and SecretKey initialized.
2025-07-08T15:37:52.796+08:00  INFO 8020 --- [MyWebProject] [main] com.example.demo.util.JwtUtils           : SUCCESS: jwt.expiration loaded with value: 86400000 ms
2025-07-08T15:37:52.799+08:00  INFO 8020 --- [MyWebProject] [main] com.example.demo.util.JwtUtils           : ==============================================================
2025-07-08T15:37:53.125+08:00  INFO 8020 --- [MyWebProject] [main] o.hibernate.jpa.internal.util.LogHelper  : HHH000204: Processing PersistenceUnitInfo [name: default]
2025-07-08T15:37:53.234+08:00  INFO 8020 --- [MyWebProject] [main] org.hibernate.Version                    : HHH000412: Hibernate ORM core version 6.6.13.Final
2025-07-08T15:37:53.288+08:00  INFO 8020 --- [MyWebProject] [main] o.h.c.internal.RegionFactoryInitiator    : HHH000026: Second-level cache disabled
2025-07-08T15:37:53.893+08:00  INFO 8020 --- [MyWebProject] [main] o.s.o.j.p.SpringPersistenceUnitInfo      : No LoadTimeWeaver setup: ignoring JPA class transformer
2025-07-08T15:37:53.955+08:00  INFO 8020 --- [MyWebProject] [main] com.zaxxer.hikari.HikariDataSource       : HikariPool-1 - Starting...
2025-07-08T15:37:54.312+08:00  INFO 8020 --- [MyWebProject] [main] com.zaxxer.hikari.pool.HikariPool        : HikariPool-1 - Added connection com.mysql.cj.jdbc.ConnectionImpl@25e796fe
2025-07-08T15:37:54.316+08:00  INFO 8020 --- [MyWebProject] [main] com.zaxxer.hikari.HikariDataSource       : HikariPool-1 - Start completed.
2025-07-08T15:37:54.494+08:00  INFO 8020 --- [MyWebProject] [main] org.hibernate.orm.connections.pooling    : HHH10001005: Database info:
	Database JDBC URL [Connecting through datasource 'HikariDataSource (HikariPool-1)']
	Database driver: undefined/unknown
	Database version: 8.4.5
	Autocommit mode: undefined/unknown
	Isolation level: undefined/unknown
	Minimum pool size: undefined/unknown
	Maximum pool size: undefined/unknown
2025-07-08T15:37:56.755+08:00  INFO 8020 --- [MyWebProject] [main] o.h.e.t.j.p.i.JtaPlatformInitiator       : HHH000489: No JTA platform available (set 'hibernate.transaction.jta.platform' to enable JTA platform integration)
2025-07-08T15:37:57.163+08:00  INFO 8020 --- [MyWebProject] [main] j.LocalContainerEntityManagerFactoryBean : Initialized JPA EntityManagerFactory for persistence unit 'default'
2025-07-08T15:37:58.098+08:00  INFO 8020 --- [MyWebProject] [main] o.s.d.j.r.query.QueryEnhancerFactory     : Hibernate is in classpath; If applicable, HQL parser will be used.
2025-07-08T15:38:00.502+08:00  INFO 8020 --- [MyWebProject] [main] r$InitializeUserDetailsManagerConfigurer : Global AuthenticationManager configured with UserDetailsService bean with name userCertServiceImpl
2025-07-08T15:38:01.968+08:00  INFO 8020 --- [MyWebProject] [main] o.s.b.a.w.s.WelcomePageHandlerMapping    : Adding welcome page: class path resource [static/index.html]
2025-07-08T15:38:02.234+08:00 DEBUG 8020 --- [MyWebProject] [main] o.s.s.web.DefaultSecurityFilterChain     : Will secure any request with filters: DisableEncodeUrlFilter, WebAsyncManagerIntegrationFilter, SecurityContextHolderFilter, HeaderWriterFilter, CorsFilter, LogoutFilter, JwtRequestFilter, RequestCacheAwareFilter, SecurityContextHolderAwareRequestFilter, AnonymousAuthenticationFilter, SessionManagementFilter, ExceptionTranslationFilter, AuthorizationFilter
2025-07-08T15:38:02.877+08:00  INFO 8020 --- [MyWebProject] [main] o.s.m.s.b.SimpleBrokerMessageHandler     : Starting...
2025-07-08T15:38:02.879+08:00  INFO 8020 --- [MyWebProject] [main] o.s.m.s.b.SimpleBrokerMessageHandler     : BrokerAvailabilityEvent[available=true, SimpleBrokerMessageHandler [org.springframework.messaging.simp.broker.DefaultSubscriptionRegistry@41758fc9]]
2025-07-08T15:38:02.881+08:00  INFO 8020 --- [MyWebProject] [main] o.s.m.s.b.SimpleBrokerMessageHandler     : Started.
2025-07-08T15:38:02.918+08:00  INFO 8020 --- [MyWebProject] [main] o.s.b.w.embedded.tomcat.TomcatWebServer  : Tomcat started on port 8080 (http) with context path '/'
2025-07-08T15:38:02.938+08:00  INFO 8020 --- [MyWebProject] [main] c.example.demo.MyWebProjectApplication   : Started MyWebProjectApplication in 17.521 seconds (process running for 18.975)
2025-07-08T15:38:40.129+08:00  INFO 8020 --- [MyWebProject] [http-nio-8080-exec-1] o.a.c.c.C.[Tomcat].[localhost].[/]       : Initializing Spring DispatcherServlet 'dispatcherServlet'
2025-07-08T15:38:40.133+08:00  INFO 8020 --- [MyWebProject] [http-nio-8080-exec-1] o.s.web.servlet.DispatcherServlet        : Initializing Servlet 'dispatcherServlet'
2025-07-08T15:38:40.137+08:00  INFO 8020 --- [MyWebProject] [http-nio-8080-exec-1] o.s.web.servlet.DispatcherServlet        : Completed initialization in 4 ms
2025-07-08T15:38:40.175+08:00 DEBUG 8020 --- [MyWebProject] [http-nio-8080-exec-1] o.s.security.web.FilterChainProxy        : Securing GET /captcha
2025-07-08T15:38:40.193+08:00 DEBUG 8020 --- [MyWebProject] [http-nio-8080-exec-1] o.s.s.w.a.AnonymousAuthenticationFilter  : Set SecurityContextHolder to anonymous SecurityContext
2025-07-08T15:38:40.193+08:00 DEBUG 8020 --- [MyWebProject] [http-nio-8080-exec-1] o.s.s.w.session.SessionManagementFilter  : Request requested invalid session id 70E3DD27B5E534B684EC92A8273E68EF
2025-07-08T15:38:40.200+08:00 DEBUG 8020 --- [MyWebProject] [http-nio-8080-exec-1] o.s.security.web.FilterChainProxy        : Secured GET /captcha
2025-07-08T15:39:02.883+08:00  INFO 8020 --- [MyWebProject] [MessageBroker-1] o.s.w.s.c.WebSocketMessageBrokerStats    : WebSocketSession[0 current WS(0)-HttpStream(0)-HttpPoll(0), 0 total, 0 closed abnormally (0 connect failure, 0 send limit, 0 transport error)], stompSubProtocol[processed CONNECT(0)-CONNECTED(0)-DISCONNECT(0)], stompBrokerRelay[null], inboundChannel[pool size = 0, active threads = 0, queued tasks = 0, completed tasks = 0], outboundChannel[pool size = 0, active threads = 0, queued tasks = 0, completed tasks = 0], sockJsScheduler[pool size = 1, active threads = 1, queued tasks = 0, completed tasks = 0]
2025-07-08T15:46:41.441+08:00 DEBUG 8020 --- [MyWebProject] [http-nio-8080-exec-3] o.s.security.web.FilterChainProxy        : Securing OPTIONS /logout
2025-07-08T15:46:41.549+08:00 DEBUG 8020 --- [MyWebProject] [http-nio-8080-exec-3] o.s.security.web.FilterChainProxy        : Securing GET /logout
2025-07-08T15:46:41.567+08:00 DEBUG 8020 --- [MyWebProject] [http-nio-8080-exec-3] o.s.s.w.a.logout.LogoutFilter            : Logging out [null]
2025-07-08T15:46:41.570+08:00 DEBUG 8020 --- [MyWebProject] [http-nio-8080-exec-3] o.s.s.web.DefaultRedirectStrategy        : Redirecting to /login?logout
2025-07-08T15:46:41.622+08:00 DEBUG 8020 --- [MyWebProject] [http-nio-8080-exec-4] o.s.security.web.FilterChainProxy        : Securing OPTIONS /login?logout
2025-07-08T15:46:41.698+08:00 DEBUG 8020 --- [MyWebProject] [http-nio-8080-exec-5] o.s.security.web.FilterChainProxy        : Securing GET /login?logout
2025-07-08T15:46:42.316+08:00 DEBUG 8020 --- [MyWebProject] [http-nio-8080-exec-5] o.s.security.web.FilterChainProxy        : Secured GET /login?logout
2025-07-08T15:46:42.323+08:00  WARN 8020 --- [MyWebProject] [http-nio-8080-exec-5] .w.s.m.s.DefaultHandlerExceptionResolver : Resolved [org.springframework.web.HttpRequestMethodNotSupportedException: Request method 'GET' is not supported]
2025-07-08T15:46:42.343+08:00 DEBUG 8020 --- [MyWebProject] [http-nio-8080-exec-5] o.s.security.web.FilterChainProxy        : Securing GET /error?logout
2025-07-08T15:46:42.345+08:00 DEBUG 8020 --- [MyWebProject] [http-nio-8080-exec-5] o.s.s.w.a.AnonymousAuthenticationFilter  : Set SecurityContextHolder to anonymous SecurityContext
2025-07-08T15:46:42.357+08:00 DEBUG 8020 --- [MyWebProject] [http-nio-8080-exec-5] o.s.s.w.a.Http403ForbiddenEntryPoint     : Pre-authenticated entry point called. Rejecting access
2025-07-08T15:46:45.715+08:00 DEBUG 8020 --- [MyWebProject] [http-nio-8080-exec-6] o.s.security.web.FilterChainProxy        : Securing OPTIONS /check-login
2025-07-08T15:46:45.726+08:00 DEBUG 8020 --- [MyWebProject] [http-nio-8080-exec-7] o.s.security.web.FilterChainProxy        : Securing GET /check-login
2025-07-08T15:46:45.734+08:00 DEBUG 8020 --- [MyWebProject] [http-nio-8080-exec-7] o.s.s.w.a.AnonymousAuthenticationFilter  : Set SecurityContextHolder to anonymous SecurityContext
2025-07-08T15:46:45.734+08:00 DEBUG 8020 --- [MyWebProject] [http-nio-8080-exec-7] o.s.s.w.session.SessionManagementFilter  : Request requested invalid session id 6A62A8851D4061291982C1E28ACA145F
2025-07-08T15:46:45.737+08:00 DEBUG 8020 --- [MyWebProject] [http-nio-8080-exec-7] o.s.s.w.a.Http403ForbiddenEntryPoint     : Pre-authenticated entry point called. Rejecting access
2025-07-08T15:46:45.740+08:00 DEBUG 8020 --- [MyWebProject] [http-nio-8080-exec-7] o.s.security.web.FilterChainProxy        : Securing GET /error
2025-07-08T15:46:45.744+08:00 DEBUG 8020 --- [MyWebProject] [http-nio-8080-exec-7] o.s.s.w.a.AnonymousAuthenticationFilter  : Set SecurityContextHolder to anonymous SecurityContext
2025-07-08T15:46:45.745+08:00 DEBUG 8020 --- [MyWebProject] [http-nio-8080-exec-7] o.s.s.w.a.Http403ForbiddenEntryPoint     : Pre-authenticated entry point called. Rejecting access
2025-07-08T15:46:45.744+08:00 DEBUG 8020 --- [MyWebProject] [http-nio-8080-exec-8] o.s.security.web.FilterChainProxy        : Securing OPTIONS /userinfo
2025-07-08T15:46:45.761+08:00 DEBUG 8020 --- [MyWebProject] [http-nio-8080-exec-9] o.s.security.web.FilterChainProxy        : Securing GET /userinfo
2025-07-08T15:46:45.764+08:00 DEBUG 8020 --- [MyWebProject] [http-nio-8080-exec-9] o.s.s.w.a.AnonymousAuthenticationFilter  : Set SecurityContextHolder to anonymous SecurityContext
2025-07-08T15:46:45.765+08:00 DEBUG 8020 --- [MyWebProject] [http-nio-8080-exec-9] o.s.s.w.session.SessionManagementFilter  : Request requested invalid session id 6A62A8851D4061291982C1E28ACA145F
2025-07-08T15:46:45.771+08:00 DEBUG 8020 --- [MyWebProject] [http-nio-8080-exec-9] o.s.s.w.a.Http403ForbiddenEntryPoint     : Pre-authenticated entry point called. Rejecting access
2025-07-08T15:46:45.776+08:00 DEBUG 8020 --- [MyWebProject] [http-nio-8080-exec-9] o.s.security.web.FilterChainProxy        : Securing GET /error
2025-07-08T15:46:45.779+08:00 DEBUG 8020 --- [MyWebProject] [http-nio-8080-exec-9] o.s.s.w.a.AnonymousAuthenticationFilter  : Set SecurityContextHolder to anonymous SecurityContext
2025-07-08T15:46:45.780+08:00 DEBUG 8020 --- [MyWebProject] [http-nio-8080-exec-9] o.s.s.w.a.Http403ForbiddenEntryPoint     : Pre-authenticated entry point called. Rejecting access
2025-07-08T15:46:47.681+08:00 DEBUG 8020 --- [MyWebProject] [http-nio-8080-exec-10] o.s.security.web.FilterChainProxy        : Securing GET /check-login
2025-07-08T15:46:47.683+08:00 DEBUG 8020 --- [MyWebProject] [http-nio-8080-exec-1] o.s.security.web.FilterChainProxy        : Securing GET /captcha
2025-07-08T15:46:47.685+08:00 DEBUG 8020 --- [MyWebProject] [http-nio-8080-exec-10] o.s.s.w.a.AnonymousAuthenticationFilter  : Set SecurityContextHolder to anonymous SecurityContext
2025-07-08T15:46:47.690+08:00 DEBUG 8020 --- [MyWebProject] [http-nio-8080-exec-1] o.s.s.w.a.AnonymousAuthenticationFilter  : Set SecurityContextHolder to anonymous SecurityContext
2025-07-08T15:46:47.686+08:00 DEBUG 8020 --- [MyWebProject] [http-nio-8080-exec-10] o.s.s.w.session.SessionManagementFilter  : Request requested invalid session id 6A62A8851D4061291982C1E28ACA145F
2025-07-08T15:46:47.695+08:00 DEBUG 8020 --- [MyWebProject] [http-nio-8080-exec-10] o.s.s.w.a.Http403ForbiddenEntryPoint     : Pre-authenticated entry point called. Rejecting access
2025-07-08T15:46:47.698+08:00 DEBUG 8020 --- [MyWebProject] [http-nio-8080-exec-10] o.s.security.web.FilterChainProxy        : Securing GET /error
2025-07-08T15:46:47.699+08:00 DEBUG 8020 --- [MyWebProject] [http-nio-8080-exec-2] o.s.security.web.FilterChainProxy        : Securing GET /userinfo
2025-07-08T15:46:47.700+08:00 DEBUG 8020 --- [MyWebProject] [http-nio-8080-exec-10] o.s.s.w.a.AnonymousAuthenticationFilter  : Set SecurityContextHolder to anonymous SecurityContext
2025-07-08T15:46:47.700+08:00 DEBUG 8020 --- [MyWebProject] [http-nio-8080-exec-10] o.s.s.w.a.Http403ForbiddenEntryPoint     : Pre-authenticated entry point called. Rejecting access
2025-07-08T15:46:47.697+08:00 DEBUG 8020 --- [MyWebProject] [http-nio-8080-exec-1] o.s.security.web.FilterChainProxy        : Secured GET /captcha
2025-07-08T15:46:47.727+08:00 DEBUG 8020 --- [MyWebProject] [http-nio-8080-exec-2] o.s.s.w.a.AnonymousAuthenticationFilter  : Set SecurityContextHolder to anonymous SecurityContext
2025-07-08T15:46:47.727+08:00 DEBUG 8020 --- [MyWebProject] [http-nio-8080-exec-2] o.s.s.w.session.SessionManagementFilter  : Request requested invalid session id 6A62A8851D4061291982C1E28ACA145F
2025-07-08T15:46:47.728+08:00 DEBUG 8020 --- [MyWebProject] [http-nio-8080-exec-3] o.s.security.web.FilterChainProxy        : Securing GET /check-login
2025-07-08T15:46:47.731+08:00 DEBUG 8020 --- [MyWebProject] [http-nio-8080-exec-2] o.s.s.w.a.Http403ForbiddenEntryPoint     : Pre-authenticated entry point called. Rejecting access
2025-07-08T15:46:47.740+08:00 DEBUG 8020 --- [MyWebProject] [http-nio-8080-exec-3] o.s.s.w.a.AnonymousAuthenticationFilter  : Set SecurityContextHolder to anonymous SecurityContext
2025-07-08T15:46:47.741+08:00 DEBUG 8020 --- [MyWebProject] [http-nio-8080-exec-3] o.s.s.w.session.SessionManagementFilter  : Request requested invalid session id 6A62A8851D4061291982C1E28ACA145F
2025-07-08T15:46:47.742+08:00 DEBUG 8020 --- [MyWebProject] [http-nio-8080-exec-3] o.s.s.w.a.Http403ForbiddenEntryPoint     : Pre-authenticated entry point called. Rejecting access
2025-07-08T15:46:47.749+08:00 DEBUG 8020 --- [MyWebProject] [http-nio-8080-exec-3] o.s.security.web.FilterChainProxy        : Securing GET /error
2025-07-08T15:46:47.742+08:00 DEBUG 8020 --- [MyWebProject] [http-nio-8080-exec-2] o.s.security.web.FilterChainProxy        : Securing GET /error
2025-07-08T15:46:47.752+08:00 DEBUG 8020 --- [MyWebProject] [http-nio-8080-exec-2] o.s.s.w.a.AnonymousAuthenticationFilter  : Set SecurityContextHolder to anonymous SecurityContext
2025-07-08T15:46:47.753+08:00 DEBUG 8020 --- [MyWebProject] [http-nio-8080-exec-2] o.s.s.w.a.Http403ForbiddenEntryPoint     : Pre-authenticated entry point called. Rejecting access
2025-07-08T15:46:47.750+08:00 DEBUG 8020 --- [MyWebProject] [http-nio-8080-exec-3] o.s.s.w.a.AnonymousAuthenticationFilter  : Set SecurityContextHolder to anonymous SecurityContext
2025-07-08T15:46:47.761+08:00 DEBUG 8020 --- [MyWebProject] [http-nio-8080-exec-3] o.s.s.w.a.Http403ForbiddenEntryPoint     : Pre-authenticated entry point called. Rejecting access
2025-07-08T15:46:47.772+08:00 DEBUG 8020 --- [MyWebProject] [http-nio-8080-exec-4] o.s.security.web.FilterChainProxy        : Securing GET /userinfo
2025-07-08T15:46:47.783+08:00 DEBUG 8020 --- [MyWebProject] [http-nio-8080-exec-4] o.s.s.w.a.AnonymousAuthenticationFilter  : Set SecurityContextHolder to anonymous SecurityContext
2025-07-08T15:46:47.785+08:00 DEBUG 8020 --- [MyWebProject] [http-nio-8080-exec-4] o.s.s.w.session.SessionManagementFilter  : Request requested invalid session id 6A62A8851D4061291982C1E28ACA145F
2025-07-08T15:46:47.794+08:00 DEBUG 8020 --- [MyWebProject] [http-nio-8080-exec-4] o.s.s.w.a.Http403ForbiddenEntryPoint     : Pre-authenticated entry point called. Rejecting access
2025-07-08T15:46:47.797+08:00 DEBUG 8020 --- [MyWebProject] [http-nio-8080-exec-4] o.s.security.web.FilterChainProxy        : Securing GET /error
2025-07-08T15:46:47.800+08:00 DEBUG 8020 --- [MyWebProject] [http-nio-8080-exec-4] o.s.s.w.a.AnonymousAuthenticationFilter  : Set SecurityContextHolder to anonymous SecurityContext
2025-07-08T15:46:47.802+08:00 DEBUG 8020 --- [MyWebProject] [http-nio-8080-exec-4] o.s.s.w.a.Http403ForbiddenEntryPoint     : Pre-authenticated entry point called. Rejecting access
2025-07-08T15:46:47.958+08:00 DEBUG 8020 --- [MyWebProject] [http-nio-8080-exec-5] o.s.security.web.FilterChainProxy        : Securing GET /captcha
2025-07-08T15:46:47.959+08:00 DEBUG 8020 --- [MyWebProject] [http-nio-8080-exec-5] o.s.s.w.a.AnonymousAuthenticationFilter  : Set SecurityContextHolder to anonymous SecurityContext
2025-07-08T15:46:47.960+08:00 DEBUG 8020 --- [MyWebProject] [http-nio-8080-exec-5] o.s.security.web.FilterChainProxy        : Secured GET /captcha
2025-07-08T15:48:08.601+08:00 DEBUG 8020 --- [MyWebProject] [http-nio-8080-exec-3] o.s.security.web.FilterChainProxy        : Securing GET /userinfo
2025-07-08T15:48:08.602+08:00 DEBUG 8020 --- [MyWebProject] [http-nio-8080-exec-4] o.s.security.web.FilterChainProxy        : Securing GET /captcha
2025-07-08T15:48:08.651+08:00 DEBUG 8020 --- [MyWebProject] [http-nio-8080-exec-1] o.s.security.web.FilterChainProxy        : Securing GET /categories
2025-07-08T15:48:08.602+08:00 DEBUG 8020 --- [MyWebProject] [http-nio-8080-exec-2] o.s.security.web.FilterChainProxy        : Securing GET /check-login
2025-07-08T15:48:08.657+08:00 DEBUG 8020 --- [MyWebProject] [http-nio-8080-exec-4] o.s.s.w.a.AnonymousAuthenticationFilter  : Set SecurityContextHolder to anonymous SecurityContext
2025-07-08T15:48:08.702+08:00 DEBUG 8020 --- [MyWebProject] [http-nio-8080-exec-3] o.s.s.w.a.AnonymousAuthenticationFilter  : Set SecurityContextHolder to anonymous SecurityContext
2025-07-08T15:48:08.702+08:00 DEBUG 8020 --- [MyWebProject] [http-nio-8080-exec-3] o.s.s.w.session.SessionManagementFilter  : Request requested invalid session id 6A62A8851D4061291982C1E28ACA145F
2025-07-08T15:48:08.704+08:00 DEBUG 8020 --- [MyWebProject] [http-nio-8080-exec-3] o.s.s.w.a.Http403ForbiddenEntryPoint     : Pre-authenticated entry point called. Rejecting access
2025-07-08T15:48:08.658+08:00 DEBUG 8020 --- [MyWebProject] [http-nio-8080-exec-4] o.s.security.web.FilterChainProxy        : Secured GET /captcha
2025-07-08T15:48:08.702+08:00 DEBUG 8020 --- [MyWebProject] [http-nio-8080-exec-2] o.s.s.w.a.AnonymousAuthenticationFilter  : Set SecurityContextHolder to anonymous SecurityContext
2025-07-08T15:48:08.712+08:00 DEBUG 8020 --- [MyWebProject] [http-nio-8080-exec-2] o.s.s.w.session.SessionManagementFilter  : Request requested invalid session id 6A62A8851D4061291982C1E28ACA145F
2025-07-08T15:48:08.713+08:00 DEBUG 8020 --- [MyWebProject] [http-nio-8080-exec-2] o.s.s.w.a.Http403ForbiddenEntryPoint     : Pre-authenticated entry point called. Rejecting access
2025-07-08T15:48:08.711+08:00 DEBUG 8020 --- [MyWebProject] [http-nio-8080-exec-1] o.s.s.w.a.AnonymousAuthenticationFilter  : Set SecurityContextHolder to anonymous SecurityContext
2025-07-08T15:48:08.716+08:00 DEBUG 8020 --- [MyWebProject] [http-nio-8080-exec-1] o.s.s.w.session.SessionManagementFilter  : Request requested invalid session id 6A62A8851D4061291982C1E28ACA145F
2025-07-08T15:48:08.717+08:00 DEBUG 8020 --- [MyWebProject] [http-nio-8080-exec-1] o.s.security.web.FilterChainProxy        : Secured GET /categories
2025-07-08T15:48:08.718+08:00 DEBUG 8020 --- [MyWebProject] [http-nio-8080-exec-3] o.s.security.web.FilterChainProxy        : Securing GET /error
2025-07-08T15:48:08.719+08:00 DEBUG 8020 --- [MyWebProject] [http-nio-8080-exec-3] o.s.s.w.a.AnonymousAuthenticationFilter  : Set SecurityContextHolder to anonymous SecurityContext
2025-07-08T15:48:08.720+08:00 DEBUG 8020 --- [MyWebProject] [http-nio-8080-exec-3] o.s.s.w.a.Http403ForbiddenEntryPoint     : Pre-authenticated entry point called. Rejecting access
2025-07-08T15:48:08.720+08:00 DEBUG 8020 --- [MyWebProject] [http-nio-8080-exec-2] o.s.security.web.FilterChainProxy        : Securing GET /error
2025-07-08T15:48:08.722+08:00 DEBUG 8020 --- [MyWebProject] [http-nio-8080-exec-2] o.s.s.w.a.AnonymousAuthenticationFilter  : Set SecurityContextHolder to anonymous SecurityContext
2025-07-08T15:48:08.723+08:00 DEBUG 8020 --- [MyWebProject] [http-nio-8080-exec-2] o.s.s.w.a.Http403ForbiddenEntryPoint     : Pre-authenticated entry point called. Rejecting access
2025-07-08T15:48:08.727+08:00 DEBUG 8020 --- [MyWebProject] [http-nio-8080-exec-3] o.s.security.web.FilterChainProxy        : Securing GET /userinfo
2025-07-08T15:48:08.730+08:00 DEBUG 8020 --- [MyWebProject] [http-nio-8080-exec-3] o.s.s.w.a.AnonymousAuthenticationFilter  : Set SecurityContextHolder to anonymous SecurityContext
2025-07-08T15:48:08.731+08:00 DEBUG 8020 --- [MyWebProject] [http-nio-8080-exec-5] o.s.security.web.FilterChainProxy        : Securing GET /check-login
2025-07-08T15:48:08.732+08:00 DEBUG 8020 --- [MyWebProject] [http-nio-8080-exec-5] o.s.s.w.a.AnonymousAuthenticationFilter  : Set SecurityContextHolder to anonymous SecurityContext
2025-07-08T15:48:08.732+08:00 DEBUG 8020 --- [MyWebProject] [http-nio-8080-exec-3] o.s.s.w.session.SessionManagementFilter  : Request requested invalid session id 6A62A8851D4061291982C1E28ACA145F
2025-07-08T15:48:08.732+08:00 DEBUG 8020 --- [MyWebProject] [http-nio-8080-exec-5] o.s.s.w.session.SessionManagementFilter  : Request requested invalid session id 6A62A8851D4061291982C1E28ACA145F
2025-07-08T15:48:08.735+08:00 DEBUG 8020 --- [MyWebProject] [http-nio-8080-exec-5] o.s.s.w.a.Http403ForbiddenEntryPoint     : Pre-authenticated entry point called. Rejecting access
2025-07-08T15:48:08.737+08:00 DEBUG 8020 --- [MyWebProject] [http-nio-8080-exec-3] o.s.s.w.a.Http403ForbiddenEntryPoint     : Pre-authenticated entry point called. Rejecting access
2025-07-08T15:48:08.740+08:00 DEBUG 8020 --- [MyWebProject] [http-nio-8080-exec-5] o.s.security.web.FilterChainProxy        : Securing GET /error
2025-07-08T15:48:08.740+08:00 DEBUG 8020 --- [MyWebProject] [http-nio-8080-exec-3] o.s.security.web.FilterChainProxy        : Securing GET /error
2025-07-08T15:48:08.743+08:00 DEBUG 8020 --- [MyWebProject] [http-nio-8080-exec-5] o.s.s.w.a.AnonymousAuthenticationFilter  : Set SecurityContextHolder to anonymous SecurityContext
2025-07-08T15:48:08.745+08:00 DEBUG 8020 --- [MyWebProject] [http-nio-8080-exec-5] o.s.s.w.a.Http403ForbiddenEntryPoint     : Pre-authenticated entry point called. Rejecting access
2025-07-08T15:48:08.745+08:00 DEBUG 8020 --- [MyWebProject] [http-nio-8080-exec-3] o.s.s.w.a.AnonymousAuthenticationFilter  : Set SecurityContextHolder to anonymous SecurityContext
2025-07-08T15:48:08.747+08:00 DEBUG 8020 --- [MyWebProject] [http-nio-8080-exec-3] o.s.s.w.a.Http403ForbiddenEntryPoint     : Pre-authenticated entry point called. Rejecting access
2025-07-08T15:48:08.974+08:00 DEBUG 8020 --- [MyWebProject] [http-nio-8080-exec-7] o.s.security.web.FilterChainProxy        : Securing GET /captcha
2025-07-08T15:48:08.976+08:00 DEBUG 8020 --- [MyWebProject] [http-nio-8080-exec-7] o.s.s.w.a.AnonymousAuthenticationFilter  : Set SecurityContextHolder to anonymous SecurityContext
2025-07-08T15:48:08.977+08:00 DEBUG 8020 --- [MyWebProject] [http-nio-8080-exec-7] o.s.security.web.FilterChainProxy        : Secured GET /captcha
2025-07-08T15:48:10.226+08:00 DEBUG 8020 --- [MyWebProject] [http-nio-8080-exec-9] o.s.security.web.FilterChainProxy        : Securing GET /categories
2025-07-08T15:48:10.227+08:00 DEBUG 8020 --- [MyWebProject] [http-nio-8080-exec-9] o.s.s.w.a.AnonymousAuthenticationFilter  : Set SecurityContextHolder to anonymous SecurityContext
2025-07-08T15:48:10.228+08:00 DEBUG 8020 --- [MyWebProject] [http-nio-8080-exec-9] o.s.s.w.session.SessionManagementFilter  : Request requested invalid session id 6A62A8851D4061291982C1E28ACA145F
2025-07-08T15:48:10.228+08:00 DEBUG 8020 --- [MyWebProject] [http-nio-8080-exec-9] o.s.security.web.FilterChainProxy        : Secured GET /categories
2025-07-08T15:48:11.585+08:00 DEBUG 8020 --- [MyWebProject] [http-nio-8080-exec-6] o.s.security.web.FilterChainProxy        : Securing GET /captcha
2025-07-08T15:48:11.592+08:00 DEBUG 8020 --- [MyWebProject] [http-nio-8080-exec-6] o.s.s.w.a.AnonymousAuthenticationFilter  : Set SecurityContextHolder to anonymous SecurityContext
2025-07-08T15:48:11.593+08:00 DEBUG 8020 --- [MyWebProject] [http-nio-8080-exec-6] o.s.security.web.FilterChainProxy        : Secured GET /captcha
2025-07-08T15:51:40.121+08:00 DEBUG 8020 --- [MyWebProject] [http-nio-8080-exec-7] o.s.security.web.FilterChainProxy        : Securing GET /captcha
2025-07-08T15:51:40.127+08:00 DEBUG 8020 --- [MyWebProject] [http-nio-8080-exec-7] o.s.s.w.a.AnonymousAuthenticationFilter  : Set SecurityContextHolder to anonymous SecurityContext
2025-07-08T15:51:40.131+08:00 DEBUG 8020 --- [MyWebProject] [http-nio-8080-exec-7] o.s.security.web.FilterChainProxy        : Secured GET /captcha
2025-07-08T15:55:27.717+08:00 DEBUG 8020 --- [MyWebProject] [http-nio-8080-exec-9] o.s.security.web.FilterChainProxy        : Securing GET /captcha
2025-07-08T15:55:27.723+08:00 DEBUG 8020 --- [MyWebProject] [http-nio-8080-exec-9] o.s.s.w.a.AnonymousAuthenticationFilter  : Set SecurityContextHolder to anonymous SecurityContext
2025-07-08T15:55:27.779+08:00 DEBUG 8020 --- [MyWebProject] [http-nio-8080-exec-9] o.s.security.web.FilterChainProxy        : Secured GET /captcha
2025-07-08T16:05:20.816+08:00 DEBUG 8020 --- [MyWebProject] [http-nio-8080-exec-8] o.s.security.web.FilterChainProxy        : Securing GET /captcha
2025-07-08T16:05:20.848+08:00 DEBUG 8020 --- [MyWebProject] [http-nio-8080-exec-8] o.s.s.w.a.AnonymousAuthenticationFilter  : Set SecurityContextHolder to anonymous SecurityContext
2025-07-08T16:05:20.857+08:00 DEBUG 8020 --- [MyWebProject] [http-nio-8080-exec-8] o.s.security.web.FilterChainProxy        : Secured GET /captcha
2025-07-08T16:06:39.851+08:00 DEBUG 8020 --- [MyWebProject] [http-nio-8080-exec-2] o.s.security.web.FilterChainProxy        : Securing POST /login
2025-07-08T16:06:39.873+08:00 DEBUG 8020 --- [MyWebProject] [http-nio-8080-exec-2] o.s.s.w.a.AnonymousAuthenticationFilter  : Set SecurityContextHolder to anonymous SecurityContext
2025-07-08T16:06:39.874+08:00 DEBUG 8020 --- [MyWebProject] [http-nio-8080-exec-2] o.s.security.web.FilterChainProxy        : Secured POST /login
2025-07-08T16:06:40.408+08:00  INFO 8020 --- [MyWebProject] [http-nio-8080-exec-2] c.e.demo.controller.LoginRestController  : !!!!!!!!!! LOGIN API HAS BEEN CALLED !!!!!!!!!!
2025-07-08T16:06:41.787+08:00 DEBUG 8020 --- [MyWebProject] [http-nio-8080-exec-2] o.s.s.a.dao.DaoAuthenticationProvider    : Authenticated user
2025-07-08T16:06:43.728+08:00 DEBUG 8020 --- [MyWebProject] [http-nio-8080-exec-5] o.s.security.web.FilterChainProxy        : Securing OPTIONS /check-login
2025-07-08T16:06:43.729+08:00 DEBUG 8020 --- [MyWebProject] [http-nio-8080-exec-3] o.s.security.web.FilterChainProxy        : Securing OPTIONS /userinfo
2025-07-08T16:06:43.734+08:00 DEBUG 8020 --- [MyWebProject] [http-nio-8080-exec-4] o.s.security.web.FilterChainProxy        : Securing GET /products
2025-07-08T16:06:43.736+08:00 DEBUG 8020 --- [MyWebProject] [http-nio-8080-exec-4] o.s.s.w.a.AnonymousAuthenticationFilter  : Set SecurityContextHolder to anonymous SecurityContext
2025-07-08T16:06:43.737+08:00 DEBUG 8020 --- [MyWebProject] [http-nio-8080-exec-4] o.s.s.w.session.SessionManagementFilter  : Request requested invalid session id 6A62A8851D4061291982C1E28ACA145F
2025-07-08T16:06:43.738+08:00 DEBUG 8020 --- [MyWebProject] [http-nio-8080-exec-4] o.s.security.web.FilterChainProxy        : Secured GET /products
2025-07-08T16:06:43.739+08:00 DEBUG 8020 --- [MyWebProject] [http-nio-8080-exec-7] o.s.security.web.FilterChainProxy        : Securing GET /check-login
2025-07-08T16:06:43.749+08:00 DEBUG 8020 --- [MyWebProject] [http-nio-8080-exec-1] o.s.security.web.FilterChainProxy        : Securing GET /userinfo
2025-07-08T16:06:43.864+08:00 DEBUG 8020 --- [MyWebProject] [http-nio-8080-exec-7] o.s.security.web.FilterChainProxy        : Secured GET /check-login
2025-07-08T16:06:43.870+08:00 DEBUG 8020 --- [MyWebProject] [http-nio-8080-exec-1] o.s.security.web.FilterChainProxy        : Secured GET /userinfo
2025-07-08T16:06:43.949+08:00 DEBUG 8020 --- [MyWebProject] [http-nio-8080-exec-9] o.s.security.web.FilterChainProxy        : Securing GET /check-login
2025-07-08T16:06:43.966+08:00 DEBUG 8020 --- [MyWebProject] [http-nio-8080-exec-9] o.s.security.web.FilterChainProxy        : Secured GET /check-login
2025-07-08T16:06:43.984+08:00 DEBUG 8020 --- [MyWebProject] [http-nio-8080-exec-6] o.s.security.web.FilterChainProxy        : Securing GET /userinfo
2025-07-08T16:06:43.994+08:00 DEBUG 8020 --- [MyWebProject] [http-nio-8080-exec-6] o.s.security.web.FilterChainProxy        : Secured GET /userinfo
2025-07-08T16:06:44.037+08:00 DEBUG 8020 --- [MyWebProject] [http-nio-8080-exec-8] o.s.security.web.FilterChainProxy        : Securing GET /check-login
2025-07-08T16:06:44.039+08:00 DEBUG 8020 --- [MyWebProject] [http-nio-8080-exec-10] o.s.security.web.FilterChainProxy        : Securing GET /userinfo
2025-07-08T16:06:44.048+08:00 DEBUG 8020 --- [MyWebProject] [http-nio-8080-exec-8] .s.ChangeSessionIdAuthenticationStrategy : Changed session id from 614D0F14964D695F045BBCF31648154A
2025-07-08T16:06:44.050+08:00 DEBUG 8020 --- [MyWebProject] [http-nio-8080-exec-10] o.s.security.web.FilterChainProxy        : Secured GET /userinfo
2025-07-08T16:06:44.053+08:00 DEBUG 8020 --- [MyWebProject] [http-nio-8080-exec-8] o.s.security.web.FilterChainProxy        : Secured GET /check-login
2025-07-08T16:06:44.094+08:00 DEBUG 8020 --- [MyWebProject] [http-nio-8080-exec-2] o.s.security.web.FilterChainProxy        : Securing GET /check-login
2025-07-08T16:06:44.101+08:00 DEBUG 8020 --- [MyWebProject] [http-nio-8080-exec-5] o.s.security.web.FilterChainProxy        : Securing GET /userinfo
2025-07-08T16:06:44.102+08:00 DEBUG 8020 --- [MyWebProject] [http-nio-8080-exec-2] .s.ChangeSessionIdAuthenticationStrategy : Changed session id from 58996E22A8F7331F34502BF92D63FC82
2025-07-08T16:06:44.103+08:00 DEBUG 8020 --- [MyWebProject] [http-nio-8080-exec-2] o.s.security.web.FilterChainProxy        : Secured GET /check-login
2025-07-08T16:06:44.106+08:00 DEBUG 8020 --- [MyWebProject] [http-nio-8080-exec-5] o.s.security.web.FilterChainProxy        : Secured GET /userinfo
2025-07-08T16:06:44.133+08:00 DEBUG 8020 --- [MyWebProject] [http-nio-8080-exec-3] o.s.security.web.FilterChainProxy        : Securing OPTIONS /chatrooms?userId=4
2025-07-08T16:06:44.138+08:00 DEBUG 8020 --- [MyWebProject] [http-nio-8080-exec-7] o.s.security.web.FilterChainProxy        : Securing GET /chatrooms?userId=4
2025-07-08T16:06:44.142+08:00 DEBUG 8020 --- [MyWebProject] [http-nio-8080-exec-7] .s.ChangeSessionIdAuthenticationStrategy : Changed session id from C7390973A5F9FE95264EFA9CB170B059
2025-07-08T16:06:44.143+08:00 DEBUG 8020 --- [MyWebProject] [http-nio-8080-exec-7] o.s.security.web.FilterChainProxy        : Secured GET /chatrooms?userId=4
2025-07-08T16:06:44.240+08:00 DEBUG 8020 --- [MyWebProject] [http-nio-8080-exec-9] o.s.security.web.FilterChainProxy        : Securing GET /products
2025-07-08T16:06:44.241+08:00 DEBUG 8020 --- [MyWebProject] [http-nio-8080-exec-9] o.s.s.w.a.AnonymousAuthenticationFilter  : Set SecurityContextHolder to anonymous SecurityContext
2025-07-08T16:06:44.242+08:00 DEBUG 8020 --- [MyWebProject] [http-nio-8080-exec-9] o.s.s.w.session.SessionManagementFilter  : Request requested invalid session id 6A62A8851D4061291982C1E28ACA145F
2025-07-08T16:06:44.242+08:00 DEBUG 8020 --- [MyWebProject] [http-nio-8080-exec-9] o.s.security.web.FilterChainProxy        : Secured GET /products
2025-07-08T16:06:44.286+08:00 DEBUG 8020 --- [MyWebProject] [http-nio-8080-exec-1] o.s.security.web.FilterChainProxy        : Securing GET /chatrooms?userId=4
2025-07-08T16:06:44.293+08:00 DEBUG 8020 --- [MyWebProject] [http-nio-8080-exec-1] .s.ChangeSessionIdAuthenticationStrategy : Changed session id from 0E1A29A777320B18069D1673A5410F34
2025-07-08T16:06:44.294+08:00 DEBUG 8020 --- [MyWebProject] [http-nio-8080-exec-1] o.s.security.web.FilterChainProxy        : Secured GET /chatrooms?userId=4
2025-07-08T16:06:44.469+08:00 DEBUG 8020 --- [MyWebProject] [http-nio-8080-exec-6] o.s.security.web.FilterChainProxy        : Securing GET /uploads/products/2_1751941101001_0.jpg
2025-07-08T16:06:44.470+08:00 DEBUG 8020 --- [MyWebProject] [http-nio-8080-exec-6] o.s.s.w.a.AnonymousAuthenticationFilter  : Set SecurityContextHolder to anonymous SecurityContext
2025-07-08T16:06:44.472+08:00 DEBUG 8020 --- [MyWebProject] [http-nio-8080-exec-6] o.s.security.web.FilterChainProxy        : Secured GET /uploads/products/2_1751941101001_0.jpg
2025-07-08T16:06:44.574+08:00 DEBUG 8020 --- [MyWebProject] [http-nio-8080-exec-8] o.s.security.web.FilterChainProxy        : Securing GET /store/all
2025-07-08T16:06:44.578+08:00 DEBUG 8020 --- [MyWebProject] [http-nio-8080-exec-8] o.s.s.w.a.AnonymousAuthenticationFilter  : Set SecurityContextHolder to anonymous SecurityContext
2025-07-08T16:06:44.579+08:00 DEBUG 8020 --- [MyWebProject] [http-nio-8080-exec-8] o.s.security.web.FilterChainProxy        : Secured GET /store/all
2025-07-08T16:06:44.636+08:00 DEBUG 8020 --- [MyWebProject] [http-nio-8080-exec-10] o.s.security.web.FilterChainProxy        : Securing GET /store/all
2025-07-08T16:06:44.644+08:00 DEBUG 8020 --- [MyWebProject] [http-nio-8080-exec-10] o.s.s.w.a.AnonymousAuthenticationFilter  : Set SecurityContextHolder to anonymous SecurityContext
2025-07-08T16:06:44.648+08:00 DEBUG 8020 --- [MyWebProject] [http-nio-8080-exec-10] o.s.security.web.FilterChainProxy        : Secured GET /store/all
2025-07-08T16:06:47.025+08:00 DEBUG 8020 --- [MyWebProject] [http-nio-8080-exec-2] o.s.security.web.FilterChainProxy        : Securing GET /logout
2025-07-08T16:06:47.028+08:00 DEBUG 8020 --- [MyWebProject] [http-nio-8080-exec-2] o.s.s.w.a.logout.LogoutFilter            : Logging out [null]
2025-07-08T16:06:47.030+08:00 DEBUG 8020 --- [MyWebProject] [http-nio-8080-exec-2] o.s.s.web.DefaultRedirectStrategy        : Redirecting to /login?logout
2025-07-08T16:06:47.046+08:00 DEBUG 8020 --- [MyWebProject] [http-nio-8080-exec-5] o.s.security.web.FilterChainProxy        : Securing GET /login?logout
2025-07-08T16:06:47.054+08:00 DEBUG 8020 --- [MyWebProject] [http-nio-8080-exec-5] o.s.security.web.FilterChainProxy        : Secured GET /login?logout
2025-07-08T16:06:47.055+08:00  WARN 8020 --- [MyWebProject] [http-nio-8080-exec-5] .w.s.m.s.DefaultHandlerExceptionResolver : Resolved [org.springframework.web.HttpRequestMethodNotSupportedException: Request method 'GET' is not supported]
2025-07-08T16:06:47.057+08:00 DEBUG 8020 --- [MyWebProject] [http-nio-8080-exec-5] o.s.security.web.FilterChainProxy        : Securing GET /error?logout
2025-07-08T16:06:47.058+08:00 DEBUG 8020 --- [MyWebProject] [http-nio-8080-exec-5] o.s.s.w.a.AnonymousAuthenticationFilter  : Set SecurityContextHolder to anonymous SecurityContext
2025-07-08T16:06:47.061+08:00 DEBUG 8020 --- [MyWebProject] [http-nio-8080-exec-5] o.s.s.w.a.Http403ForbiddenEntryPoint     : Pre-authenticated entry point called. Rejecting access
2025-07-08T16:06:48.135+08:00 DEBUG 8020 --- [MyWebProject] [http-nio-8080-exec-3] o.s.security.web.FilterChainProxy        : Securing GET /check-login
2025-07-08T16:06:48.142+08:00 DEBUG 8020 --- [MyWebProject] [http-nio-8080-exec-7] o.s.security.web.FilterChainProxy        : Securing GET /userinfo
2025-07-08T16:06:48.143+08:00 DEBUG 8020 --- [MyWebProject] [http-nio-8080-exec-7] o.s.s.w.a.AnonymousAuthenticationFilter  : Set SecurityContextHolder to anonymous SecurityContext
2025-07-08T16:06:48.137+08:00 DEBUG 8020 --- [MyWebProject] [http-nio-8080-exec-3] o.s.s.w.a.AnonymousAuthenticationFilter  : Set SecurityContextHolder to anonymous SecurityContext
2025-07-08T16:06:48.146+08:00 DEBUG 8020 --- [MyWebProject] [http-nio-8080-exec-3] o.s.s.w.a.Http403ForbiddenEntryPoint     : Pre-authenticated entry point called. Rejecting access
2025-07-08T16:06:48.144+08:00 DEBUG 8020 --- [MyWebProject] [http-nio-8080-exec-7] o.s.s.w.a.Http403ForbiddenEntryPoint     : Pre-authenticated entry point called. Rejecting access
2025-07-08T16:06:48.149+08:00 DEBUG 8020 --- [MyWebProject] [http-nio-8080-exec-7] o.s.security.web.FilterChainProxy        : Securing GET /error
2025-07-08T16:06:48.151+08:00 DEBUG 8020 --- [MyWebProject] [http-nio-8080-exec-7] o.s.s.w.a.AnonymousAuthenticationFilter  : Set SecurityContextHolder to anonymous SecurityContext
2025-07-08T16:06:48.151+08:00 DEBUG 8020 --- [MyWebProject] [http-nio-8080-exec-3] o.s.security.web.FilterChainProxy        : Securing GET /error
2025-07-08T16:06:48.152+08:00 DEBUG 8020 --- [MyWebProject] [http-nio-8080-exec-3] o.s.s.w.a.AnonymousAuthenticationFilter  : Set SecurityContextHolder to anonymous SecurityContext
2025-07-08T16:06:48.152+08:00 DEBUG 8020 --- [MyWebProject] [http-nio-8080-exec-3] o.s.s.w.a.Http403ForbiddenEntryPoint     : Pre-authenticated entry point called. Rejecting access
2025-07-08T16:06:48.151+08:00 DEBUG 8020 --- [MyWebProject] [http-nio-8080-exec-7] o.s.s.w.a.Http403ForbiddenEntryPoint     : Pre-authenticated entry point called. Rejecting access
2025-07-08T16:06:49.771+08:00 DEBUG 8020 --- [MyWebProject] [http-nio-8080-exec-1] o.s.security.web.FilterChainProxy        : Securing GET /check-login
2025-07-08T16:06:49.772+08:00 DEBUG 8020 --- [MyWebProject] [http-nio-8080-exec-4] o.s.security.web.FilterChainProxy        : Securing GET /userinfo
2025-07-08T16:06:49.773+08:00 DEBUG 8020 --- [MyWebProject] [http-nio-8080-exec-1] o.s.s.w.a.AnonymousAuthenticationFilter  : Set SecurityContextHolder to anonymous SecurityContext
2025-07-08T16:06:49.770+08:00 DEBUG 8020 --- [MyWebProject] [http-nio-8080-exec-9] o.s.security.web.FilterChainProxy        : Securing GET /captcha
2025-07-08T16:06:49.773+08:00 DEBUG 8020 --- [MyWebProject] [http-nio-8080-exec-4] o.s.s.w.a.AnonymousAuthenticationFilter  : Set SecurityContextHolder to anonymous SecurityContext
2025-07-08T16:06:49.776+08:00 DEBUG 8020 --- [MyWebProject] [http-nio-8080-exec-9] o.s.s.w.a.AnonymousAuthenticationFilter  : Set SecurityContextHolder to anonymous SecurityContext
2025-07-08T16:06:49.774+08:00 DEBUG 8020 --- [MyWebProject] [http-nio-8080-exec-1] o.s.s.w.a.Http403ForbiddenEntryPoint     : Pre-authenticated entry point called. Rejecting access
2025-07-08T16:06:49.777+08:00 DEBUG 8020 --- [MyWebProject] [http-nio-8080-exec-9] o.s.security.web.FilterChainProxy        : Secured GET /captcha
2025-07-08T16:06:49.776+08:00 DEBUG 8020 --- [MyWebProject] [http-nio-8080-exec-4] o.s.s.w.a.Http403ForbiddenEntryPoint     : Pre-authenticated entry point called. Rejecting access
2025-07-08T16:06:49.780+08:00 DEBUG 8020 --- [MyWebProject] [http-nio-8080-exec-1] o.s.security.web.FilterChainProxy        : Securing GET /error
2025-07-08T16:06:49.781+08:00 DEBUG 8020 --- [MyWebProject] [http-nio-8080-exec-1] o.s.s.w.a.AnonymousAuthenticationFilter  : Set SecurityContextHolder to anonymous SecurityContext
2025-07-08T16:06:49.782+08:00 DEBUG 8020 --- [MyWebProject] [http-nio-8080-exec-1] o.s.s.w.a.Http403ForbiddenEntryPoint     : Pre-authenticated entry point called. Rejecting access
2025-07-08T16:06:49.786+08:00 DEBUG 8020 --- [MyWebProject] [http-nio-8080-exec-4] o.s.security.web.FilterChainProxy        : Securing GET /error
2025-07-08T16:06:49.787+08:00 DEBUG 8020 --- [MyWebProject] [http-nio-8080-exec-4] o.s.s.w.a.AnonymousAuthenticationFilter  : Set SecurityContextHolder to anonymous SecurityContext
2025-07-08T16:06:49.787+08:00 DEBUG 8020 --- [MyWebProject] [http-nio-8080-exec-4] o.s.s.w.a.Http403ForbiddenEntryPoint     : Pre-authenticated entry point called. Rejecting access
2025-07-08T16:06:49.792+08:00 DEBUG 8020 --- [MyWebProject] [http-nio-8080-exec-8] o.s.security.web.FilterChainProxy        : Securing GET /userinfo
2025-07-08T16:06:49.792+08:00 DEBUG 8020 --- [MyWebProject] [http-nio-8080-exec-6] o.s.security.web.FilterChainProxy        : Securing GET /check-login
2025-07-08T16:06:49.793+08:00 DEBUG 8020 --- [MyWebProject] [http-nio-8080-exec-8] o.s.s.w.a.AnonymousAuthenticationFilter  : Set SecurityContextHolder to anonymous SecurityContext
2025-07-08T16:06:49.795+08:00 DEBUG 8020 --- [MyWebProject] [http-nio-8080-exec-6] o.s.s.w.a.AnonymousAuthenticationFilter  : Set SecurityContextHolder to anonymous SecurityContext
2025-07-08T16:06:49.795+08:00 DEBUG 8020 --- [MyWebProject] [http-nio-8080-exec-8] o.s.s.w.a.Http403ForbiddenEntryPoint     : Pre-authenticated entry point called. Rejecting access
2025-07-08T16:06:49.796+08:00 DEBUG 8020 --- [MyWebProject] [http-nio-8080-exec-6] o.s.s.w.a.Http403ForbiddenEntryPoint     : Pre-authenticated entry point called. Rejecting access
2025-07-08T16:06:49.797+08:00 DEBUG 8020 --- [MyWebProject] [http-nio-8080-exec-8] o.s.security.web.FilterChainProxy        : Securing GET /error
2025-07-08T16:06:49.798+08:00 DEBUG 8020 --- [MyWebProject] [http-nio-8080-exec-8] o.s.s.w.a.AnonymousAuthenticationFilter  : Set SecurityContextHolder to anonymous SecurityContext
2025-07-08T16:06:49.798+08:00 DEBUG 8020 --- [MyWebProject] [http-nio-8080-exec-6] o.s.security.web.FilterChainProxy        : Securing GET /error
2025-07-08T16:06:49.798+08:00 DEBUG 8020 --- [MyWebProject] [http-nio-8080-exec-8] o.s.s.w.a.Http403ForbiddenEntryPoint     : Pre-authenticated entry point called. Rejecting access
2025-07-08T16:06:49.798+08:00 DEBUG 8020 --- [MyWebProject] [http-nio-8080-exec-6] o.s.s.w.a.AnonymousAuthenticationFilter  : Set SecurityContextHolder to anonymous SecurityContext
2025-07-08T16:06:49.800+08:00 DEBUG 8020 --- [MyWebProject] [http-nio-8080-exec-6] o.s.s.w.a.Http403ForbiddenEntryPoint     : Pre-authenticated entry point called. Rejecting access
2025-07-08T16:06:49.881+08:00 DEBUG 8020 --- [MyWebProject] [http-nio-8080-exec-10] o.s.security.web.FilterChainProxy        : Securing GET /captcha
2025-07-08T16:06:49.884+08:00 DEBUG 8020 --- [MyWebProject] [http-nio-8080-exec-10] o.s.s.w.a.AnonymousAuthenticationFilter  : Set SecurityContextHolder to anonymous SecurityContext
2025-07-08T16:06:49.887+08:00 DEBUG 8020 --- [MyWebProject] [http-nio-8080-exec-10] o.s.security.web.FilterChainProxy        : Secured GET /captcha
2025-07-08T16:06:53.294+08:00 DEBUG 8020 --- [MyWebProject] [http-nio-8080-exec-2] o.s.security.web.FilterChainProxy        : Securing GET /captcha
2025-07-08T16:06:53.294+08:00 DEBUG 8020 --- [MyWebProject] [http-nio-8080-exec-2] o.s.s.w.a.AnonymousAuthenticationFilter  : Set SecurityContextHolder to anonymous SecurityContext
2025-07-08T16:06:53.295+08:00 DEBUG 8020 --- [MyWebProject] [http-nio-8080-exec-2] o.s.security.web.FilterChainProxy        : Secured GET /captcha
2025-07-08T16:06:56.092+08:00 DEBUG 8020 --- [MyWebProject] [http-nio-8080-exec-5] o.s.security.web.FilterChainProxy        : Securing GET /captcha
2025-07-08T16:06:56.093+08:00 DEBUG 8020 --- [MyWebProject] [http-nio-8080-exec-5] o.s.s.w.a.AnonymousAuthenticationFilter  : Set SecurityContextHolder to anonymous SecurityContext
2025-07-08T16:06:56.094+08:00 DEBUG 8020 --- [MyWebProject] [http-nio-8080-exec-5] o.s.security.web.FilterChainProxy        : Secured GET /captcha
2025-07-08T16:07:03.047+08:00 DEBUG 8020 --- [MyWebProject] [http-nio-8080-exec-3] o.s.security.web.FilterChainProxy        : Securing POST /login
2025-07-08T16:07:03.049+08:00 DEBUG 8020 --- [MyWebProject] [http-nio-8080-exec-3] o.s.s.w.a.AnonymousAuthenticationFilter  : Set SecurityContextHolder to anonymous SecurityContext
2025-07-08T16:07:03.051+08:00 DEBUG 8020 --- [MyWebProject] [http-nio-8080-exec-3] o.s.security.web.FilterChainProxy        : Secured POST /login
2025-07-08T16:07:03.057+08:00  INFO 8020 --- [MyWebProject] [http-nio-8080-exec-3] c.e.demo.controller.LoginRestController  : !!!!!!!!!! LOGIN API HAS BEEN CALLED !!!!!!!!!!
2025-07-08T16:07:03.083+08:00 DEBUG 8020 --- [MyWebProject] [http-nio-8080-exec-7] o.s.security.web.FilterChainProxy        : Securing GET /captcha
2025-07-08T16:07:03.087+08:00 DEBUG 8020 --- [MyWebProject] [http-nio-8080-exec-7] o.s.s.w.a.AnonymousAuthenticationFilter  : Set SecurityContextHolder to anonymous SecurityContext
2025-07-08T16:07:03.088+08:00 DEBUG 8020 --- [MyWebProject] [http-nio-8080-exec-7] o.s.security.web.FilterChainProxy        : Secured GET /captcha
2025-07-08T16:07:12.374+08:00 DEBUG 8020 --- [MyWebProject] [http-nio-8080-exec-1] o.s.security.web.FilterChainProxy        : Securing POST /login
2025-07-08T16:07:12.375+08:00 DEBUG 8020 --- [MyWebProject] [http-nio-8080-exec-1] o.s.s.w.a.AnonymousAuthenticationFilter  : Set SecurityContextHolder to anonymous SecurityContext
2025-07-08T16:07:12.376+08:00 DEBUG 8020 --- [MyWebProject] [http-nio-8080-exec-1] o.s.security.web.FilterChainProxy        : Secured POST /login
2025-07-08T16:07:12.380+08:00  INFO 8020 --- [MyWebProject] [http-nio-8080-exec-1] c.e.demo.controller.LoginRestController  : !!!!!!!!!! LOGIN API HAS BEEN CALLED !!!!!!!!!!
2025-07-08T16:07:12.635+08:00 DEBUG 8020 --- [MyWebProject] [http-nio-8080-exec-1] o.s.s.a.dao.DaoAuthenticationProvider    : Authenticated user
2025-07-08T16:08:03.638+08:00 DEBUG 8020 --- [MyWebProject] [http-nio-8080-exec-10] o.s.security.web.FilterChainProxy        : Securing GET /check-login
2025-07-08T16:08:03.634+08:00 DEBUG 8020 --- [MyWebProject] [http-nio-8080-exec-5] o.s.security.web.FilterChainProxy        : Securing GET /products
2025-07-08T16:08:03.636+08:00 DEBUG 8020 --- [MyWebProject] [http-nio-8080-exec-2] o.s.security.web.FilterChainProxy        : Securing GET /userinfo
2025-07-08T16:08:03.663+08:00 DEBUG 8020 --- [MyWebProject] [http-nio-8080-exec-5] o.s.s.w.a.AnonymousAuthenticationFilter  : Set SecurityContextHolder to anonymous SecurityContext
2025-07-08T16:08:03.667+08:00 DEBUG 8020 --- [MyWebProject] [http-nio-8080-exec-5] o.s.security.web.FilterChainProxy        : Secured GET /products
2025-07-08T16:08:03.679+08:00 DEBUG 8020 --- [MyWebProject] [http-nio-8080-exec-2] .s.ChangeSessionIdAuthenticationStrategy : Changed session id from 95C0958BC3583F77A7A58226AB2EE534
2025-07-08T16:08:03.681+08:00 DEBUG 8020 --- [MyWebProject] [http-nio-8080-exec-10] .s.ChangeSessionIdAuthenticationStrategy : Changed session id from A57665006CA1602AB5130C28EEBFC0CC
2025-07-08T16:08:03.682+08:00 DEBUG 8020 --- [MyWebProject] [http-nio-8080-exec-2] o.s.security.web.FilterChainProxy        : Secured GET /userinfo
2025-07-08T16:08:03.682+08:00 DEBUG 8020 --- [MyWebProject] [http-nio-8080-exec-10] o.s.security.web.FilterChainProxy        : Secured GET /check-login
2025-07-08T16:08:03.705+08:00 DEBUG 8020 --- [MyWebProject] [http-nio-8080-exec-3] o.s.security.web.FilterChainProxy        : Securing GET /check-login
2025-07-08T16:08:03.719+08:00 DEBUG 8020 --- [MyWebProject] [http-nio-8080-exec-3] o.s.security.web.FilterChainProxy        : Secured GET /check-login
2025-07-08T16:08:03.728+08:00 DEBUG 8020 --- [MyWebProject] [http-nio-8080-exec-7] o.s.security.web.FilterChainProxy        : Securing GET /userinfo
2025-07-08T16:08:03.751+08:00 DEBUG 8020 --- [MyWebProject] [http-nio-8080-exec-7] o.s.security.web.FilterChainProxy        : Secured GET /userinfo
2025-07-08T16:08:03.783+08:00 DEBUG 8020 --- [MyWebProject] [http-nio-8080-exec-1] o.s.security.web.FilterChainProxy        : Securing GET /products
2025-07-08T16:08:03.784+08:00 DEBUG 8020 --- [MyWebProject] [http-nio-8080-exec-1] o.s.s.w.a.AnonymousAuthenticationFilter  : Set SecurityContextHolder to anonymous SecurityContext
2025-07-08T16:08:03.784+08:00 DEBUG 8020 --- [MyWebProject] [http-nio-8080-exec-1] o.s.s.w.session.SessionManagementFilter  : Request requested invalid session id 95C0958BC3583F77A7A58226AB2EE534
2025-07-08T16:08:03.784+08:00 DEBUG 8020 --- [MyWebProject] [http-nio-8080-exec-1] o.s.security.web.FilterChainProxy        : Secured GET /products
2025-07-08T16:08:03.971+08:00 DEBUG 8020 --- [MyWebProject] [http-nio-8080-exec-9] o.s.security.web.FilterChainProxy        : Securing GET /userinfo
2025-07-08T16:08:03.971+08:00 DEBUG 8020 --- [MyWebProject] [http-nio-8080-exec-4] o.s.security.web.FilterChainProxy        : Securing GET /check-login
2025-07-08T16:08:03.978+08:00 DEBUG 8020 --- [MyWebProject] [http-nio-8080-exec-6] o.s.security.web.FilterChainProxy        : Securing GET /chatrooms?userId=4
2025-07-08T16:08:03.985+08:00 DEBUG 8020 --- [MyWebProject] [http-nio-8080-exec-8] o.s.security.web.FilterChainProxy        : Securing GET /store/all
2025-07-08T16:08:03.986+08:00 DEBUG 8020 --- [MyWebProject] [http-nio-8080-exec-8] o.s.s.w.a.AnonymousAuthenticationFilter  : Set SecurityContextHolder to anonymous SecurityContext
2025-07-08T16:08:03.987+08:00 DEBUG 8020 --- [MyWebProject] [http-nio-8080-exec-8] o.s.security.web.FilterChainProxy        : Secured GET /store/all
2025-07-08T16:08:03.993+08:00 DEBUG 8020 --- [MyWebProject] [http-nio-8080-exec-4] .s.ChangeSessionIdAuthenticationStrategy : Changed session id from 5DF9CD54ED21F822DDB5C8F4056B14EC
2025-07-08T16:08:03.994+08:00 DEBUG 8020 --- [MyWebProject] [http-nio-8080-exec-4] o.s.security.web.FilterChainProxy        : Secured GET /check-login
2025-07-08T16:08:03.998+08:00 DEBUG 8020 --- [MyWebProject] [http-nio-8080-exec-9] o.s.security.web.FilterChainProxy        : Secured GET /userinfo
2025-07-08T16:08:04.002+08:00 DEBUG 8020 --- [MyWebProject] [http-nio-8080-exec-6] o.s.security.web.FilterChainProxy        : Secured GET /chatrooms?userId=4
2025-07-08T16:08:04.059+08:00 DEBUG 8020 --- [MyWebProject] [http-nio-8080-exec-3] o.s.security.web.FilterChainProxy        : Securing GET /userinfo
2025-07-08T16:08:04.068+08:00 DEBUG 8020 --- [MyWebProject] [http-nio-8080-exec-10] o.s.security.web.FilterChainProxy        : Securing GET /check-login
2025-07-08T16:08:04.081+08:00 DEBUG 8020 --- [MyWebProject] [http-nio-8080-exec-2] o.s.security.web.FilterChainProxy        : Securing GET /store/all
2025-07-08T16:08:04.084+08:00 DEBUG 8020 --- [MyWebProject] [http-nio-8080-exec-3] o.s.security.web.FilterChainProxy        : Secured GET /userinfo
2025-07-08T16:08:04.085+08:00 DEBUG 8020 --- [MyWebProject] [http-nio-8080-exec-2] o.s.s.w.a.AnonymousAuthenticationFilter  : Set SecurityContextHolder to anonymous SecurityContext
2025-07-08T16:08:04.085+08:00 DEBUG 8020 --- [MyWebProject] [http-nio-8080-exec-2] o.s.s.w.session.SessionManagementFilter  : Request requested invalid session id 5DF9CD54ED21F822DDB5C8F4056B14EC
2025-07-08T16:08:04.086+08:00 DEBUG 8020 --- [MyWebProject] [http-nio-8080-exec-2] o.s.security.web.FilterChainProxy        : Secured GET /store/all
2025-07-08T16:08:04.091+08:00 DEBUG 8020 --- [MyWebProject] [http-nio-8080-exec-10] o.s.security.web.FilterChainProxy        : Secured GET /check-login
2025-07-08T16:08:04.401+08:00 DEBUG 8020 --- [MyWebProject] [http-nio-8080-exec-7] o.s.security.web.FilterChainProxy        : Securing GET /uploads/products/2_1751941101001_0.jpg
2025-07-08T16:08:04.402+08:00 DEBUG 8020 --- [MyWebProject] [http-nio-8080-exec-7] o.s.s.w.a.AnonymousAuthenticationFilter  : Set SecurityContextHolder to anonymous SecurityContext
2025-07-08T16:08:04.403+08:00 DEBUG 8020 --- [MyWebProject] [http-nio-8080-exec-7] o.s.security.web.FilterChainProxy        : Secured GET /uploads/products/2_1751941101001_0.jpg
2025-07-08T16:08:04.447+08:00 DEBUG 8020 --- [MyWebProject] [http-nio-8080-exec-5] o.s.security.web.FilterChainProxy        : Securing GET /chatrooms?userId=4
2025-07-08T16:08:04.464+08:00 DEBUG 8020 --- [MyWebProject] [http-nio-8080-exec-5] .s.ChangeSessionIdAuthenticationStrategy : Changed session id from F2079071221A6CD4975985A22BC59408
2025-07-08T16:08:04.465+08:00 DEBUG 8020 --- [MyWebProject] [http-nio-8080-exec-5] o.s.security.web.FilterChainProxy        : Secured GET /chatrooms?userId=4
2025-07-08T16:09:02.822+08:00  INFO 8020 --- [MyWebProject] [MessageBroker-1] o.s.w.s.c.WebSocketMessageBrokerStats    : WebSocketSession[0 current WS(0)-HttpStream(0)-HttpPoll(0), 0 total, 0 closed abnormally (0 connect failure, 0 send limit, 0 transport error)], stompSubProtocol[processed CONNECT(0)-CONNECTED(0)-DISCONNECT(0)], stompBrokerRelay[null], inboundChannel[pool size = 0, active threads = 0, queued tasks = 0, completed tasks = 0], outboundChannel[pool size = 0, active threads = 0, queued tasks = 0, completed tasks = 0], sockJsScheduler[pool size = 2, active threads = 1, queued tasks = 0, completed tasks = 1]
2025-07-08T16:13:26.465+08:00  INFO 8020 --- [MyWebProject] [lettuce-eventExecutorLoop-1-2] i.l.core.protocol.ConnectionWatchdog     : Reconnecting, last destination was localhost/127.0.0.1:6379
2025-07-08T16:13:26.600+08:00  INFO 8020 --- [MyWebProject] [lettuce-nioEventLoop-4-2] i.l.core.protocol.ReconnectionHandler    : Reconnected to localhost/<unresolved>:6379
2025-07-08T16:13:39.629+08:00  INFO 8020 --- [MyWebProject] [lettuce-eventExecutorLoop-1-3] i.l.core.protocol.ConnectionWatchdog     : Reconnecting, last destination was localhost/127.0.0.1:6379
2025-07-08T16:13:39.646+08:00  INFO 8020 --- [MyWebProject] [lettuce-nioEventLoop-4-3] i.l.core.protocol.ReconnectionHandler    : Reconnected to localhost/<unresolved>:6379
2025-07-08T16:14:54.729+08:00  INFO 8020 --- [MyWebProject] [lettuce-eventExecutorLoop-1-1] i.l.core.protocol.ConnectionWatchdog     : Reconnecting, last destination was localhost/127.0.0.1:6379
2025-07-08T16:14:54.782+08:00  INFO 8020 --- [MyWebProject] [lettuce-nioEventLoop-4-4] i.l.core.protocol.ReconnectionHandler    : Reconnected to localhost/<unresolved>:6379
2025-07-08T16:18:44.010+08:00  INFO 8020 --- [MyWebProject] [lettuce-eventExecutorLoop-1-4] i.l.core.protocol.ConnectionWatchdog     : Reconnecting, last destination was localhost/127.0.0.1:6379
2025-07-08T16:18:44.062+08:00  INFO 8020 --- [MyWebProject] [lettuce-nioEventLoop-4-1] i.l.core.protocol.ReconnectionHandler    : Reconnected to localhost/<unresolved>:6379
2025-07-08T16:19:19.646+08:00 DEBUG 8020 --- [MyWebProject] [http-nio-8080-exec-3] o.s.security.web.FilterChainProxy        : Securing OPTIONS /logout
2025-07-08T16:19:19.668+08:00 DEBUG 8020 --- [MyWebProject] [http-nio-8080-exec-3] o.s.security.web.FilterChainProxy        : Securing GET /logout
2025-07-08T16:19:19.672+08:00 DEBUG 8020 --- [MyWebProject] [http-nio-8080-exec-3] o.s.s.w.a.logout.LogoutFilter            : Logging out [null]
2025-07-08T16:19:19.677+08:00 DEBUG 8020 --- [MyWebProject] [http-nio-8080-exec-3] o.s.s.web.DefaultRedirectStrategy        : Redirecting to /login?logout
2025-07-08T16:19:19.690+08:00 DEBUG 8020 --- [MyWebProject] [http-nio-8080-exec-2] o.s.security.web.FilterChainProxy        : Securing GET /login?logout
2025-07-08T16:19:19.709+08:00 DEBUG 8020 --- [MyWebProject] [http-nio-8080-exec-2] o.s.security.web.FilterChainProxy        : Secured GET /login?logout
2025-07-08T16:19:19.727+08:00  WARN 8020 --- [MyWebProject] [http-nio-8080-exec-2] .w.s.m.s.DefaultHandlerExceptionResolver : Resolved [org.springframework.web.HttpRequestMethodNotSupportedException: Request method 'GET' is not supported]
2025-07-08T16:19:19.736+08:00 DEBUG 8020 --- [MyWebProject] [http-nio-8080-exec-2] o.s.security.web.FilterChainProxy        : Securing GET /error?logout
2025-07-08T16:19:19.737+08:00 DEBUG 8020 --- [MyWebProject] [http-nio-8080-exec-2] o.s.s.w.a.AnonymousAuthenticationFilter  : Set SecurityContextHolder to anonymous SecurityContext
2025-07-08T16:19:19.743+08:00 DEBUG 8020 --- [MyWebProject] [http-nio-8080-exec-2] o.s.s.w.a.Http403ForbiddenEntryPoint     : Pre-authenticated entry point called. Rejecting access
2025-07-08T16:19:20.799+08:00 DEBUG 8020 --- [MyWebProject] [http-nio-8080-exec-7] o.s.security.web.FilterChainProxy        : Securing GET /userinfo
2025-07-08T16:19:20.819+08:00 DEBUG 8020 --- [MyWebProject] [http-nio-8080-exec-5] o.s.security.web.FilterChainProxy        : Securing GET /check-login
2025-07-08T16:19:20.818+08:00 DEBUG 8020 --- [MyWebProject] [http-nio-8080-exec-7] o.s.s.w.a.AnonymousAuthenticationFilter  : Set SecurityContextHolder to anonymous SecurityContext
2025-07-08T16:19:20.822+08:00 DEBUG 8020 --- [MyWebProject] [http-nio-8080-exec-7] o.s.s.w.a.Http403ForbiddenEntryPoint     : Pre-authenticated entry point called. Rejecting access
2025-07-08T16:19:20.824+08:00 DEBUG 8020 --- [MyWebProject] [http-nio-8080-exec-7] o.s.security.web.FilterChainProxy        : Securing GET /error
2025-07-08T16:19:20.823+08:00 DEBUG 8020 --- [MyWebProject] [http-nio-8080-exec-5] o.s.s.w.a.AnonymousAuthenticationFilter  : Set SecurityContextHolder to anonymous SecurityContext
2025-07-08T16:19:20.825+08:00 DEBUG 8020 --- [MyWebProject] [http-nio-8080-exec-5] o.s.s.w.a.Http403ForbiddenEntryPoint     : Pre-authenticated entry point called. Rejecting access
2025-07-08T16:19:20.824+08:00 DEBUG 8020 --- [MyWebProject] [http-nio-8080-exec-7] o.s.s.w.a.AnonymousAuthenticationFilter  : Set SecurityContextHolder to anonymous SecurityContext
2025-07-08T16:19:20.826+08:00 DEBUG 8020 --- [MyWebProject] [http-nio-8080-exec-5] o.s.security.web.FilterChainProxy        : Securing GET /error
2025-07-08T16:19:20.826+08:00 DEBUG 8020 --- [MyWebProject] [http-nio-8080-exec-7] o.s.s.w.a.Http403ForbiddenEntryPoint     : Pre-authenticated entry point called. Rejecting access
2025-07-08T16:19:20.828+08:00 DEBUG 8020 --- [MyWebProject] [http-nio-8080-exec-5] o.s.s.w.a.AnonymousAuthenticationFilter  : Set SecurityContextHolder to anonymous SecurityContext
2025-07-08T16:19:20.829+08:00 DEBUG 8020 --- [MyWebProject] [http-nio-8080-exec-5] o.s.s.w.a.Http403ForbiddenEntryPoint     : Pre-authenticated entry point called. Rejecting access
2025-07-08T16:19:23.110+08:00 DEBUG 8020 --- [MyWebProject] [http-nio-8080-exec-1] o.s.security.web.FilterChainProxy        : Securing GET /check-login
2025-07-08T16:19:23.112+08:00 DEBUG 8020 --- [MyWebProject] [http-nio-8080-exec-4] o.s.security.web.FilterChainProxy        : Securing GET /userinfo
2025-07-08T16:19:23.114+08:00 DEBUG 8020 --- [MyWebProject] [http-nio-8080-exec-1] o.s.s.w.a.AnonymousAuthenticationFilter  : Set SecurityContextHolder to anonymous SecurityContext
2025-07-08T16:19:23.114+08:00 DEBUG 8020 --- [MyWebProject] [http-nio-8080-exec-4] o.s.s.w.a.AnonymousAuthenticationFilter  : Set SecurityContextHolder to anonymous SecurityContext
2025-07-08T16:19:23.116+08:00 DEBUG 8020 --- [MyWebProject] [http-nio-8080-exec-4] o.s.s.w.a.Http403ForbiddenEntryPoint     : Pre-authenticated entry point called. Rejecting access
2025-07-08T16:19:23.115+08:00 DEBUG 8020 --- [MyWebProject] [http-nio-8080-exec-1] o.s.s.w.a.Http403ForbiddenEntryPoint     : Pre-authenticated entry point called. Rejecting access
2025-07-08T16:19:23.117+08:00 DEBUG 8020 --- [MyWebProject] [http-nio-8080-exec-1] o.s.security.web.FilterChainProxy        : Securing GET /error
2025-07-08T16:19:23.118+08:00 DEBUG 8020 --- [MyWebProject] [http-nio-8080-exec-9] o.s.security.web.FilterChainProxy        : Securing GET /captcha
2025-07-08T16:19:23.117+08:00 DEBUG 8020 --- [MyWebProject] [http-nio-8080-exec-4] o.s.security.web.FilterChainProxy        : Securing GET /error
2025-07-08T16:19:23.119+08:00 DEBUG 8020 --- [MyWebProject] [http-nio-8080-exec-1] o.s.s.w.a.AnonymousAuthenticationFilter  : Set SecurityContextHolder to anonymous SecurityContext
2025-07-08T16:19:23.121+08:00 DEBUG 8020 --- [MyWebProject] [http-nio-8080-exec-1] o.s.s.w.a.Http403ForbiddenEntryPoint     : Pre-authenticated entry point called. Rejecting access
2025-07-08T16:19:23.121+08:00 DEBUG 8020 --- [MyWebProject] [http-nio-8080-exec-4] o.s.s.w.a.AnonymousAuthenticationFilter  : Set SecurityContextHolder to anonymous SecurityContext
2025-07-08T16:19:23.122+08:00 DEBUG 8020 --- [MyWebProject] [http-nio-8080-exec-4] o.s.s.w.a.Http403ForbiddenEntryPoint     : Pre-authenticated entry point called. Rejecting access
2025-07-08T16:19:23.126+08:00 DEBUG 8020 --- [MyWebProject] [http-nio-8080-exec-9] o.s.s.w.a.AnonymousAuthenticationFilter  : Set SecurityContextHolder to anonymous SecurityContext
2025-07-08T16:19:23.127+08:00 DEBUG 8020 --- [MyWebProject] [http-nio-8080-exec-9] o.s.security.web.FilterChainProxy        : Secured GET /captcha
2025-07-08T16:19:23.141+08:00 DEBUG 8020 --- [MyWebProject] [http-nio-8080-exec-10] o.s.security.web.FilterChainProxy        : Securing GET /check-login
2025-07-08T16:19:23.144+08:00 DEBUG 8020 --- [MyWebProject] [http-nio-8080-exec-10] o.s.s.w.a.AnonymousAuthenticationFilter  : Set SecurityContextHolder to anonymous SecurityContext
2025-07-08T16:19:23.148+08:00 DEBUG 8020 --- [MyWebProject] [http-nio-8080-exec-10] o.s.s.w.a.Http403ForbiddenEntryPoint     : Pre-authenticated entry point called. Rejecting access
2025-07-08T16:19:23.147+08:00 DEBUG 8020 --- [MyWebProject] [http-nio-8080-exec-8] o.s.security.web.FilterChainProxy        : Securing GET /userinfo
2025-07-08T16:19:23.150+08:00 DEBUG 8020 --- [MyWebProject] [http-nio-8080-exec-10] o.s.security.web.FilterChainProxy        : Securing GET /error
2025-07-08T16:19:23.150+08:00 DEBUG 8020 --- [MyWebProject] [http-nio-8080-exec-8] o.s.s.w.a.AnonymousAuthenticationFilter  : Set SecurityContextHolder to anonymous SecurityContext
2025-07-08T16:19:23.150+08:00 DEBUG 8020 --- [MyWebProject] [http-nio-8080-exec-10] o.s.s.w.a.AnonymousAuthenticationFilter  : Set SecurityContextHolder to anonymous SecurityContext
2025-07-08T16:19:23.151+08:00 DEBUG 8020 --- [MyWebProject] [http-nio-8080-exec-10] o.s.s.w.a.Http403ForbiddenEntryPoint     : Pre-authenticated entry point called. Rejecting access
2025-07-08T16:19:23.151+08:00 DEBUG 8020 --- [MyWebProject] [http-nio-8080-exec-8] o.s.s.w.a.Http403ForbiddenEntryPoint     : Pre-authenticated entry point called. Rejecting access
2025-07-08T16:19:23.153+08:00 DEBUG 8020 --- [MyWebProject] [http-nio-8080-exec-8] o.s.security.web.FilterChainProxy        : Securing GET /error
2025-07-08T16:19:23.154+08:00 DEBUG 8020 --- [MyWebProject] [http-nio-8080-exec-8] o.s.s.w.a.AnonymousAuthenticationFilter  : Set SecurityContextHolder to anonymous SecurityContext
2025-07-08T16:19:23.156+08:00 DEBUG 8020 --- [MyWebProject] [http-nio-8080-exec-8] o.s.s.w.a.Http403ForbiddenEntryPoint     : Pre-authenticated entry point called. Rejecting access
2025-07-08T16:19:23.303+08:00 DEBUG 8020 --- [MyWebProject] [http-nio-8080-exec-6] o.s.security.web.FilterChainProxy        : Securing GET /captcha
2025-07-08T16:19:23.306+08:00 DEBUG 8020 --- [MyWebProject] [http-nio-8080-exec-6] o.s.s.w.a.AnonymousAuthenticationFilter  : Set SecurityContextHolder to anonymous SecurityContext
2025-07-08T16:19:23.314+08:00 DEBUG 8020 --- [MyWebProject] [http-nio-8080-exec-6] o.s.security.web.FilterChainProxy        : Secured GET /captcha
2025-07-08T16:19:30.242+08:00 DEBUG 8020 --- [MyWebProject] [http-nio-8080-exec-3] o.s.security.web.FilterChainProxy        : Securing GET /captcha
2025-07-08T16:19:30.244+08:00 DEBUG 8020 --- [MyWebProject] [http-nio-8080-exec-3] o.s.s.w.a.AnonymousAuthenticationFilter  : Set SecurityContextHolder to anonymous SecurityContext
2025-07-08T16:19:30.248+08:00 DEBUG 8020 --- [MyWebProject] [http-nio-8080-exec-3] o.s.security.web.FilterChainProxy        : Secured GET /captcha
2025-07-08T16:19:35.901+08:00 DEBUG 8020 --- [MyWebProject] [http-nio-8080-exec-2] o.s.security.web.FilterChainProxy        : Securing GET /captcha
2025-07-08T16:19:35.903+08:00 DEBUG 8020 --- [MyWebProject] [http-nio-8080-exec-2] o.s.s.w.a.AnonymousAuthenticationFilter  : Set SecurityContextHolder to anonymous SecurityContext
2025-07-08T16:19:35.904+08:00 DEBUG 8020 --- [MyWebProject] [http-nio-8080-exec-2] o.s.security.web.FilterChainProxy        : Secured GET /captcha
2025-07-08T16:19:49.584+08:00 DEBUG 8020 --- [MyWebProject] [http-nio-8080-exec-7] o.s.security.web.FilterChainProxy        : Securing POST /login
2025-07-08T16:19:49.585+08:00 DEBUG 8020 --- [MyWebProject] [http-nio-8080-exec-7] o.s.s.w.a.AnonymousAuthenticationFilter  : Set SecurityContextHolder to anonymous SecurityContext
2025-07-08T16:19:49.589+08:00 DEBUG 8020 --- [MyWebProject] [http-nio-8080-exec-7] o.s.security.web.FilterChainProxy        : Secured POST /login
2025-07-08T16:19:49.605+08:00  INFO 8020 --- [MyWebProject] [http-nio-8080-exec-7] c.e.demo.controller.LoginRestController  : !!!!!!!!!! LOGIN API HAS BEEN CALLED !!!!!!!!!!
2025-07-08T16:19:49.807+08:00 DEBUG 8020 --- [MyWebProject] [http-nio-8080-exec-7] o.s.s.a.dao.DaoAuthenticationProvider    : Authenticated user
2025-07-08T16:19:51.066+08:00 DEBUG 8020 --- [MyWebProject] [http-nio-8080-exec-5] o.s.security.web.FilterChainProxy        : Securing GET /check-login
2025-07-08T16:19:51.074+08:00 DEBUG 8020 --- [MyWebProject] [http-nio-8080-exec-4] o.s.security.web.FilterChainProxy        : Securing GET /userinfo
2025-07-08T16:19:51.080+08:00 DEBUG 8020 --- [MyWebProject] [http-nio-8080-exec-1] o.s.security.web.FilterChainProxy        : Securing GET /products
2025-07-08T16:19:51.082+08:00 DEBUG 8020 --- [MyWebProject] [http-nio-8080-exec-1] o.s.s.w.a.AnonymousAuthenticationFilter  : Set SecurityContextHolder to anonymous SecurityContext
2025-07-08T16:19:51.082+08:00 DEBUG 8020 --- [MyWebProject] [http-nio-8080-exec-1] o.s.security.web.FilterChainProxy        : Secured GET /products
2025-07-08T16:19:51.089+08:00 DEBUG 8020 --- [MyWebProject] [http-nio-8080-exec-5] .s.ChangeSessionIdAuthenticationStrategy : Changed session id from 863BFAE191924AB1600DACF2B183BF32
2025-07-08T16:19:51.090+08:00 DEBUG 8020 --- [MyWebProject] [http-nio-8080-exec-5] o.s.security.web.FilterChainProxy        : Secured GET /check-login
2025-07-08T16:19:51.094+08:00 DEBUG 8020 --- [MyWebProject] [http-nio-8080-exec-4] o.s.security.web.FilterChainProxy        : Secured GET /userinfo
2025-07-08T16:19:51.103+08:00 DEBUG 8020 --- [MyWebProject] [http-nio-8080-exec-10] o.s.security.web.FilterChainProxy        : Securing GET /check-login
2025-07-08T16:19:51.125+08:00 DEBUG 8020 --- [MyWebProject] [http-nio-8080-exec-4] o.s.security.web.FilterChainProxy        : Securing GET /userinfo
2025-07-08T16:19:51.130+08:00 DEBUG 8020 --- [MyWebProject] [http-nio-8080-exec-10] o.s.security.web.FilterChainProxy        : Secured GET /check-login
2025-07-08T16:19:51.142+08:00 DEBUG 8020 --- [MyWebProject] [http-nio-8080-exec-4] o.s.security.web.FilterChainProxy        : Secured GET /userinfo
2025-07-08T16:19:51.203+08:00 DEBUG 8020 --- [MyWebProject] [http-nio-8080-exec-9] o.s.security.web.FilterChainProxy        : Securing GET /products
2025-07-08T16:19:51.211+08:00 DEBUG 8020 --- [MyWebProject] [http-nio-8080-exec-9] o.s.s.w.a.AnonymousAuthenticationFilter  : Set SecurityContextHolder to anonymous SecurityContext
2025-07-08T16:19:51.251+08:00 DEBUG 8020 --- [MyWebProject] [http-nio-8080-exec-9] o.s.s.w.session.SessionManagementFilter  : Request requested invalid session id 863BFAE191924AB1600DACF2B183BF32
2025-07-08T16:19:51.254+08:00 DEBUG 8020 --- [MyWebProject] [http-nio-8080-exec-9] o.s.security.web.FilterChainProxy        : Secured GET /products
2025-07-08T16:19:51.282+08:00 DEBUG 8020 --- [MyWebProject] [http-nio-8080-exec-6] o.s.security.web.FilterChainProxy        : Securing GET /check-login
2025-07-08T16:19:51.285+08:00 DEBUG 8020 --- [MyWebProject] [http-nio-8080-exec-3] o.s.security.web.FilterChainProxy        : Securing GET /userinfo
2025-07-08T16:19:51.291+08:00 DEBUG 8020 --- [MyWebProject] [http-nio-8080-exec-2] o.s.security.web.FilterChainProxy        : Securing GET /chatrooms?userId=4
2025-07-08T16:19:51.292+08:00 DEBUG 8020 --- [MyWebProject] [http-nio-8080-exec-3] .s.ChangeSessionIdAuthenticationStrategy : Changed session id from 6B5DA013775111C1EBA6399734152AC4
2025-07-08T16:19:51.294+08:00 DEBUG 8020 --- [MyWebProject] [http-nio-8080-exec-6] o.s.security.web.FilterChainProxy        : Secured GET /check-login
2025-07-08T16:19:51.294+08:00 DEBUG 8020 --- [MyWebProject] [http-nio-8080-exec-3] o.s.security.web.FilterChainProxy        : Secured GET /userinfo
2025-07-08T16:19:51.301+08:00 DEBUG 8020 --- [MyWebProject] [http-nio-8080-exec-2] o.s.security.web.FilterChainProxy        : Secured GET /chatrooms?userId=4
2025-07-08T16:19:51.405+08:00 DEBUG 8020 --- [MyWebProject] [http-nio-8080-exec-7] o.s.security.web.FilterChainProxy        : Securing GET /chatrooms?userId=4
2025-07-08T16:19:51.419+08:00 DEBUG 8020 --- [MyWebProject] [http-nio-8080-exec-7] .s.ChangeSessionIdAuthenticationStrategy : Changed session id from 85CB89CE112AFA9ADD1D22A9C78D0815
2025-07-08T16:19:51.423+08:00 DEBUG 8020 --- [MyWebProject] [http-nio-8080-exec-7] o.s.security.web.FilterChainProxy        : Secured GET /chatrooms?userId=4
2025-07-08T16:19:51.636+08:00 DEBUG 8020 --- [MyWebProject] [http-nio-8080-exec-5] o.s.security.web.FilterChainProxy        : Securing GET /store/all
2025-07-08T16:19:51.637+08:00 DEBUG 8020 --- [MyWebProject] [http-nio-8080-exec-5] o.s.s.w.a.AnonymousAuthenticationFilter  : Set SecurityContextHolder to anonymous SecurityContext
2025-07-08T16:19:51.647+08:00 DEBUG 8020 --- [MyWebProject] [http-nio-8080-exec-5] o.s.security.web.FilterChainProxy        : Secured GET /store/all
2025-07-08T16:19:51.650+08:00 DEBUG 8020 --- [MyWebProject] [http-nio-8080-exec-8] o.s.security.web.FilterChainProxy        : Securing GET /uploads/products/2_1751941101001_0.jpg
2025-07-08T16:19:51.652+08:00 DEBUG 8020 --- [MyWebProject] [http-nio-8080-exec-8] o.s.s.w.a.AnonymousAuthenticationFilter  : Set SecurityContextHolder to anonymous SecurityContext
2025-07-08T16:19:51.652+08:00 DEBUG 8020 --- [MyWebProject] [http-nio-8080-exec-8] o.s.security.web.FilterChainProxy        : Secured GET /uploads/products/2_1751941101001_0.jpg
2025-07-08T16:19:51.694+08:00 DEBUG 8020 --- [MyWebProject] [http-nio-8080-exec-10] o.s.security.web.FilterChainProxy        : Securing GET /store/all
2025-07-08T16:19:51.695+08:00 DEBUG 8020 --- [MyWebProject] [http-nio-8080-exec-10] o.s.s.w.a.AnonymousAuthenticationFilter  : Set SecurityContextHolder to anonymous SecurityContext
2025-07-08T16:19:51.700+08:00 DEBUG 8020 --- [MyWebProject] [http-nio-8080-exec-10] o.s.security.web.FilterChainProxy        : Secured GET /store/all
2025-07-08T16:22:16.759+08:00 DEBUG 8020 --- [MyWebProject] [http-nio-8080-exec-7] o.s.security.web.FilterChainProxy        : Securing GET /logout
2025-07-08T16:22:16.764+08:00 DEBUG 8020 --- [MyWebProject] [http-nio-8080-exec-7] o.s.s.w.a.logout.LogoutFilter            : Logging out [null]
2025-07-08T16:22:16.766+08:00 DEBUG 8020 --- [MyWebProject] [http-nio-8080-exec-7] o.s.s.web.DefaultRedirectStrategy        : Redirecting to /login?logout
2025-07-08T16:22:16.782+08:00 DEBUG 8020 --- [MyWebProject] [http-nio-8080-exec-8] o.s.security.web.FilterChainProxy        : Securing GET /login?logout
2025-07-08T16:22:16.841+08:00 DEBUG 8020 --- [MyWebProject] [http-nio-8080-exec-8] o.s.security.web.FilterChainProxy        : Secured GET /login?logout
2025-07-08T16:22:16.843+08:00  WARN 8020 --- [MyWebProject] [http-nio-8080-exec-8] .w.s.m.s.DefaultHandlerExceptionResolver : Resolved [org.springframework.web.HttpRequestMethodNotSupportedException: Request method 'GET' is not supported]
2025-07-08T16:22:16.845+08:00 DEBUG 8020 --- [MyWebProject] [http-nio-8080-exec-8] o.s.security.web.FilterChainProxy        : Securing GET /error?logout
2025-07-08T16:22:16.847+08:00 DEBUG 8020 --- [MyWebProject] [http-nio-8080-exec-8] o.s.s.w.a.AnonymousAuthenticationFilter  : Set SecurityContextHolder to anonymous SecurityContext
2025-07-08T16:22:16.848+08:00 DEBUG 8020 --- [MyWebProject] [http-nio-8080-exec-8] o.s.s.w.a.Http403ForbiddenEntryPoint     : Pre-authenticated entry point called. Rejecting access
2025-07-08T16:22:18.026+08:00 DEBUG 8020 --- [MyWebProject] [http-nio-8080-exec-5] o.s.security.web.FilterChainProxy        : Securing GET /userinfo
2025-07-08T16:22:18.030+08:00 DEBUG 8020 --- [MyWebProject] [http-nio-8080-exec-10] o.s.security.web.FilterChainProxy        : Securing GET /check-login
2025-07-08T16:22:18.033+08:00 DEBUG 8020 --- [MyWebProject] [http-nio-8080-exec-5] o.s.s.w.a.AnonymousAuthenticationFilter  : Set SecurityContextHolder to anonymous SecurityContext
2025-07-08T16:22:18.035+08:00 DEBUG 8020 --- [MyWebProject] [http-nio-8080-exec-10] o.s.s.w.a.AnonymousAuthenticationFilter  : Set SecurityContextHolder to anonymous SecurityContext
2025-07-08T16:22:18.038+08:00 DEBUG 8020 --- [MyWebProject] [http-nio-8080-exec-10] o.s.s.w.a.Http403ForbiddenEntryPoint     : Pre-authenticated entry point called. Rejecting access
2025-07-08T16:22:18.039+08:00 DEBUG 8020 --- [MyWebProject] [http-nio-8080-exec-5] o.s.s.w.a.Http403ForbiddenEntryPoint     : Pre-authenticated entry point called. Rejecting access
2025-07-08T16:22:18.041+08:00 DEBUG 8020 --- [MyWebProject] [http-nio-8080-exec-10] o.s.security.web.FilterChainProxy        : Securing GET /error
2025-07-08T16:22:18.041+08:00 DEBUG 8020 --- [MyWebProject] [http-nio-8080-exec-5] o.s.security.web.FilterChainProxy        : Securing GET /error
2025-07-08T16:22:18.042+08:00 DEBUG 8020 --- [MyWebProject] [http-nio-8080-exec-10] o.s.s.w.a.AnonymousAuthenticationFilter  : Set SecurityContextHolder to anonymous SecurityContext
2025-07-08T16:22:18.042+08:00 DEBUG 8020 --- [MyWebProject] [http-nio-8080-exec-10] o.s.s.w.a.Http403ForbiddenEntryPoint     : Pre-authenticated entry point called. Rejecting access
2025-07-08T16:22:18.042+08:00 DEBUG 8020 --- [MyWebProject] [http-nio-8080-exec-5] o.s.s.w.a.AnonymousAuthenticationFilter  : Set SecurityContextHolder to anonymous SecurityContext
2025-07-08T16:22:18.047+08:00 DEBUG 8020 --- [MyWebProject] [http-nio-8080-exec-5] o.s.s.w.a.Http403ForbiddenEntryPoint     : Pre-authenticated entry point called. Rejecting access
2025-07-08T16:22:19.227+08:00 DEBUG 8020 --- [MyWebProject] [http-nio-8080-exec-3] o.s.security.web.FilterChainProxy        : Securing GET /userinfo
2025-07-08T16:22:19.227+08:00 DEBUG 8020 --- [MyWebProject] [http-nio-8080-exec-4] o.s.security.web.FilterChainProxy        : Securing GET /check-login
2025-07-08T16:22:19.230+08:00 DEBUG 8020 --- [MyWebProject] [http-nio-8080-exec-1] o.s.security.web.FilterChainProxy        : Securing GET /captcha
2025-07-08T16:22:19.232+08:00 DEBUG 8020 --- [MyWebProject] [http-nio-8080-exec-3] o.s.s.w.a.AnonymousAuthenticationFilter  : Set SecurityContextHolder to anonymous SecurityContext
2025-07-08T16:22:19.235+08:00 DEBUG 8020 --- [MyWebProject] [http-nio-8080-exec-3] o.s.s.w.a.Http403ForbiddenEntryPoint     : Pre-authenticated entry point called. Rejecting access
2025-07-08T16:22:19.234+08:00 DEBUG 8020 --- [MyWebProject] [http-nio-8080-exec-4] o.s.s.w.a.AnonymousAuthenticationFilter  : Set SecurityContextHolder to anonymous SecurityContext
2025-07-08T16:22:19.236+08:00 DEBUG 8020 --- [MyWebProject] [http-nio-8080-exec-3] o.s.security.web.FilterChainProxy        : Securing GET /error
2025-07-08T16:22:19.236+08:00 DEBUG 8020 --- [MyWebProject] [http-nio-8080-exec-3] o.s.s.w.a.AnonymousAuthenticationFilter  : Set SecurityContextHolder to anonymous SecurityContext
2025-07-08T16:22:19.237+08:00 DEBUG 8020 --- [MyWebProject] [http-nio-8080-exec-4] o.s.s.w.a.Http403ForbiddenEntryPoint     : Pre-authenticated entry point called. Rejecting access
2025-07-08T16:22:19.237+08:00 DEBUG 8020 --- [MyWebProject] [http-nio-8080-exec-3] o.s.s.w.a.Http403ForbiddenEntryPoint     : Pre-authenticated entry point called. Rejecting access
2025-07-08T16:22:19.236+08:00 DEBUG 8020 --- [MyWebProject] [http-nio-8080-exec-1] o.s.s.w.a.AnonymousAuthenticationFilter  : Set SecurityContextHolder to anonymous SecurityContext
2025-07-08T16:22:19.237+08:00 DEBUG 8020 --- [MyWebProject] [http-nio-8080-exec-1] o.s.security.web.FilterChainProxy        : Secured GET /captcha
2025-07-08T16:22:19.242+08:00 DEBUG 8020 --- [MyWebProject] [http-nio-8080-exec-4] o.s.security.web.FilterChainProxy        : Securing GET /error
2025-07-08T16:22:19.255+08:00 DEBUG 8020 --- [MyWebProject] [http-nio-8080-exec-4] o.s.s.w.a.AnonymousAuthenticationFilter  : Set SecurityContextHolder to anonymous SecurityContext
2025-07-08T16:22:19.256+08:00 DEBUG 8020 --- [MyWebProject] [http-nio-8080-exec-4] o.s.s.w.a.Http403ForbiddenEntryPoint     : Pre-authenticated entry point called. Rejecting access
2025-07-08T16:22:19.260+08:00 DEBUG 8020 --- [MyWebProject] [http-nio-8080-exec-6] o.s.security.web.FilterChainProxy        : Securing GET /userinfo
2025-07-08T16:22:19.264+08:00 DEBUG 8020 --- [MyWebProject] [http-nio-8080-exec-6] o.s.s.w.a.AnonymousAuthenticationFilter  : Set SecurityContextHolder to anonymous SecurityContext
2025-07-08T16:22:19.264+08:00 DEBUG 8020 --- [MyWebProject] [http-nio-8080-exec-9] o.s.security.web.FilterChainProxy        : Securing GET /check-login
2025-07-08T16:22:19.265+08:00 DEBUG 8020 --- [MyWebProject] [http-nio-8080-exec-6] o.s.s.w.a.Http403ForbiddenEntryPoint     : Pre-authenticated entry point called. Rejecting access
2025-07-08T16:22:19.266+08:00 DEBUG 8020 --- [MyWebProject] [http-nio-8080-exec-6] o.s.security.web.FilterChainProxy        : Securing GET /error
2025-07-08T16:22:19.267+08:00 DEBUG 8020 --- [MyWebProject] [http-nio-8080-exec-6] o.s.s.w.a.AnonymousAuthenticationFilter  : Set SecurityContextHolder to anonymous SecurityContext
2025-07-08T16:22:19.269+08:00 DEBUG 8020 --- [MyWebProject] [http-nio-8080-exec-9] o.s.s.w.a.AnonymousAuthenticationFilter  : Set SecurityContextHolder to anonymous SecurityContext
2025-07-08T16:22:19.269+08:00 DEBUG 8020 --- [MyWebProject] [http-nio-8080-exec-9] o.s.s.w.a.Http403ForbiddenEntryPoint     : Pre-authenticated entry point called. Rejecting access
2025-07-08T16:22:19.271+08:00 DEBUG 8020 --- [MyWebProject] [http-nio-8080-exec-6] o.s.s.w.a.Http403ForbiddenEntryPoint     : Pre-authenticated entry point called. Rejecting access
2025-07-08T16:22:19.276+08:00 DEBUG 8020 --- [MyWebProject] [http-nio-8080-exec-9] o.s.security.web.FilterChainProxy        : Securing GET /error
2025-07-08T16:22:19.277+08:00 DEBUG 8020 --- [MyWebProject] [http-nio-8080-exec-9] o.s.s.w.a.AnonymousAuthenticationFilter  : Set SecurityContextHolder to anonymous SecurityContext
2025-07-08T16:22:19.277+08:00 DEBUG 8020 --- [MyWebProject] [http-nio-8080-exec-9] o.s.s.w.a.Http403ForbiddenEntryPoint     : Pre-authenticated entry point called. Rejecting access
2025-07-08T16:22:19.479+08:00 DEBUG 8020 --- [MyWebProject] [http-nio-8080-exec-2] o.s.security.web.FilterChainProxy        : Securing GET /captcha
2025-07-08T16:22:19.480+08:00 DEBUG 8020 --- [MyWebProject] [http-nio-8080-exec-2] o.s.s.w.a.AnonymousAuthenticationFilter  : Set SecurityContextHolder to anonymous SecurityContext
2025-07-08T16:22:19.481+08:00 DEBUG 8020 --- [MyWebProject] [http-nio-8080-exec-2] o.s.security.web.FilterChainProxy        : Secured GET /captcha
2025-07-08T16:22:25.089+08:00 DEBUG 8020 --- [MyWebProject] [http-nio-8080-exec-7] o.s.security.web.FilterChainProxy        : Securing POST /login
2025-07-08T16:22:25.093+08:00 DEBUG 8020 --- [MyWebProject] [http-nio-8080-exec-7] o.s.s.w.a.AnonymousAuthenticationFilter  : Set SecurityContextHolder to anonymous SecurityContext
2025-07-08T16:22:25.100+08:00 DEBUG 8020 --- [MyWebProject] [http-nio-8080-exec-7] o.s.security.web.FilterChainProxy        : Secured POST /login
2025-07-08T16:22:25.102+08:00  INFO 8020 --- [MyWebProject] [http-nio-8080-exec-7] c.e.demo.controller.LoginRestController  : !!!!!!!!!! LOGIN API HAS BEEN CALLED !!!!!!!!!!
2025-07-08T16:22:25.121+08:00 DEBUG 8020 --- [MyWebProject] [http-nio-8080-exec-8] o.s.security.web.FilterChainProxy        : Securing GET /captcha
2025-07-08T16:22:25.124+08:00 DEBUG 8020 --- [MyWebProject] [http-nio-8080-exec-8] o.s.s.w.a.AnonymousAuthenticationFilter  : Set SecurityContextHolder to anonymous SecurityContext
2025-07-08T16:22:25.124+08:00 DEBUG 8020 --- [MyWebProject] [http-nio-8080-exec-8] o.s.security.web.FilterChainProxy        : Secured GET /captcha
2025-07-08T16:22:32.390+08:00 DEBUG 8020 --- [MyWebProject] [http-nio-8080-exec-10] o.s.security.web.FilterChainProxy        : Securing POST /login
2025-07-08T16:22:32.391+08:00 DEBUG 8020 --- [MyWebProject] [http-nio-8080-exec-10] o.s.s.w.a.AnonymousAuthenticationFilter  : Set SecurityContextHolder to anonymous SecurityContext
2025-07-08T16:22:32.391+08:00 DEBUG 8020 --- [MyWebProject] [http-nio-8080-exec-10] o.s.security.web.FilterChainProxy        : Secured POST /login
2025-07-08T16:22:32.393+08:00  INFO 8020 --- [MyWebProject] [http-nio-8080-exec-10] c.e.demo.controller.LoginRestController  : !!!!!!!!!! LOGIN API HAS BEEN CALLED !!!!!!!!!!
2025-07-08T16:22:32.529+08:00 DEBUG 8020 --- [MyWebProject] [http-nio-8080-exec-10] o.s.s.a.dao.DaoAuthenticationProvider    : Authenticated user
2025-07-08T16:22:35.319+08:00 DEBUG 8020 --- [MyWebProject] [http-nio-8080-exec-5] o.s.security.web.FilterChainProxy        : Securing GET /check-login
2025-07-08T16:22:35.319+08:00 DEBUG 8020 --- [MyWebProject] [http-nio-8080-exec-3] o.s.security.web.FilterChainProxy        : Securing GET /products
2025-07-08T16:22:35.323+08:00 DEBUG 8020 --- [MyWebProject] [http-nio-8080-exec-4] o.s.security.web.FilterChainProxy        : Securing GET /userinfo
2025-07-08T16:22:35.326+08:00 DEBUG 8020 --- [MyWebProject] [http-nio-8080-exec-5] .s.ChangeSessionIdAuthenticationStrategy : Changed session id from AD961417B8EA8511C0258AB788EA55E0
2025-07-08T16:22:35.326+08:00 DEBUG 8020 --- [MyWebProject] [http-nio-8080-exec-5] o.s.security.web.FilterChainProxy        : Secured GET /check-login
2025-07-08T16:22:35.327+08:00 DEBUG 8020 --- [MyWebProject] [http-nio-8080-exec-3] o.s.s.w.a.AnonymousAuthenticationFilter  : Set SecurityContextHolder to anonymous SecurityContext
2025-07-08T16:22:35.330+08:00 DEBUG 8020 --- [MyWebProject] [http-nio-8080-exec-4] o.s.security.web.FilterChainProxy        : Secured GET /userinfo
2025-07-08T16:22:35.328+08:00 DEBUG 8020 --- [MyWebProject] [http-nio-8080-exec-3] o.s.s.w.session.SessionManagementFilter  : Request requested invalid session id AD961417B8EA8511C0258AB788EA55E0
2025-07-08T16:22:35.330+08:00 DEBUG 8020 --- [MyWebProject] [http-nio-8080-exec-3] o.s.security.web.FilterChainProxy        : Secured GET /products
2025-07-08T16:22:35.362+08:00 DEBUG 8020 --- [MyWebProject] [http-nio-8080-exec-6] o.s.security.web.FilterChainProxy        : Securing GET /check-login
2025-07-08T16:22:35.372+08:00 DEBUG 8020 --- [MyWebProject] [http-nio-8080-exec-9] o.s.security.web.FilterChainProxy        : Securing GET /userinfo
2025-07-08T16:22:35.372+08:00 DEBUG 8020 --- [MyWebProject] [http-nio-8080-exec-6] o.s.security.web.FilterChainProxy        : Secured GET /check-login
2025-07-08T16:22:35.379+08:00 DEBUG 8020 --- [MyWebProject] [http-nio-8080-exec-9] o.s.security.web.FilterChainProxy        : Secured GET /userinfo
2025-07-08T16:22:35.388+08:00 DEBUG 8020 --- [MyWebProject] [http-nio-8080-exec-1] o.s.security.web.FilterChainProxy        : Securing GET /products
2025-07-08T16:22:35.389+08:00 DEBUG 8020 --- [MyWebProject] [http-nio-8080-exec-1] o.s.s.w.a.AnonymousAuthenticationFilter  : Set SecurityContextHolder to anonymous SecurityContext
2025-07-08T16:22:35.390+08:00 DEBUG 8020 --- [MyWebProject] [http-nio-8080-exec-1] o.s.s.w.session.SessionManagementFilter  : Request requested invalid session id AD961417B8EA8511C0258AB788EA55E0
2025-07-08T16:22:35.390+08:00 DEBUG 8020 --- [MyWebProject] [http-nio-8080-exec-1] o.s.security.web.FilterChainProxy        : Secured GET /products
2025-07-08T16:22:35.486+08:00 DEBUG 8020 --- [MyWebProject] [http-nio-8080-exec-2] o.s.security.web.FilterChainProxy        : Securing GET /check-login
2025-07-08T16:22:35.487+08:00 DEBUG 8020 --- [MyWebProject] [http-nio-8080-exec-7] o.s.security.web.FilterChainProxy        : Securing GET /userinfo
2025-07-08T16:22:35.492+08:00 DEBUG 8020 --- [MyWebProject] [http-nio-8080-exec-2] .s.ChangeSessionIdAuthenticationStrategy : Changed session id from D5B90A4A39E73F45E3C2C3EA0BBD9468
2025-07-08T16:22:35.493+08:00 DEBUG 8020 --- [MyWebProject] [http-nio-8080-exec-2] o.s.security.web.FilterChainProxy        : Secured GET /check-login
2025-07-08T16:22:35.493+08:00 DEBUG 8020 --- [MyWebProject] [http-nio-8080-exec-7] o.s.security.web.FilterChainProxy        : Secured GET /userinfo
2025-07-08T16:22:35.533+08:00 DEBUG 8020 --- [MyWebProject] [http-nio-8080-exec-8] o.s.security.web.FilterChainProxy        : Securing GET /check-login
2025-07-08T16:22:35.537+08:00 DEBUG 8020 --- [MyWebProject] [http-nio-8080-exec-10] o.s.security.web.FilterChainProxy        : Securing GET /userinfo
2025-07-08T16:22:35.541+08:00 DEBUG 8020 --- [MyWebProject] [http-nio-8080-exec-8] .s.ChangeSessionIdAuthenticationStrategy : Changed session id from 89CF00C85C9CE4EABBAC40B71EA20341
2025-07-08T16:22:35.541+08:00 DEBUG 8020 --- [MyWebProject] [http-nio-8080-exec-8] o.s.security.web.FilterChainProxy        : Secured GET /check-login
2025-07-08T16:22:35.542+08:00 DEBUG 8020 --- [MyWebProject] [http-nio-8080-exec-5] o.s.security.web.FilterChainProxy        : Securing GET /chatrooms?userId=4
2025-07-08T16:22:35.543+08:00 DEBUG 8020 --- [MyWebProject] [http-nio-8080-exec-10] o.s.security.web.FilterChainProxy        : Secured GET /userinfo
2025-07-08T16:22:35.551+08:00 DEBUG 8020 --- [MyWebProject] [http-nio-8080-exec-5] o.s.security.web.FilterChainProxy        : Secured GET /chatrooms?userId=4
2025-07-08T16:22:35.557+08:00 DEBUG 8020 --- [MyWebProject] [http-nio-8080-exec-4] o.s.security.web.FilterChainProxy        : Securing GET /store/all
2025-07-08T16:22:35.558+08:00 DEBUG 8020 --- [MyWebProject] [http-nio-8080-exec-4] o.s.s.w.a.AnonymousAuthenticationFilter  : Set SecurityContextHolder to anonymous SecurityContext
2025-07-08T16:22:35.559+08:00 DEBUG 8020 --- [MyWebProject] [http-nio-8080-exec-4] o.s.security.web.FilterChainProxy        : Secured GET /store/all
2025-07-08T16:22:35.619+08:00 DEBUG 8020 --- [MyWebProject] [http-nio-8080-exec-6] o.s.security.web.FilterChainProxy        : Securing GET /uploads/products/2_1751941101001_0.jpg
2025-07-08T16:22:35.619+08:00 DEBUG 8020 --- [MyWebProject] [http-nio-8080-exec-6] o.s.s.w.a.AnonymousAuthenticationFilter  : Set SecurityContextHolder to anonymous SecurityContext
2025-07-08T16:22:35.621+08:00 DEBUG 8020 --- [MyWebProject] [http-nio-8080-exec-6] o.s.security.web.FilterChainProxy        : Secured GET /uploads/products/2_1751941101001_0.jpg
2025-07-08T16:22:35.651+08:00 DEBUG 8020 --- [MyWebProject] [http-nio-8080-exec-3] o.s.security.web.FilterChainProxy        : Securing GET /store/all
2025-07-08T16:22:35.653+08:00 DEBUG 8020 --- [MyWebProject] [http-nio-8080-exec-3] o.s.s.w.a.AnonymousAuthenticationFilter  : Set SecurityContextHolder to anonymous SecurityContext
2025-07-08T16:22:35.654+08:00 DEBUG 8020 --- [MyWebProject] [http-nio-8080-exec-3] o.s.security.web.FilterChainProxy        : Secured GET /store/all
2025-07-08T16:22:35.704+08:00 DEBUG 8020 --- [MyWebProject] [http-nio-8080-exec-9] o.s.security.web.FilterChainProxy        : Securing GET /chatrooms?userId=4
2025-07-08T16:22:35.709+08:00 DEBUG 8020 --- [MyWebProject] [http-nio-8080-exec-9] .s.ChangeSessionIdAuthenticationStrategy : Changed session id from BB6CD0EC91EBDE438C858D47CA0D54A0
2025-07-08T16:22:35.709+08:00 DEBUG 8020 --- [MyWebProject] [http-nio-8080-exec-9] o.s.security.web.FilterChainProxy        : Secured GET /chatrooms?userId=4
2025-07-08T16:24:11.007+08:00 DEBUG 8020 --- [MyWebProject] [http-nio-8080-exec-6] o.s.security.web.FilterChainProxy        : Securing GET /logout
2025-07-08T16:24:11.024+08:00 DEBUG 8020 --- [MyWebProject] [http-nio-8080-exec-6] o.s.s.w.a.logout.LogoutFilter            : Logging out [null]
2025-07-08T16:24:11.025+08:00 DEBUG 8020 --- [MyWebProject] [http-nio-8080-exec-6] o.s.s.web.DefaultRedirectStrategy        : Redirecting to /login?logout
2025-07-08T16:24:11.052+08:00 DEBUG 8020 --- [MyWebProject] [http-nio-8080-exec-4] o.s.security.web.FilterChainProxy        : Securing GET /login?logout
2025-07-08T16:24:11.080+08:00 DEBUG 8020 --- [MyWebProject] [http-nio-8080-exec-4] o.s.security.web.FilterChainProxy        : Secured GET /login?logout
2025-07-08T16:24:11.084+08:00  WARN 8020 --- [MyWebProject] [http-nio-8080-exec-4] .w.s.m.s.DefaultHandlerExceptionResolver : Resolved [org.springframework.web.HttpRequestMethodNotSupportedException: Request method 'GET' is not supported]
2025-07-08T16:24:11.090+08:00 DEBUG 8020 --- [MyWebProject] [http-nio-8080-exec-4] o.s.security.web.FilterChainProxy        : Securing GET /error?logout
2025-07-08T16:24:11.090+08:00 DEBUG 8020 --- [MyWebProject] [http-nio-8080-exec-4] o.s.s.w.a.AnonymousAuthenticationFilter  : Set SecurityContextHolder to anonymous SecurityContext
2025-07-08T16:24:11.092+08:00 DEBUG 8020 --- [MyWebProject] [http-nio-8080-exec-4] o.s.s.w.a.Http403ForbiddenEntryPoint     : Pre-authenticated entry point called. Rejecting access
2025-07-08T16:24:12.260+08:00 DEBUG 8020 --- [MyWebProject] [http-nio-8080-exec-3] o.s.security.web.FilterChainProxy        : Securing GET /userinfo
2025-07-08T16:24:12.261+08:00 DEBUG 8020 --- [MyWebProject] [http-nio-8080-exec-5] o.s.security.web.FilterChainProxy        : Securing GET /check-login
2025-07-08T16:24:12.262+08:00 DEBUG 8020 --- [MyWebProject] [http-nio-8080-exec-3] o.s.s.w.a.AnonymousAuthenticationFilter  : Set SecurityContextHolder to anonymous SecurityContext
2025-07-08T16:24:12.262+08:00 DEBUG 8020 --- [MyWebProject] [http-nio-8080-exec-5] o.s.s.w.a.AnonymousAuthenticationFilter  : Set SecurityContextHolder to anonymous SecurityContext
2025-07-08T16:24:12.264+08:00 DEBUG 8020 --- [MyWebProject] [http-nio-8080-exec-5] o.s.s.w.a.Http403ForbiddenEntryPoint     : Pre-authenticated entry point called. Rejecting access
2025-07-08T16:24:12.264+08:00 DEBUG 8020 --- [MyWebProject] [http-nio-8080-exec-3] o.s.s.w.a.Http403ForbiddenEntryPoint     : Pre-authenticated entry point called. Rejecting access
2025-07-08T16:24:12.265+08:00 DEBUG 8020 --- [MyWebProject] [http-nio-8080-exec-5] o.s.security.web.FilterChainProxy        : Securing GET /error
2025-07-08T16:24:12.265+08:00 DEBUG 8020 --- [MyWebProject] [http-nio-8080-exec-3] o.s.security.web.FilterChainProxy        : Securing GET /error
2025-07-08T16:24:12.265+08:00 DEBUG 8020 --- [MyWebProject] [http-nio-8080-exec-5] o.s.s.w.a.AnonymousAuthenticationFilter  : Set SecurityContextHolder to anonymous SecurityContext
2025-07-08T16:24:12.266+08:00 DEBUG 8020 --- [MyWebProject] [http-nio-8080-exec-5] o.s.s.w.a.Http403ForbiddenEntryPoint     : Pre-authenticated entry point called. Rejecting access
2025-07-08T16:24:12.265+08:00 DEBUG 8020 --- [MyWebProject] [http-nio-8080-exec-3] o.s.s.w.a.AnonymousAuthenticationFilter  : Set SecurityContextHolder to anonymous SecurityContext
2025-07-08T16:24:12.269+08:00 DEBUG 8020 --- [MyWebProject] [http-nio-8080-exec-3] o.s.s.w.a.Http403ForbiddenEntryPoint     : Pre-authenticated entry point called. Rejecting access
2025-07-08T16:24:13.057+08:00 DEBUG 8020 --- [MyWebProject] [http-nio-8080-exec-9] o.s.security.web.FilterChainProxy        : Securing GET /check-login
2025-07-08T16:24:13.058+08:00 DEBUG 8020 --- [MyWebProject] [http-nio-8080-exec-9] o.s.s.w.a.AnonymousAuthenticationFilter  : Set SecurityContextHolder to anonymous SecurityContext
2025-07-08T16:24:13.059+08:00 DEBUG 8020 --- [MyWebProject] [http-nio-8080-exec-9] o.s.s.w.a.Http403ForbiddenEntryPoint     : Pre-authenticated entry point called. Rejecting access
2025-07-08T16:24:13.061+08:00 DEBUG 8020 --- [MyWebProject] [http-nio-8080-exec-9] o.s.security.web.FilterChainProxy        : Securing GET /error
2025-07-08T16:24:13.062+08:00 DEBUG 8020 --- [MyWebProject] [http-nio-8080-exec-9] o.s.s.w.a.AnonymousAuthenticationFilter  : Set SecurityContextHolder to anonymous SecurityContext
2025-07-08T16:24:13.062+08:00 DEBUG 8020 --- [MyWebProject] [http-nio-8080-exec-9] o.s.s.w.a.Http403ForbiddenEntryPoint     : Pre-authenticated entry point called. Rejecting access
2025-07-08T16:24:13.064+08:00 DEBUG 8020 --- [MyWebProject] [http-nio-8080-exec-10] o.s.security.web.FilterChainProxy        : Securing GET /captcha
2025-07-08T16:24:13.062+08:00 DEBUG 8020 --- [MyWebProject] [http-nio-8080-exec-2] o.s.security.web.FilterChainProxy        : Securing GET /userinfo
2025-07-08T16:24:13.064+08:00 DEBUG 8020 --- [MyWebProject] [http-nio-8080-exec-10] o.s.s.w.a.AnonymousAuthenticationFilter  : Set SecurityContextHolder to anonymous SecurityContext
2025-07-08T16:24:13.065+08:00 DEBUG 8020 --- [MyWebProject] [http-nio-8080-exec-10] o.s.security.web.FilterChainProxy        : Secured GET /captcha
2025-07-08T16:24:13.065+08:00 DEBUG 8020 --- [MyWebProject] [http-nio-8080-exec-2] o.s.s.w.a.AnonymousAuthenticationFilter  : Set SecurityContextHolder to anonymous SecurityContext
2025-07-08T16:24:13.072+08:00 DEBUG 8020 --- [MyWebProject] [http-nio-8080-exec-2] o.s.s.w.a.Http403ForbiddenEntryPoint     : Pre-authenticated entry point called. Rejecting access
2025-07-08T16:24:13.072+08:00 DEBUG 8020 --- [MyWebProject] [http-nio-8080-exec-9] o.s.security.web.FilterChainProxy        : Securing GET /check-login
2025-07-08T16:24:13.073+08:00 DEBUG 8020 --- [MyWebProject] [http-nio-8080-exec-2] o.s.security.web.FilterChainProxy        : Securing GET /error
2025-07-08T16:24:13.074+08:00 DEBUG 8020 --- [MyWebProject] [http-nio-8080-exec-2] o.s.s.w.a.AnonymousAuthenticationFilter  : Set SecurityContextHolder to anonymous SecurityContext
2025-07-08T16:24:13.074+08:00 DEBUG 8020 --- [MyWebProject] [http-nio-8080-exec-9] o.s.s.w.a.AnonymousAuthenticationFilter  : Set SecurityContextHolder to anonymous SecurityContext
2025-07-08T16:24:13.074+08:00 DEBUG 8020 --- [MyWebProject] [http-nio-8080-exec-2] o.s.s.w.a.Http403ForbiddenEntryPoint     : Pre-authenticated entry point called. Rejecting access
2025-07-08T16:24:13.081+08:00 DEBUG 8020 --- [MyWebProject] [http-nio-8080-exec-7] o.s.security.web.FilterChainProxy        : Securing GET /userinfo
2025-07-08T16:24:13.082+08:00 DEBUG 8020 --- [MyWebProject] [http-nio-8080-exec-7] o.s.s.w.a.AnonymousAuthenticationFilter  : Set SecurityContextHolder to anonymous SecurityContext
2025-07-08T16:24:13.082+08:00 DEBUG 8020 --- [MyWebProject] [http-nio-8080-exec-9] o.s.s.w.a.Http403ForbiddenEntryPoint     : Pre-authenticated entry point called. Rejecting access
2025-07-08T16:24:13.082+08:00 DEBUG 8020 --- [MyWebProject] [http-nio-8080-exec-7] o.s.s.w.a.Http403ForbiddenEntryPoint     : Pre-authenticated entry point called. Rejecting access
2025-07-08T16:24:13.084+08:00 DEBUG 8020 --- [MyWebProject] [http-nio-8080-exec-7] o.s.security.web.FilterChainProxy        : Securing GET /error
2025-07-08T16:24:13.085+08:00 DEBUG 8020 --- [MyWebProject] [http-nio-8080-exec-7] o.s.s.w.a.AnonymousAuthenticationFilter  : Set SecurityContextHolder to anonymous SecurityContext
2025-07-08T16:24:13.085+08:00 DEBUG 8020 --- [MyWebProject] [http-nio-8080-exec-9] o.s.security.web.FilterChainProxy        : Securing GET /error
2025-07-08T16:24:13.085+08:00 DEBUG 8020 --- [MyWebProject] [http-nio-8080-exec-7] o.s.s.w.a.Http403ForbiddenEntryPoint     : Pre-authenticated entry point called. Rejecting access
2025-07-08T16:24:13.085+08:00 DEBUG 8020 --- [MyWebProject] [http-nio-8080-exec-9] o.s.s.w.a.AnonymousAuthenticationFilter  : Set SecurityContextHolder to anonymous SecurityContext
2025-07-08T16:24:13.086+08:00 DEBUG 8020 --- [MyWebProject] [http-nio-8080-exec-9] o.s.s.w.a.Http403ForbiddenEntryPoint     : Pre-authenticated entry point called. Rejecting access
2025-07-08T16:24:13.325+08:00 DEBUG 8020 --- [MyWebProject] [http-nio-8080-exec-1] o.s.security.web.FilterChainProxy        : Securing GET /captcha
2025-07-08T16:24:13.330+08:00 DEBUG 8020 --- [MyWebProject] [http-nio-8080-exec-1] o.s.s.w.a.AnonymousAuthenticationFilter  : Set SecurityContextHolder to anonymous SecurityContext
2025-07-08T16:24:13.333+08:00 DEBUG 8020 --- [MyWebProject] [http-nio-8080-exec-1] o.s.security.web.FilterChainProxy        : Secured GET /captcha
2025-07-08T16:28:16.885+08:00  INFO 8020 --- [MyWebProject] [lettuce-eventExecutorLoop-1-2] i.l.core.protocol.ConnectionWatchdog     : Reconnecting, last destination was localhost/127.0.0.1:6379
2025-07-08T16:28:17.004+08:00  WARN 8020 --- [MyWebProject] [lettuce-nioEventLoop-4-2] i.l.core.protocol.ConnectionWatchdog     : Cannot reconnect to [localhost/<unresolved>:6379]: Connection refused: localhost/127.0.0.1:6379
2025-07-08T16:28:21.982+08:00  INFO 8020 --- [MyWebProject] [lettuce-eventExecutorLoop-1-4] i.l.core.protocol.ConnectionWatchdog     : Reconnecting, last destination was localhost/<unresolved>:6379
2025-07-08T16:28:21.984+08:00  WARN 8020 --- [MyWebProject] [lettuce-nioEventLoop-4-1] i.l.core.protocol.ConnectionWatchdog     : Cannot reconnect to [localhost/<unresolved>:6379]: Connection refused: localhost/127.0.0.1:6379
2025-07-08T16:28:33.205+08:00 DEBUG 8020 --- [MyWebProject] [http-nio-8080-exec-2] o.s.security.web.FilterChainProxy        : Securing GET /captcha
2025-07-08T16:28:33.207+08:00 DEBUG 8020 --- [MyWebProject] [http-nio-8080-exec-2] o.s.s.w.a.AnonymousAuthenticationFilter  : Set SecurityContextHolder to anonymous SecurityContext
2025-07-08T16:28:33.208+08:00 DEBUG 8020 --- [MyWebProject] [http-nio-8080-exec-2] o.s.security.web.FilterChainProxy        : Secured GET /captcha
2025-07-08T16:28:34.505+08:00  INFO 8020 --- [MyWebProject] [lettuce-eventExecutorLoop-1-3] i.l.core.protocol.ConnectionWatchdog     : Reconnecting, last destination was localhost/<unresolved>:6379
2025-07-08T16:28:34.514+08:00  WARN 8020 --- [MyWebProject] [lettuce-nioEventLoop-4-3] i.l.core.protocol.ConnectionWatchdog     : Cannot reconnect to [localhost/<unresolved>:6379]: Connection refused: localhost/127.0.0.1:6379
2025-07-08T16:28:42.568+08:00 DEBUG 8020 --- [MyWebProject] [http-nio-8080-exec-7] o.s.security.web.FilterChainProxy        : Securing GET /captcha
2025-07-08T16:28:42.576+08:00 DEBUG 8020 --- [MyWebProject] [http-nio-8080-exec-7] o.s.s.w.a.AnonymousAuthenticationFilter  : Set SecurityContextHolder to anonymous SecurityContext
2025-07-08T16:28:42.577+08:00 DEBUG 8020 --- [MyWebProject] [http-nio-8080-exec-7] o.s.security.web.FilterChainProxy        : Secured GET /captcha
2025-07-08T16:28:43.910+08:00 DEBUG 8020 --- [MyWebProject] [http-nio-8080-exec-9] o.s.security.web.FilterChainProxy        : Securing GET /check-login
2025-07-08T16:28:43.913+08:00 DEBUG 8020 --- [MyWebProject] [http-nio-8080-exec-9] o.s.s.w.a.AnonymousAuthenticationFilter  : Set SecurityContextHolder to anonymous SecurityContext
2025-07-08T16:28:43.914+08:00 DEBUG 8020 --- [MyWebProject] [http-nio-8080-exec-9] o.s.s.w.a.Http403ForbiddenEntryPoint     : Pre-authenticated entry point called. Rejecting access
2025-07-08T16:28:43.915+08:00 DEBUG 8020 --- [MyWebProject] [http-nio-8080-exec-9] o.s.security.web.FilterChainProxy        : Securing GET /error
2025-07-08T16:28:43.916+08:00 DEBUG 8020 --- [MyWebProject] [http-nio-8080-exec-9] o.s.s.w.a.AnonymousAuthenticationFilter  : Set SecurityContextHolder to anonymous SecurityContext
2025-07-08T16:28:43.916+08:00 DEBUG 8020 --- [MyWebProject] [http-nio-8080-exec-9] o.s.s.w.a.Http403ForbiddenEntryPoint     : Pre-authenticated entry point called. Rejecting access
2025-07-08T16:28:43.918+08:00 DEBUG 8020 --- [MyWebProject] [http-nio-8080-exec-10] o.s.security.web.FilterChainProxy        : Securing GET /userinfo
2025-07-08T16:28:43.921+08:00 DEBUG 8020 --- [MyWebProject] [http-nio-8080-exec-10] o.s.s.w.a.AnonymousAuthenticationFilter  : Set SecurityContextHolder to anonymous SecurityContext
2025-07-08T16:28:43.922+08:00 DEBUG 8020 --- [MyWebProject] [http-nio-8080-exec-10] o.s.s.w.a.Http403ForbiddenEntryPoint     : Pre-authenticated entry point called. Rejecting access
2025-07-08T16:28:43.926+08:00 DEBUG 8020 --- [MyWebProject] [http-nio-8080-exec-10] o.s.security.web.FilterChainProxy        : Securing GET /error
2025-07-08T16:28:43.926+08:00 DEBUG 8020 --- [MyWebProject] [http-nio-8080-exec-10] o.s.s.w.a.AnonymousAuthenticationFilter  : Set SecurityContextHolder to anonymous SecurityContext
2025-07-08T16:28:43.927+08:00 DEBUG 8020 --- [MyWebProject] [http-nio-8080-exec-10] o.s.s.w.a.Http403ForbiddenEntryPoint     : Pre-authenticated entry point called. Rejecting access
2025-07-08T16:28:43.930+08:00 DEBUG 8020 --- [MyWebProject] [http-nio-8080-exec-3] o.s.security.web.FilterChainProxy        : Securing GET /categories
2025-07-08T16:28:43.932+08:00 DEBUG 8020 --- [MyWebProject] [http-nio-8080-exec-3] o.s.s.w.a.AnonymousAuthenticationFilter  : Set SecurityContextHolder to anonymous SecurityContext
2025-07-08T16:28:43.933+08:00 DEBUG 8020 --- [MyWebProject] [http-nio-8080-exec-3] o.s.security.web.FilterChainProxy        : Secured GET /categories
2025-07-08T16:28:43.939+08:00 DEBUG 8020 --- [MyWebProject] [http-nio-8080-exec-1] o.s.security.web.FilterChainProxy        : Securing GET /captcha
2025-07-08T16:28:43.940+08:00 DEBUG 8020 --- [MyWebProject] [http-nio-8080-exec-1] o.s.s.w.a.AnonymousAuthenticationFilter  : Set SecurityContextHolder to anonymous SecurityContext
2025-07-08T16:28:43.942+08:00 DEBUG 8020 --- [MyWebProject] [http-nio-8080-exec-1] o.s.security.web.FilterChainProxy        : Secured GET /captcha
2025-07-08T16:28:43.963+08:00 DEBUG 8020 --- [MyWebProject] [http-nio-8080-exec-8] o.s.security.web.FilterChainProxy        : Securing GET /check-login
2025-07-08T16:28:43.964+08:00 DEBUG 8020 --- [MyWebProject] [http-nio-8080-exec-8] o.s.s.w.a.AnonymousAuthenticationFilter  : Set SecurityContextHolder to anonymous SecurityContext
2025-07-08T16:28:43.965+08:00 DEBUG 8020 --- [MyWebProject] [http-nio-8080-exec-8] o.s.s.w.a.Http403ForbiddenEntryPoint     : Pre-authenticated entry point called. Rejecting access
2025-07-08T16:28:43.966+08:00 DEBUG 8020 --- [MyWebProject] [http-nio-8080-exec-8] o.s.security.web.FilterChainProxy        : Securing GET /error
2025-07-08T16:28:43.967+08:00 DEBUG 8020 --- [MyWebProject] [http-nio-8080-exec-8] o.s.s.w.a.AnonymousAuthenticationFilter  : Set SecurityContextHolder to anonymous SecurityContext
2025-07-08T16:28:43.968+08:00 DEBUG 8020 --- [MyWebProject] [http-nio-8080-exec-8] o.s.s.w.a.Http403ForbiddenEntryPoint     : Pre-authenticated entry point called. Rejecting access
2025-07-08T16:28:43.984+08:00 DEBUG 8020 --- [MyWebProject] [http-nio-8080-exec-5] o.s.security.web.FilterChainProxy        : Securing GET /userinfo
2025-07-08T16:28:43.986+08:00 DEBUG 8020 --- [MyWebProject] [http-nio-8080-exec-5] o.s.s.w.a.AnonymousAuthenticationFilter  : Set SecurityContextHolder to anonymous SecurityContext
2025-07-08T16:28:43.986+08:00 DEBUG 8020 --- [MyWebProject] [http-nio-8080-exec-5] o.s.s.w.a.Http403ForbiddenEntryPoint     : Pre-authenticated entry point called. Rejecting access
2025-07-08T16:28:43.988+08:00 DEBUG 8020 --- [MyWebProject] [http-nio-8080-exec-5] o.s.security.web.FilterChainProxy        : Securing GET /error
2025-07-08T16:28:43.989+08:00 DEBUG 8020 --- [MyWebProject] [http-nio-8080-exec-5] o.s.s.w.a.AnonymousAuthenticationFilter  : Set SecurityContextHolder to anonymous SecurityContext
2025-07-08T16:28:43.990+08:00 DEBUG 8020 --- [MyWebProject] [http-nio-8080-exec-5] o.s.s.w.a.Http403ForbiddenEntryPoint     : Pre-authenticated entry point called. Rejecting access
2025-07-08T16:28:44.055+08:00 DEBUG 8020 --- [MyWebProject] [http-nio-8080-exec-6] o.s.security.web.FilterChainProxy        : Securing GET /categories
2025-07-08T16:28:44.057+08:00 DEBUG 8020 --- [MyWebProject] [http-nio-8080-exec-6] o.s.s.w.a.AnonymousAuthenticationFilter  : Set SecurityContextHolder to anonymous SecurityContext
2025-07-08T16:28:44.059+08:00 DEBUG 8020 --- [MyWebProject] [http-nio-8080-exec-6] o.s.security.web.FilterChainProxy        : Secured GET /categories
2025-07-08T16:28:50.981+08:00  INFO 8020 --- [MyWebProject] [lettuce-eventExecutorLoop-1-1] i.l.core.protocol.ConnectionWatchdog     : Reconnecting, last destination was localhost/<unresolved>:6379
2025-07-08T16:28:50.985+08:00  WARN 8020 --- [MyWebProject] [lettuce-nioEventLoop-4-4] i.l.core.protocol.ConnectionWatchdog     : Cannot reconnect to [localhost/<unresolved>:6379]: Connection refused: localhost/127.0.0.1:6379
2025-07-08T16:29:04.105+08:00 DEBUG 8020 --- [MyWebProject] [http-nio-8080-exec-4] o.s.security.web.FilterChainProxy        : Securing GET /captcha
2025-07-08T16:29:04.122+08:00 DEBUG 8020 --- [MyWebProject] [http-nio-8080-exec-4] o.s.s.w.a.AnonymousAuthenticationFilter  : Set SecurityContextHolder to anonymous SecurityContext
2025-07-08T16:29:04.129+08:00 DEBUG 8020 --- [MyWebProject] [http-nio-8080-exec-4] o.s.security.web.FilterChainProxy        : Secured GET /captcha
2025-07-08T16:29:06.326+08:00 DEBUG 8020 --- [MyWebProject] [http-nio-8080-exec-9] o.s.security.web.FilterChainProxy        : Securing GET /captcha
2025-07-08T16:29:06.330+08:00 DEBUG 8020 --- [MyWebProject] [http-nio-8080-exec-9] o.s.s.w.a.AnonymousAuthenticationFilter  : Set SecurityContextHolder to anonymous SecurityContext
2025-07-08T16:29:06.330+08:00 DEBUG 8020 --- [MyWebProject] [http-nio-8080-exec-9] o.s.security.web.FilterChainProxy        : Secured GET /captcha
2025-07-08T16:29:06.895+08:00 DEBUG 8020 --- [MyWebProject] [http-nio-8080-exec-10] o.s.security.web.FilterChainProxy        : Securing GET /captcha
2025-07-08T16:29:06.896+08:00 DEBUG 8020 --- [MyWebProject] [http-nio-8080-exec-10] o.s.s.w.a.AnonymousAuthenticationFilter  : Set SecurityContextHolder to anonymous SecurityContext
2025-07-08T16:29:06.897+08:00 DEBUG 8020 --- [MyWebProject] [http-nio-8080-exec-10] o.s.security.web.FilterChainProxy        : Secured GET /captcha
2025-07-08T16:29:21.079+08:00  INFO 8020 --- [MyWebProject] [lettuce-eventExecutorLoop-1-1] i.l.core.protocol.ConnectionWatchdog     : Reconnecting, last destination was localhost/<unresolved>:6379
2025-07-08T16:29:21.083+08:00  WARN 8020 --- [MyWebProject] [lettuce-nioEventLoop-4-1] i.l.core.protocol.ConnectionWatchdog     : Cannot reconnect to [localhost/<unresolved>:6379]: Connection refused: localhost/127.0.0.1:6379
2025-07-08T16:29:33.297+08:00 ERROR 8020 --- [MyWebProject] [http-nio-8080-exec-2] o.a.c.c.C.[.[.[/].[dispatcherServlet]    : Servlet.service() for servlet [dispatcherServlet] in context with path [] threw exception [Request processing failed: org.springframework.dao.QueryTimeoutException: Redis command timed out] with root cause

io.lettuce.core.RedisCommandTimeoutException: Command timed out after 1 minute(s)
	at io.lettuce.core.internal.ExceptionFactory.createTimeoutException(ExceptionFactory.java:63) ~[lettuce-core-6.4.2.RELEASE.jar:6.4.2.RELEASE/f4dfb40]
	at io.lettuce.core.internal.Futures.awaitOrCancel(Futures.java:233) ~[lettuce-core-6.4.2.RELEASE.jar:6.4.2.RELEASE/f4dfb40]
	at io.lettuce.core.LettuceFutures.awaitOrCancel(LettuceFutures.java:59) ~[lettuce-core-6.4.2.RELEASE.jar:6.4.2.RELEASE/f4dfb40]
	at org.springframework.data.redis.connection.lettuce.LettuceConnection.await(LettuceConnection.java:1010) ~[spring-data-redis-3.4.5.jar:3.4.5]
	at org.springframework.data.redis.connection.lettuce.LettuceConnection.lambda$doInvoke$3(LettuceConnection.java:447) ~[spring-data-redis-3.4.5.jar:3.4.5]
	at org.springframework.data.redis.connection.lettuce.LettuceInvoker$Synchronizer.invoke(LettuceInvoker.java:673) ~[spring-data-redis-3.4.5.jar:3.4.5]
	at org.springframework.data.redis.connection.lettuce.LettuceInvoker$DefaultSingleInvocationSpec.get(LettuceInvoker.java:589) ~[spring-data-redis-3.4.5.jar:3.4.5]
	at org.springframework.data.redis.connection.lettuce.LettuceStringCommands.set(LettuceStringCommands.java:102) ~[spring-data-redis-3.4.5.jar:3.4.5]
	at org.springframework.data.redis.connection.DefaultedRedisConnection.set(DefaultedRedisConnection.java:319) ~[spring-data-redis-3.4.5.jar:3.4.5]
	at org.springframework.data.redis.connection.DefaultStringRedisConnection.set(DefaultStringRedisConnection.java:765) ~[spring-data-redis-3.4.5.jar:3.4.5]
	at org.springframework.data.redis.core.DefaultValueOperations.lambda$set$14(DefaultValueOperations.java:199) ~[spring-data-redis-3.4.5.jar:3.4.5]
	at org.springframework.data.redis.core.RedisTemplate.execute(RedisTemplate.java:411) ~[spring-data-redis-3.4.5.jar:3.4.5]
	at org.springframework.data.redis.core.RedisTemplate.execute(RedisTemplate.java:378) ~[spring-data-redis-3.4.5.jar:3.4.5]
	at org.springframework.data.redis.core.AbstractOperations.execute(AbstractOperations.java:117) ~[spring-data-redis-3.4.5.jar:3.4.5]
	at org.springframework.data.redis.core.DefaultValueOperations.set(DefaultValueOperations.java:199) ~[spring-data-redis-3.4.5.jar:3.4.5]
	at com.example.demo.controller.AuthCodeController.authcode(AuthCodeController.java:40) ~[classes/:na]
	at java.base/jdk.internal.reflect.DirectMethodHandleAccessor.invoke(DirectMethodHandleAccessor.java:103) ~[na:na]
	at java.base/java.lang.reflect.Method.invoke(Method.java:580) ~[na:na]
	at org.springframework.web.method.support.InvocableHandlerMethod.doInvoke(InvocableHandlerMethod.java:258) ~[spring-web-6.2.6.jar:6.2.6]
	at org.springframework.web.method.support.InvocableHandlerMethod.invokeForRequest(InvocableHandlerMethod.java:191) ~[spring-web-6.2.6.jar:6.2.6]
	at org.springframework.web.servlet.mvc.method.annotation.ServletInvocableHandlerMethod.invokeAndHandle(ServletInvocableHandlerMethod.java:118) ~[spring-webmvc-6.2.6.jar:6.2.6]
	at org.springframework.web.servlet.mvc.method.annotation.RequestMappingHandlerAdapter.invokeHandlerMethod(RequestMappingHandlerAdapter.java:986) ~[spring-webmvc-6.2.6.jar:6.2.6]
	at org.springframework.web.servlet.mvc.method.annotation.RequestMappingHandlerAdapter.handleInternal(RequestMappingHandlerAdapter.java:891) ~[spring-webmvc-6.2.6.jar:6.2.6]
	at org.springframework.web.servlet.mvc.method.AbstractHandlerMethodAdapter.handle(AbstractHandlerMethodAdapter.java:87) ~[spring-webmvc-6.2.6.jar:6.2.6]
	at org.springframework.web.servlet.DispatcherServlet.doDispatch(DispatcherServlet.java:1089) ~[spring-webmvc-6.2.6.jar:6.2.6]
	at org.springframework.web.servlet.DispatcherServlet.doService(DispatcherServlet.java:979) ~[spring-webmvc-6.2.6.jar:6.2.6]
	at org.springframework.web.servlet.FrameworkServlet.processRequest(FrameworkServlet.java:1014) ~[spring-webmvc-6.2.6.jar:6.2.6]
	at org.springframework.web.servlet.FrameworkServlet.doGet(FrameworkServlet.java:903) ~[spring-webmvc-6.2.6.jar:6.2.6]
	at jakarta.servlet.http.HttpServlet.service(HttpServlet.java:564) ~[tomcat-embed-core-10.1.40.jar:6.0]
	at org.springframework.web.servlet.FrameworkServlet.service(FrameworkServlet.java:885) ~[spring-webmvc-6.2.6.jar:6.2.6]
	at jakarta.servlet.http.HttpServlet.service(HttpServlet.java:658) ~[tomcat-embed-core-10.1.40.jar:6.0]
	at org.apache.catalina.core.ApplicationFilterChain.internalDoFilter(ApplicationFilterChain.java:195) ~[tomcat-embed-core-10.1.40.jar:10.1.40]
	at org.apache.catalina.core.ApplicationFilterChain.doFilter(ApplicationFilterChain.java:140) ~[tomcat-embed-core-10.1.40.jar:10.1.40]
	at org.apache.tomcat.websocket.server.WsFilter.doFilter(WsFilter.java:51) ~[tomcat-embed-websocket-10.1.40.jar:10.1.40]
	at org.apache.catalina.core.ApplicationFilterChain.internalDoFilter(ApplicationFilterChain.java:164) ~[tomcat-embed-core-10.1.40.jar:10.1.40]
	at org.apache.catalina.core.ApplicationFilterChain.doFilter(ApplicationFilterChain.java:140) ~[tomcat-embed-core-10.1.40.jar:10.1.40]
	at org.springframework.web.filter.OncePerRequestFilter.doFilter(OncePerRequestFilter.java:110) ~[spring-web-6.2.6.jar:6.2.6]
	at org.apache.catalina.core.ApplicationFilterChain.internalDoFilter(ApplicationFilterChain.java:164) ~[tomcat-embed-core-10.1.40.jar:10.1.40]
	at org.apache.catalina.core.ApplicationFilterChain.doFilter(ApplicationFilterChain.java:140) ~[tomcat-embed-core-10.1.40.jar:10.1.40]
	at org.springframework.web.filter.CompositeFilter$VirtualFilterChain.doFilter(CompositeFilter.java:108) ~[spring-web-6.2.6.jar:6.2.6]
	at org.springframework.security.web.FilterChainProxy.lambda$doFilterInternal$3(FilterChainProxy.java:231) ~[spring-security-web-6.4.5.jar:6.4.5]
	at org.springframework.security.web.FilterChainProxy$VirtualFilterChain.doFilter(FilterChainProxy.java:365) ~[spring-security-web-6.4.5.jar:6.4.5]
	at org.springframework.security.web.access.intercept.AuthorizationFilter.doFilter(AuthorizationFilter.java:101) ~[spring-security-web-6.4.5.jar:6.4.5]
	at org.springframework.security.web.FilterChainProxy$VirtualFilterChain.doFilter(FilterChainProxy.java:374) ~[spring-security-web-6.4.5.jar:6.4.5]
	at org.springframework.security.web.access.ExceptionTranslationFilter.doFilter(ExceptionTranslationFilter.java:126) ~[spring-security-web-6.4.5.jar:6.4.5]
	at org.springframework.security.web.access.ExceptionTranslationFilter.doFilter(ExceptionTranslationFilter.java:120) ~[spring-security-web-6.4.5.jar:6.4.5]
	at org.springframework.security.web.FilterChainProxy$VirtualFilterChain.doFilter(FilterChainProxy.java:374) ~[spring-security-web-6.4.5.jar:6.4.5]
	at org.springframework.security.web.session.SessionManagementFilter.doFilter(SessionManagementFilter.java:131) ~[spring-security-web-6.4.5.jar:6.4.5]
	at org.springframework.security.web.session.SessionManagementFilter.doFilter(SessionManagementFilter.java:85) ~[spring-security-web-6.4.5.jar:6.4.5]
	at org.springframework.security.web.FilterChainProxy$VirtualFilterChain.doFilter(FilterChainProxy.java:374) ~[spring-security-web-6.4.5.jar:6.4.5]
	at org.springframework.security.web.authentication.AnonymousAuthenticationFilter.doFilter(AnonymousAuthenticationFilter.java:100) ~[spring-security-web-6.4.5.jar:6.4.5]
	at org.springframework.security.web.FilterChainProxy$VirtualFilterChain.doFilter(FilterChainProxy.java:374) ~[spring-security-web-6.4.5.jar:6.4.5]
	at org.springframework.security.web.servletapi.SecurityContextHolderAwareRequestFilter.doFilter(SecurityContextHolderAwareRequestFilter.java:179) ~[spring-security-web-6.4.5.jar:6.4.5]
	at org.springframework.security.web.FilterChainProxy$VirtualFilterChain.doFilter(FilterChainProxy.java:374) ~[spring-security-web-6.4.5.jar:6.4.5]
	at org.springframework.security.web.savedrequest.RequestCacheAwareFilter.doFilter(RequestCacheAwareFilter.java:63) ~[spring-security-web-6.4.5.jar:6.4.5]
	at org.springframework.security.web.FilterChainProxy$VirtualFilterChain.doFilter(FilterChainProxy.java:374) ~[spring-security-web-6.4.5.jar:6.4.5]
	at com.example.demo.filter.JwtRequestFilter.doFilterInternal(JwtRequestFilter.java:55) ~[classes/:na]
	at org.springframework.web.filter.OncePerRequestFilter.doFilter(OncePerRequestFilter.java:116) ~[spring-web-6.2.6.jar:6.2.6]
	at org.springframework.security.web.FilterChainProxy$VirtualFilterChain.doFilter(FilterChainProxy.java:374) ~[spring-security-web-6.4.5.jar:6.4.5]
	at org.springframework.security.web.authentication.logout.LogoutFilter.doFilter(LogoutFilter.java:107) ~[spring-security-web-6.4.5.jar:6.4.5]
	at org.springframework.security.web.authentication.logout.LogoutFilter.doFilter(LogoutFilter.java:93) ~[spring-security-web-6.4.5.jar:6.4.5]
	at org.springframework.security.web.FilterChainProxy$VirtualFilterChain.doFilter(FilterChainProxy.java:374) ~[spring-security-web-6.4.5.jar:6.4.5]
	at org.springframework.web.filter.CorsFilter.doFilterInternal(CorsFilter.java:91) ~[spring-web-6.2.6.jar:6.2.6]
	at org.springframework.web.filter.OncePerRequestFilter.doFilter(OncePerRequestFilter.java:116) ~[spring-web-6.2.6.jar:6.2.6]
	at org.springframework.security.web.FilterChainProxy$VirtualFilterChain.doFilter(FilterChainProxy.java:374) ~[spring-security-web-6.4.5.jar:6.4.5]
	at org.springframework.security.web.header.HeaderWriterFilter.doHeadersAfter(HeaderWriterFilter.java:90) ~[spring-security-web-6.4.5.jar:6.4.5]
	at org.springframework.security.web.header.HeaderWriterFilter.doFilterInternal(HeaderWriterFilter.java:75) ~[spring-security-web-6.4.5.jar:6.4.5]
	at org.springframework.web.filter.OncePerRequestFilter.doFilter(OncePerRequestFilter.java:116) ~[spring-web-6.2.6.jar:6.2.6]
	at org.springframework.security.web.FilterChainProxy$VirtualFilterChain.doFilter(FilterChainProxy.java:374) ~[spring-security-web-6.4.5.jar:6.4.5]
	at org.springframework.security.web.context.SecurityContextHolderFilter.doFilter(SecurityContextHolderFilter.java:82) ~[spring-security-web-6.4.5.jar:6.4.5]
	at org.springframework.security.web.context.SecurityContextHolderFilter.doFilter(SecurityContextHolderFilter.java:69) ~[spring-security-web-6.4.5.jar:6.4.5]
	at org.springframework.security.web.FilterChainProxy$VirtualFilterChain.doFilter(FilterChainProxy.java:374) ~[spring-security-web-6.4.5.jar:6.4.5]
	at org.springframework.security.web.context.request.async.WebAsyncManagerIntegrationFilter.doFilterInternal(WebAsyncManagerIntegrationFilter.java:62) ~[spring-security-web-6.4.5.jar:6.4.5]
	at org.springframework.web.filter.OncePerRequestFilter.doFilter(OncePerRequestFilter.java:116) ~[spring-web-6.2.6.jar:6.2.6]
	at org.springframework.security.web.FilterChainProxy$VirtualFilterChain.doFilter(FilterChainProxy.java:374) ~[spring-security-web-6.4.5.jar:6.4.5]
	at org.springframework.security.web.session.DisableEncodeUrlFilter.doFilterInternal(DisableEncodeUrlFilter.java:42) ~[spring-security-web-6.4.5.jar:6.4.5]
	at org.springframework.web.filter.OncePerRequestFilter.doFilter(OncePerRequestFilter.java:116) ~[spring-web-6.2.6.jar:6.2.6]
	at org.springframework.security.web.FilterChainProxy$VirtualFilterChain.doFilter(FilterChainProxy.java:374) ~[spring-security-web-6.4.5.jar:6.4.5]
	at org.springframework.security.web.FilterChainProxy.doFilterInternal(FilterChainProxy.java:233) ~[spring-security-web-6.4.5.jar:6.4.5]
	at org.springframework.security.web.FilterChainProxy.doFilter(FilterChainProxy.java:191) ~[spring-security-web-6.4.5.jar:6.4.5]
	at org.springframework.web.filter.CompositeFilter$VirtualFilterChain.doFilter(CompositeFilter.java:113) ~[spring-web-6.2.6.jar:6.2.6]
	at org.springframework.web.servlet.handler.HandlerMappingIntrospector.lambda$createCacheFilter$3(HandlerMappingIntrospector.java:243) ~[spring-webmvc-6.2.6.jar:6.2.6]
	at org.springframework.web.filter.CompositeFilter$VirtualFilterChain.doFilter(CompositeFilter.java:113) ~[spring-web-6.2.6.jar:6.2.6]
	at org.springframework.web.filter.CompositeFilter.doFilter(CompositeFilter.java:74) ~[spring-web-6.2.6.jar:6.2.6]
	at org.springframework.security.config.annotation.web.configuration.WebMvcSecurityConfiguration$CompositeFilterChainProxy.doFilter(WebMvcSecurityConfiguration.java:238) ~[spring-security-config-6.4.5.jar:6.4.5]
	at org.springframework.web.filter.DelegatingFilterProxy.invokeDelegate(DelegatingFilterProxy.java:362) ~[spring-web-6.2.6.jar:6.2.6]
	at org.springframework.web.filter.DelegatingFilterProxy.doFilter(DelegatingFilterProxy.java:278) ~[spring-web-6.2.6.jar:6.2.6]
	at org.apache.catalina.core.ApplicationFilterChain.internalDoFilter(ApplicationFilterChain.java:164) ~[tomcat-embed-core-10.1.40.jar:10.1.40]
	at org.apache.catalina.core.ApplicationFilterChain.doFilter(ApplicationFilterChain.java:140) ~[tomcat-embed-core-10.1.40.jar:10.1.40]
	at org.springframework.web.filter.RequestContextFilter.doFilterInternal(RequestContextFilter.java:100) ~[spring-web-6.2.6.jar:6.2.6]
	at org.springframework.web.filter.OncePerRequestFilter.doFilter(OncePerRequestFilter.java:116) ~[spring-web-6.2.6.jar:6.2.6]
	at org.apache.catalina.core.ApplicationFilterChain.internalDoFilter(ApplicationFilterChain.java:164) ~[tomcat-embed-core-10.1.40.jar:10.1.40]
	at org.apache.catalina.core.ApplicationFilterChain.doFilter(ApplicationFilterChain.java:140) ~[tomcat-embed-core-10.1.40.jar:10.1.40]
	at org.springframework.web.filter.FormContentFilter.doFilterInternal(FormContentFilter.java:93) ~[spring-web-6.2.6.jar:6.2.6]
	at org.springframework.web.filter.OncePerRequestFilter.doFilter(OncePerRequestFilter.java:116) ~[spring-web-6.2.6.jar:6.2.6]
	at org.apache.catalina.core.ApplicationFilterChain.internalDoFilter(ApplicationFilterChain.java:164) ~[tomcat-embed-core-10.1.40.jar:10.1.40]
	at org.apache.catalina.core.ApplicationFilterChain.doFilter(ApplicationFilterChain.java:140) ~[tomcat-embed-core-10.1.40.jar:10.1.40]
	at org.springframework.web.filter.HiddenHttpMethodFilter.doFilterInternal(HiddenHttpMethodFilter.java:91) ~[spring-web-6.2.6.jar:6.2.6]
	at org.springframework.web.filter.OncePerRequestFilter.doFilter(OncePerRequestFilter.java:116) ~[spring-web-6.2.6.jar:6.2.6]
	at org.apache.catalina.core.ApplicationFilterChain.internalDoFilter(ApplicationFilterChain.java:164) ~[tomcat-embed-core-10.1.40.jar:10.1.40]
	at org.apache.catalina.core.ApplicationFilterChain.doFilter(ApplicationFilterChain.java:140) ~[tomcat-embed-core-10.1.40.jar:10.1.40]
	at org.springframework.web.filter.CharacterEncodingFilter.doFilterInternal(CharacterEncodingFilter.java:201) ~[spring-web-6.2.6.jar:6.2.6]
	at org.springframework.web.filter.OncePerRequestFilter.doFilter(OncePerRequestFilter.java:116) ~[spring-web-6.2.6.jar:6.2.6]
	at org.apache.catalina.core.ApplicationFilterChain.internalDoFilter(ApplicationFilterChain.java:164) ~[tomcat-embed-core-10.1.40.jar:10.1.40]
	at org.apache.catalina.core.ApplicationFilterChain.doFilter(ApplicationFilterChain.java:140) ~[tomcat-embed-core-10.1.40.jar:10.1.40]
	at org.apache.catalina.core.StandardWrapperValve.invoke(StandardWrapperValve.java:167) ~[tomcat-embed-core-10.1.40.jar:10.1.40]
	at org.apache.catalina.core.StandardContextValve.invoke(StandardContextValve.java:90) ~[tomcat-embed-core-10.1.40.jar:10.1.40]
	at org.apache.catalina.authenticator.AuthenticatorBase.invoke(AuthenticatorBase.java:483) ~[tomcat-embed-core-10.1.40.jar:10.1.40]
	at org.apache.catalina.core.StandardHostValve.invoke(StandardHostValve.java:116) ~[tomcat-embed-core-10.1.40.jar:10.1.40]
	at org.apache.catalina.valves.ErrorReportValve.invoke(ErrorReportValve.java:93) ~[tomcat-embed-core-10.1.40.jar:10.1.40]
	at org.apache.catalina.core.StandardEngineValve.invoke(StandardEngineValve.java:74) ~[tomcat-embed-core-10.1.40.jar:10.1.40]
	at org.apache.catalina.connector.CoyoteAdapter.service(CoyoteAdapter.java:344) ~[tomcat-embed-core-10.1.40.jar:10.1.40]
	at org.apache.coyote.http11.Http11Processor.service(Http11Processor.java:398) ~[tomcat-embed-core-10.1.40.jar:10.1.40]
	at org.apache.coyote.AbstractProcessorLight.process(AbstractProcessorLight.java:63) ~[tomcat-embed-core-10.1.40.jar:10.1.40]
	at org.apache.coyote.AbstractProtocol$ConnectionHandler.process(AbstractProtocol.java:903) ~[tomcat-embed-core-10.1.40.jar:10.1.40]
	at org.apache.tomcat.util.net.NioEndpoint$SocketProcessor.doRun(NioEndpoint.java:1740) ~[tomcat-embed-core-10.1.40.jar:10.1.40]
	at org.apache.tomcat.util.net.SocketProcessorBase.run(SocketProcessorBase.java:52) ~[tomcat-embed-core-10.1.40.jar:10.1.40]
	at org.apache.tomcat.util.threads.ThreadPoolExecutor.runWorker(ThreadPoolExecutor.java:1189) ~[tomcat-embed-core-10.1.40.jar:10.1.40]
	at org.apache.tomcat.util.threads.ThreadPoolExecutor$Worker.run(ThreadPoolExecutor.java:658) ~[tomcat-embed-core-10.1.40.jar:10.1.40]
	at org.apache.tomcat.util.threads.TaskThread$WrappingRunnable.run(TaskThread.java:63) ~[tomcat-embed-core-10.1.40.jar:10.1.40]
	at java.base/java.lang.Thread.run(Thread.java:1570) ~[na:na]

2025-07-08T16:29:33.368+08:00 DEBUG 8020 --- [MyWebProject] [http-nio-8080-exec-2] o.s.security.web.FilterChainProxy        : Securing GET /error
2025-07-08T16:29:33.369+08:00 DEBUG 8020 --- [MyWebProject] [http-nio-8080-exec-2] o.s.s.w.a.AnonymousAuthenticationFilter  : Set SecurityContextHolder to anonymous SecurityContext
2025-07-08T16:29:33.370+08:00 DEBUG 8020 --- [MyWebProject] [http-nio-8080-exec-2] o.s.s.w.a.Http403ForbiddenEntryPoint     : Pre-authenticated entry point called. Rejecting access
2025-07-08T16:29:42.725+08:00 ERROR 8020 --- [MyWebProject] [http-nio-8080-exec-7] o.a.c.c.C.[.[.[/].[dispatcherServlet]    : Servlet.service() for servlet [dispatcherServlet] in context with path [] threw exception [Request processing failed: org.springframework.dao.QueryTimeoutException: Redis command timed out] with root cause

io.lettuce.core.RedisCommandTimeoutException: Command timed out after 1 minute(s)
	at io.lettuce.core.internal.ExceptionFactory.createTimeoutException(ExceptionFactory.java:63) ~[lettuce-core-6.4.2.RELEASE.jar:6.4.2.RELEASE/f4dfb40]
	at io.lettuce.core.internal.Futures.awaitOrCancel(Futures.java:233) ~[lettuce-core-6.4.2.RELEASE.jar:6.4.2.RELEASE/f4dfb40]
	at io.lettuce.core.LettuceFutures.awaitOrCancel(LettuceFutures.java:59) ~[lettuce-core-6.4.2.RELEASE.jar:6.4.2.RELEASE/f4dfb40]
	at org.springframework.data.redis.connection.lettuce.LettuceConnection.await(LettuceConnection.java:1010) ~[spring-data-redis-3.4.5.jar:3.4.5]
	at org.springframework.data.redis.connection.lettuce.LettuceConnection.lambda$doInvoke$3(LettuceConnection.java:447) ~[spring-data-redis-3.4.5.jar:3.4.5]
	at org.springframework.data.redis.connection.lettuce.LettuceInvoker$Synchronizer.invoke(LettuceInvoker.java:673) ~[spring-data-redis-3.4.5.jar:3.4.5]
	at org.springframework.data.redis.connection.lettuce.LettuceInvoker$DefaultSingleInvocationSpec.get(LettuceInvoker.java:589) ~[spring-data-redis-3.4.5.jar:3.4.5]
	at org.springframework.data.redis.connection.lettuce.LettuceStringCommands.set(LettuceStringCommands.java:102) ~[spring-data-redis-3.4.5.jar:3.4.5]
	at org.springframework.data.redis.connection.DefaultedRedisConnection.set(DefaultedRedisConnection.java:319) ~[spring-data-redis-3.4.5.jar:3.4.5]
	at org.springframework.data.redis.connection.DefaultStringRedisConnection.set(DefaultStringRedisConnection.java:765) ~[spring-data-redis-3.4.5.jar:3.4.5]
	at org.springframework.data.redis.core.DefaultValueOperations.lambda$set$14(DefaultValueOperations.java:199) ~[spring-data-redis-3.4.5.jar:3.4.5]
	at org.springframework.data.redis.core.RedisTemplate.execute(RedisTemplate.java:411) ~[spring-data-redis-3.4.5.jar:3.4.5]
	at org.springframework.data.redis.core.RedisTemplate.execute(RedisTemplate.java:378) ~[spring-data-redis-3.4.5.jar:3.4.5]
	at org.springframework.data.redis.core.AbstractOperations.execute(AbstractOperations.java:117) ~[spring-data-redis-3.4.5.jar:3.4.5]
	at org.springframework.data.redis.core.DefaultValueOperations.set(DefaultValueOperations.java:199) ~[spring-data-redis-3.4.5.jar:3.4.5]
	at com.example.demo.controller.AuthCodeController.authcode(AuthCodeController.java:40) ~[classes/:na]
	at java.base/jdk.internal.reflect.DirectMethodHandleAccessor.invoke(DirectMethodHandleAccessor.java:103) ~[na:na]
	at java.base/java.lang.reflect.Method.invoke(Method.java:580) ~[na:na]
	at org.springframework.web.method.support.InvocableHandlerMethod.doInvoke(InvocableHandlerMethod.java:258) ~[spring-web-6.2.6.jar:6.2.6]
	at org.springframework.web.method.support.InvocableHandlerMethod.invokeForRequest(InvocableHandlerMethod.java:191) ~[spring-web-6.2.6.jar:6.2.6]
	at org.springframework.web.servlet.mvc.method.annotation.ServletInvocableHandlerMethod.invokeAndHandle(ServletInvocableHandlerMethod.java:118) ~[spring-webmvc-6.2.6.jar:6.2.6]
	at org.springframework.web.servlet.mvc.method.annotation.RequestMappingHandlerAdapter.invokeHandlerMethod(RequestMappingHandlerAdapter.java:986) ~[spring-webmvc-6.2.6.jar:6.2.6]
	at org.springframework.web.servlet.mvc.method.annotation.RequestMappingHandlerAdapter.handleInternal(RequestMappingHandlerAdapter.java:891) ~[spring-webmvc-6.2.6.jar:6.2.6]
	at org.springframework.web.servlet.mvc.method.AbstractHandlerMethodAdapter.handle(AbstractHandlerMethodAdapter.java:87) ~[spring-webmvc-6.2.6.jar:6.2.6]
	at org.springframework.web.servlet.DispatcherServlet.doDispatch(DispatcherServlet.java:1089) ~[spring-webmvc-6.2.6.jar:6.2.6]
	at org.springframework.web.servlet.DispatcherServlet.doService(DispatcherServlet.java:979) ~[spring-webmvc-6.2.6.jar:6.2.6]
	at org.springframework.web.servlet.FrameworkServlet.processRequest(FrameworkServlet.java:1014) ~[spring-webmvc-6.2.6.jar:6.2.6]
	at org.springframework.web.servlet.FrameworkServlet.doGet(FrameworkServlet.java:903) ~[spring-webmvc-6.2.6.jar:6.2.6]
	at jakarta.servlet.http.HttpServlet.service(HttpServlet.java:564) ~[tomcat-embed-core-10.1.40.jar:6.0]
	at org.springframework.web.servlet.FrameworkServlet.service(FrameworkServlet.java:885) ~[spring-webmvc-6.2.6.jar:6.2.6]
	at jakarta.servlet.http.HttpServlet.service(HttpServlet.java:658) ~[tomcat-embed-core-10.1.40.jar:6.0]
	at org.apache.catalina.core.ApplicationFilterChain.internalDoFilter(ApplicationFilterChain.java:195) ~[tomcat-embed-core-10.1.40.jar:10.1.40]
	at org.apache.catalina.core.ApplicationFilterChain.doFilter(ApplicationFilterChain.java:140) ~[tomcat-embed-core-10.1.40.jar:10.1.40]
	at org.apache.tomcat.websocket.server.WsFilter.doFilter(WsFilter.java:51) ~[tomcat-embed-websocket-10.1.40.jar:10.1.40]
	at org.apache.catalina.core.ApplicationFilterChain.internalDoFilter(ApplicationFilterChain.java:164) ~[tomcat-embed-core-10.1.40.jar:10.1.40]
	at org.apache.catalina.core.ApplicationFilterChain.doFilter(ApplicationFilterChain.java:140) ~[tomcat-embed-core-10.1.40.jar:10.1.40]
	at org.springframework.web.filter.OncePerRequestFilter.doFilter(OncePerRequestFilter.java:110) ~[spring-web-6.2.6.jar:6.2.6]
	at org.apache.catalina.core.ApplicationFilterChain.internalDoFilter(ApplicationFilterChain.java:164) ~[tomcat-embed-core-10.1.40.jar:10.1.40]
	at org.apache.catalina.core.ApplicationFilterChain.doFilter(ApplicationFilterChain.java:140) ~[tomcat-embed-core-10.1.40.jar:10.1.40]
	at org.springframework.web.filter.CompositeFilter$VirtualFilterChain.doFilter(CompositeFilter.java:108) ~[spring-web-6.2.6.jar:6.2.6]
	at org.springframework.security.web.FilterChainProxy.lambda$doFilterInternal$3(FilterChainProxy.java:231) ~[spring-security-web-6.4.5.jar:6.4.5]
	at org.springframework.security.web.FilterChainProxy$VirtualFilterChain.doFilter(FilterChainProxy.java:365) ~[spring-security-web-6.4.5.jar:6.4.5]
	at org.springframework.security.web.access.intercept.AuthorizationFilter.doFilter(AuthorizationFilter.java:101) ~[spring-security-web-6.4.5.jar:6.4.5]
	at org.springframework.security.web.FilterChainProxy$VirtualFilterChain.doFilter(FilterChainProxy.java:374) ~[spring-security-web-6.4.5.jar:6.4.5]
	at org.springframework.security.web.access.ExceptionTranslationFilter.doFilter(ExceptionTranslationFilter.java:126) ~[spring-security-web-6.4.5.jar:6.4.5]
	at org.springframework.security.web.access.ExceptionTranslationFilter.doFilter(ExceptionTranslationFilter.java:120) ~[spring-security-web-6.4.5.jar:6.4.5]
	at org.springframework.security.web.FilterChainProxy$VirtualFilterChain.doFilter(FilterChainProxy.java:374) ~[spring-security-web-6.4.5.jar:6.4.5]
	at org.springframework.security.web.session.SessionManagementFilter.doFilter(SessionManagementFilter.java:131) ~[spring-security-web-6.4.5.jar:6.4.5]
	at org.springframework.security.web.session.SessionManagementFilter.doFilter(SessionManagementFilter.java:85) ~[spring-security-web-6.4.5.jar:6.4.5]
	at org.springframework.security.web.FilterChainProxy$VirtualFilterChain.doFilter(FilterChainProxy.java:374) ~[spring-security-web-6.4.5.jar:6.4.5]
	at org.springframework.security.web.authentication.AnonymousAuthenticationFilter.doFilter(AnonymousAuthenticationFilter.java:100) ~[spring-security-web-6.4.5.jar:6.4.5]
	at org.springframework.security.web.FilterChainProxy$VirtualFilterChain.doFilter(FilterChainProxy.java:374) ~[spring-security-web-6.4.5.jar:6.4.5]
	at org.springframework.security.web.servletapi.SecurityContextHolderAwareRequestFilter.doFilter(SecurityContextHolderAwareRequestFilter.java:179) ~[spring-security-web-6.4.5.jar:6.4.5]
	at org.springframework.security.web.FilterChainProxy$VirtualFilterChain.doFilter(FilterChainProxy.java:374) ~[spring-security-web-6.4.5.jar:6.4.5]
	at org.springframework.security.web.savedrequest.RequestCacheAwareFilter.doFilter(RequestCacheAwareFilter.java:63) ~[spring-security-web-6.4.5.jar:6.4.5]
	at org.springframework.security.web.FilterChainProxy$VirtualFilterChain.doFilter(FilterChainProxy.java:374) ~[spring-security-web-6.4.5.jar:6.4.5]
	at com.example.demo.filter.JwtRequestFilter.doFilterInternal(JwtRequestFilter.java:55) ~[classes/:na]
	at org.springframework.web.filter.OncePerRequestFilter.doFilter(OncePerRequestFilter.java:116) ~[spring-web-6.2.6.jar:6.2.6]
	at org.springframework.security.web.FilterChainProxy$VirtualFilterChain.doFilter(FilterChainProxy.java:374) ~[spring-security-web-6.4.5.jar:6.4.5]
	at org.springframework.security.web.authentication.logout.LogoutFilter.doFilter(LogoutFilter.java:107) ~[spring-security-web-6.4.5.jar:6.4.5]
	at org.springframework.security.web.authentication.logout.LogoutFilter.doFilter(LogoutFilter.java:93) ~[spring-security-web-6.4.5.jar:6.4.5]
	at org.springframework.security.web.FilterChainProxy$VirtualFilterChain.doFilter(FilterChainProxy.java:374) ~[spring-security-web-6.4.5.jar:6.4.5]
	at org.springframework.web.filter.CorsFilter.doFilterInternal(CorsFilter.java:91) ~[spring-web-6.2.6.jar:6.2.6]
	at org.springframework.web.filter.OncePerRequestFilter.doFilter(OncePerRequestFilter.java:116) ~[spring-web-6.2.6.jar:6.2.6]
	at org.springframework.security.web.FilterChainProxy$VirtualFilterChain.doFilter(FilterChainProxy.java:374) ~[spring-security-web-6.4.5.jar:6.4.5]
	at org.springframework.security.web.header.HeaderWriterFilter.doHeadersAfter(HeaderWriterFilter.java:90) ~[spring-security-web-6.4.5.jar:6.4.5]
	at org.springframework.security.web.header.HeaderWriterFilter.doFilterInternal(HeaderWriterFilter.java:75) ~[spring-security-web-6.4.5.jar:6.4.5]
	at org.springframework.web.filter.OncePerRequestFilter.doFilter(OncePerRequestFilter.java:116) ~[spring-web-6.2.6.jar:6.2.6]
	at org.springframework.security.web.FilterChainProxy$VirtualFilterChain.doFilter(FilterChainProxy.java:374) ~[spring-security-web-6.4.5.jar:6.4.5]
	at org.springframework.security.web.context.SecurityContextHolderFilter.doFilter(SecurityContextHolderFilter.java:82) ~[spring-security-web-6.4.5.jar:6.4.5]
	at org.springframework.security.web.context.SecurityContextHolderFilter.doFilter(SecurityContextHolderFilter.java:69) ~[spring-security-web-6.4.5.jar:6.4.5]
	at org.springframework.security.web.FilterChainProxy$VirtualFilterChain.doFilter(FilterChainProxy.java:374) ~[spring-security-web-6.4.5.jar:6.4.5]
	at org.springframework.security.web.context.request.async.WebAsyncManagerIntegrationFilter.doFilterInternal(WebAsyncManagerIntegrationFilter.java:62) ~[spring-security-web-6.4.5.jar:6.4.5]
	at org.springframework.web.filter.OncePerRequestFilter.doFilter(OncePerRequestFilter.java:116) ~[spring-web-6.2.6.jar:6.2.6]
	at org.springframework.security.web.FilterChainProxy$VirtualFilterChain.doFilter(FilterChainProxy.java:374) ~[spring-security-web-6.4.5.jar:6.4.5]
	at org.springframework.security.web.session.DisableEncodeUrlFilter.doFilterInternal(DisableEncodeUrlFilter.java:42) ~[spring-security-web-6.4.5.jar:6.4.5]
	at org.springframework.web.filter.OncePerRequestFilter.doFilter(OncePerRequestFilter.java:116) ~[spring-web-6.2.6.jar:6.2.6]
	at org.springframework.security.web.FilterChainProxy$VirtualFilterChain.doFilter(FilterChainProxy.java:374) ~[spring-security-web-6.4.5.jar:6.4.5]
	at org.springframework.security.web.FilterChainProxy.doFilterInternal(FilterChainProxy.java:233) ~[spring-security-web-6.4.5.jar:6.4.5]
	at org.springframework.security.web.FilterChainProxy.doFilter(FilterChainProxy.java:191) ~[spring-security-web-6.4.5.jar:6.4.5]
	at org.springframework.web.filter.CompositeFilter$VirtualFilterChain.doFilter(CompositeFilter.java:113) ~[spring-web-6.2.6.jar:6.2.6]
	at org.springframework.web.servlet.handler.HandlerMappingIntrospector.lambda$createCacheFilter$3(HandlerMappingIntrospector.java:243) ~[spring-webmvc-6.2.6.jar:6.2.6]
	at org.springframework.web.filter.CompositeFilter$VirtualFilterChain.doFilter(CompositeFilter.java:113) ~[spring-web-6.2.6.jar:6.2.6]
	at org.springframework.web.filter.CompositeFilter.doFilter(CompositeFilter.java:74) ~[spring-web-6.2.6.jar:6.2.6]
	at org.springframework.security.config.annotation.web.configuration.WebMvcSecurityConfiguration$CompositeFilterChainProxy.doFilter(WebMvcSecurityConfiguration.java:238) ~[spring-security-config-6.4.5.jar:6.4.5]
	at org.springframework.web.filter.DelegatingFilterProxy.invokeDelegate(DelegatingFilterProxy.java:362) ~[spring-web-6.2.6.jar:6.2.6]
	at org.springframework.web.filter.DelegatingFilterProxy.doFilter(DelegatingFilterProxy.java:278) ~[spring-web-6.2.6.jar:6.2.6]
	at org.apache.catalina.core.ApplicationFilterChain.internalDoFilter(ApplicationFilterChain.java:164) ~[tomcat-embed-core-10.1.40.jar:10.1.40]
	at org.apache.catalina.core.ApplicationFilterChain.doFilter(ApplicationFilterChain.java:140) ~[tomcat-embed-core-10.1.40.jar:10.1.40]
	at org.springframework.web.filter.RequestContextFilter.doFilterInternal(RequestContextFilter.java:100) ~[spring-web-6.2.6.jar:6.2.6]
	at org.springframework.web.filter.OncePerRequestFilter.doFilter(OncePerRequestFilter.java:116) ~[spring-web-6.2.6.jar:6.2.6]
	at org.apache.catalina.core.ApplicationFilterChain.internalDoFilter(ApplicationFilterChain.java:164) ~[tomcat-embed-core-10.1.40.jar:10.1.40]
	at org.apache.catalina.core.ApplicationFilterChain.doFilter(ApplicationFilterChain.java:140) ~[tomcat-embed-core-10.1.40.jar:10.1.40]
	at org.springframework.web.filter.FormContentFilter.doFilterInternal(FormContentFilter.java:93) ~[spring-web-6.2.6.jar:6.2.6]
	at org.springframework.web.filter.OncePerRequestFilter.doFilter(OncePerRequestFilter.java:116) ~[spring-web-6.2.6.jar:6.2.6]
	at org.apache.catalina.core.ApplicationFilterChain.internalDoFilter(ApplicationFilterChain.java:164) ~[tomcat-embed-core-10.1.40.jar:10.1.40]
	at org.apache.catalina.core.ApplicationFilterChain.doFilter(ApplicationFilterChain.java:140) ~[tomcat-embed-core-10.1.40.jar:10.1.40]
	at org.springframework.web.filter.HiddenHttpMethodFilter.doFilterInternal(HiddenHttpMethodFilter.java:91) ~[spring-web-6.2.6.jar:6.2.6]
	at org.springframework.web.filter.OncePerRequestFilter.doFilter(OncePerRequestFilter.java:116) ~[spring-web-6.2.6.jar:6.2.6]
	at org.apache.catalina.core.ApplicationFilterChain.internalDoFilter(ApplicationFilterChain.java:164) ~[tomcat-embed-core-10.1.40.jar:10.1.40]
	at org.apache.catalina.core.ApplicationFilterChain.doFilter(ApplicationFilterChain.java:140) ~[tomcat-embed-core-10.1.40.jar:10.1.40]
	at org.springframework.web.filter.CharacterEncodingFilter.doFilterInternal(CharacterEncodingFilter.java:201) ~[spring-web-6.2.6.jar:6.2.6]
	at org.springframework.web.filter.OncePerRequestFilter.doFilter(OncePerRequestFilter.java:116) ~[spring-web-6.2.6.jar:6.2.6]
	at org.apache.catalina.core.ApplicationFilterChain.internalDoFilter(ApplicationFilterChain.java:164) ~[tomcat-embed-core-10.1.40.jar:10.1.40]
	at org.apache.catalina.core.ApplicationFilterChain.doFilter(ApplicationFilterChain.java:140) ~[tomcat-embed-core-10.1.40.jar:10.1.40]
	at org.apache.catalina.core.StandardWrapperValve.invoke(StandardWrapperValve.java:167) ~[tomcat-embed-core-10.1.40.jar:10.1.40]
	at org.apache.catalina.core.StandardContextValve.invoke(StandardContextValve.java:90) ~[tomcat-embed-core-10.1.40.jar:10.1.40]
	at org.apache.catalina.authenticator.AuthenticatorBase.invoke(AuthenticatorBase.java:483) ~[tomcat-embed-core-10.1.40.jar:10.1.40]
	at org.apache.catalina.core.StandardHostValve.invoke(StandardHostValve.java:116) ~[tomcat-embed-core-10.1.40.jar:10.1.40]
	at org.apache.catalina.valves.ErrorReportValve.invoke(ErrorReportValve.java:93) ~[tomcat-embed-core-10.1.40.jar:10.1.40]
	at org.apache.catalina.core.StandardEngineValve.invoke(StandardEngineValve.java:74) ~[tomcat-embed-core-10.1.40.jar:10.1.40]
	at org.apache.catalina.connector.CoyoteAdapter.service(CoyoteAdapter.java:344) ~[tomcat-embed-core-10.1.40.jar:10.1.40]
	at org.apache.coyote.http11.Http11Processor.service(Http11Processor.java:398) ~[tomcat-embed-core-10.1.40.jar:10.1.40]
	at org.apache.coyote.AbstractProcessorLight.process(AbstractProcessorLight.java:63) ~[tomcat-embed-core-10.1.40.jar:10.1.40]
	at org.apache.coyote.AbstractProtocol$ConnectionHandler.process(AbstractProtocol.java:903) ~[tomcat-embed-core-10.1.40.jar:10.1.40]
	at org.apache.tomcat.util.net.NioEndpoint$SocketProcessor.doRun(NioEndpoint.java:1740) ~[tomcat-embed-core-10.1.40.jar:10.1.40]
	at org.apache.tomcat.util.net.SocketProcessorBase.run(SocketProcessorBase.java:52) ~[tomcat-embed-core-10.1.40.jar:10.1.40]
	at org.apache.tomcat.util.threads.ThreadPoolExecutor.runWorker(ThreadPoolExecutor.java:1189) ~[tomcat-embed-core-10.1.40.jar:10.1.40]
	at org.apache.tomcat.util.threads.ThreadPoolExecutor$Worker.run(ThreadPoolExecutor.java:658) ~[tomcat-embed-core-10.1.40.jar:10.1.40]
	at org.apache.tomcat.util.threads.TaskThread$WrappingRunnable.run(TaskThread.java:63) ~[tomcat-embed-core-10.1.40.jar:10.1.40]
	at java.base/java.lang.Thread.run(Thread.java:1570) ~[na:na]

2025-07-08T16:29:42.751+08:00 DEBUG 8020 --- [MyWebProject] [http-nio-8080-exec-7] o.s.security.web.FilterChainProxy        : Securing GET /error
2025-07-08T16:29:42.755+08:00 DEBUG 8020 --- [MyWebProject] [http-nio-8080-exec-7] o.s.s.w.a.AnonymousAuthenticationFilter  : Set SecurityContextHolder to anonymous SecurityContext
2025-07-08T16:29:42.756+08:00 DEBUG 8020 --- [MyWebProject] [http-nio-8080-exec-7] o.s.s.w.a.Http403ForbiddenEntryPoint     : Pre-authenticated entry point called. Rejecting access
2025-07-08T16:29:43.960+08:00 ERROR 8020 --- [MyWebProject] [http-nio-8080-exec-1] o.a.c.c.C.[.[.[/].[dispatcherServlet]    : Servlet.service() for servlet [dispatcherServlet] in context with path [] threw exception [Request processing failed: org.springframework.dao.QueryTimeoutException: Redis command timed out] with root cause

io.lettuce.core.RedisCommandTimeoutException: Command timed out after 1 minute(s)
	at io.lettuce.core.internal.ExceptionFactory.createTimeoutException(ExceptionFactory.java:63) ~[lettuce-core-6.4.2.RELEASE.jar:6.4.2.RELEASE/f4dfb40]
	at io.lettuce.core.internal.Futures.awaitOrCancel(Futures.java:233) ~[lettuce-core-6.4.2.RELEASE.jar:6.4.2.RELEASE/f4dfb40]
	at io.lettuce.core.LettuceFutures.awaitOrCancel(LettuceFutures.java:59) ~[lettuce-core-6.4.2.RELEASE.jar:6.4.2.RELEASE/f4dfb40]
	at org.springframework.data.redis.connection.lettuce.LettuceConnection.await(LettuceConnection.java:1010) ~[spring-data-redis-3.4.5.jar:3.4.5]
	at org.springframework.data.redis.connection.lettuce.LettuceConnection.lambda$doInvoke$3(LettuceConnection.java:447) ~[spring-data-redis-3.4.5.jar:3.4.5]
	at org.springframework.data.redis.connection.lettuce.LettuceInvoker$Synchronizer.invoke(LettuceInvoker.java:673) ~[spring-data-redis-3.4.5.jar:3.4.5]
	at org.springframework.data.redis.connection.lettuce.LettuceInvoker$DefaultSingleInvocationSpec.get(LettuceInvoker.java:589) ~[spring-data-redis-3.4.5.jar:3.4.5]
	at org.springframework.data.redis.connection.lettuce.LettuceStringCommands.set(LettuceStringCommands.java:102) ~[spring-data-redis-3.4.5.jar:3.4.5]
	at org.springframework.data.redis.connection.DefaultedRedisConnection.set(DefaultedRedisConnection.java:319) ~[spring-data-redis-3.4.5.jar:3.4.5]
	at org.springframework.data.redis.connection.DefaultStringRedisConnection.set(DefaultStringRedisConnection.java:765) ~[spring-data-redis-3.4.5.jar:3.4.5]
	at org.springframework.data.redis.core.DefaultValueOperations.lambda$set$14(DefaultValueOperations.java:199) ~[spring-data-redis-3.4.5.jar:3.4.5]
	at org.springframework.data.redis.core.RedisTemplate.execute(RedisTemplate.java:411) ~[spring-data-redis-3.4.5.jar:3.4.5]
	at org.springframework.data.redis.core.RedisTemplate.execute(RedisTemplate.java:378) ~[spring-data-redis-3.4.5.jar:3.4.5]
	at org.springframework.data.redis.core.AbstractOperations.execute(AbstractOperations.java:117) ~[spring-data-redis-3.4.5.jar:3.4.5]
	at org.springframework.data.redis.core.DefaultValueOperations.set(DefaultValueOperations.java:199) ~[spring-data-redis-3.4.5.jar:3.4.5]
	at com.example.demo.controller.AuthCodeController.authcode(AuthCodeController.java:40) ~[classes/:na]
	at java.base/jdk.internal.reflect.DirectMethodHandleAccessor.invoke(DirectMethodHandleAccessor.java:103) ~[na:na]
	at java.base/java.lang.reflect.Method.invoke(Method.java:580) ~[na:na]
	at org.springframework.web.method.support.InvocableHandlerMethod.doInvoke(InvocableHandlerMethod.java:258) ~[spring-web-6.2.6.jar:6.2.6]
	at org.springframework.web.method.support.InvocableHandlerMethod.invokeForRequest(InvocableHandlerMethod.java:191) ~[spring-web-6.2.6.jar:6.2.6]
	at org.springframework.web.servlet.mvc.method.annotation.ServletInvocableHandlerMethod.invokeAndHandle(ServletInvocableHandlerMethod.java:118) ~[spring-webmvc-6.2.6.jar:6.2.6]
	at org.springframework.web.servlet.mvc.method.annotation.RequestMappingHandlerAdapter.invokeHandlerMethod(RequestMappingHandlerAdapter.java:986) ~[spring-webmvc-6.2.6.jar:6.2.6]
	at org.springframework.web.servlet.mvc.method.annotation.RequestMappingHandlerAdapter.handleInternal(RequestMappingHandlerAdapter.java:891) ~[spring-webmvc-6.2.6.jar:6.2.6]
	at org.springframework.web.servlet.mvc.method.AbstractHandlerMethodAdapter.handle(AbstractHandlerMethodAdapter.java:87) ~[spring-webmvc-6.2.6.jar:6.2.6]
	at org.springframework.web.servlet.DispatcherServlet.doDispatch(DispatcherServlet.java:1089) ~[spring-webmvc-6.2.6.jar:6.2.6]
	at org.springframework.web.servlet.DispatcherServlet.doService(DispatcherServlet.java:979) ~[spring-webmvc-6.2.6.jar:6.2.6]
	at org.springframework.web.servlet.FrameworkServlet.processRequest(FrameworkServlet.java:1014) ~[spring-webmvc-6.2.6.jar:6.2.6]
	at org.springframework.web.servlet.FrameworkServlet.doGet(FrameworkServlet.java:903) ~[spring-webmvc-6.2.6.jar:6.2.6]
	at jakarta.servlet.http.HttpServlet.service(HttpServlet.java:564) ~[tomcat-embed-core-10.1.40.jar:6.0]
	at org.springframework.web.servlet.FrameworkServlet.service(FrameworkServlet.java:885) ~[spring-webmvc-6.2.6.jar:6.2.6]
	at jakarta.servlet.http.HttpServlet.service(HttpServlet.java:658) ~[tomcat-embed-core-10.1.40.jar:6.0]
	at org.apache.catalina.core.ApplicationFilterChain.internalDoFilter(ApplicationFilterChain.java:195) ~[tomcat-embed-core-10.1.40.jar:10.1.40]
	at org.apache.catalina.core.ApplicationFilterChain.doFilter(ApplicationFilterChain.java:140) ~[tomcat-embed-core-10.1.40.jar:10.1.40]
	at org.apache.tomcat.websocket.server.WsFilter.doFilter(WsFilter.java:51) ~[tomcat-embed-websocket-10.1.40.jar:10.1.40]
	at org.apache.catalina.core.ApplicationFilterChain.internalDoFilter(ApplicationFilterChain.java:164) ~[tomcat-embed-core-10.1.40.jar:10.1.40]
	at org.apache.catalina.core.ApplicationFilterChain.doFilter(ApplicationFilterChain.java:140) ~[tomcat-embed-core-10.1.40.jar:10.1.40]
	at org.springframework.web.filter.OncePerRequestFilter.doFilter(OncePerRequestFilter.java:110) ~[spring-web-6.2.6.jar:6.2.6]
	at org.apache.catalina.core.ApplicationFilterChain.internalDoFilter(ApplicationFilterChain.java:164) ~[tomcat-embed-core-10.1.40.jar:10.1.40]
	at org.apache.catalina.core.ApplicationFilterChain.doFilter(ApplicationFilterChain.java:140) ~[tomcat-embed-core-10.1.40.jar:10.1.40]
	at org.springframework.web.filter.CompositeFilter$VirtualFilterChain.doFilter(CompositeFilter.java:108) ~[spring-web-6.2.6.jar:6.2.6]
	at org.springframework.security.web.FilterChainProxy.lambda$doFilterInternal$3(FilterChainProxy.java:231) ~[spring-security-web-6.4.5.jar:6.4.5]
	at org.springframework.security.web.FilterChainProxy$VirtualFilterChain.doFilter(FilterChainProxy.java:365) ~[spring-security-web-6.4.5.jar:6.4.5]
	at org.springframework.security.web.access.intercept.AuthorizationFilter.doFilter(AuthorizationFilter.java:101) ~[spring-security-web-6.4.5.jar:6.4.5]
	at org.springframework.security.web.FilterChainProxy$VirtualFilterChain.doFilter(FilterChainProxy.java:374) ~[spring-security-web-6.4.5.jar:6.4.5]
	at org.springframework.security.web.access.ExceptionTranslationFilter.doFilter(ExceptionTranslationFilter.java:126) ~[spring-security-web-6.4.5.jar:6.4.5]
	at org.springframework.security.web.access.ExceptionTranslationFilter.doFilter(ExceptionTranslationFilter.java:120) ~[spring-security-web-6.4.5.jar:6.4.5]
	at org.springframework.security.web.FilterChainProxy$VirtualFilterChain.doFilter(FilterChainProxy.java:374) ~[spring-security-web-6.4.5.jar:6.4.5]
	at org.springframework.security.web.session.SessionManagementFilter.doFilter(SessionManagementFilter.java:131) ~[spring-security-web-6.4.5.jar:6.4.5]
	at org.springframework.security.web.session.SessionManagementFilter.doFilter(SessionManagementFilter.java:85) ~[spring-security-web-6.4.5.jar:6.4.5]
	at org.springframework.security.web.FilterChainProxy$VirtualFilterChain.doFilter(FilterChainProxy.java:374) ~[spring-security-web-6.4.5.jar:6.4.5]
	at org.springframework.security.web.authentication.AnonymousAuthenticationFilter.doFilter(AnonymousAuthenticationFilter.java:100) ~[spring-security-web-6.4.5.jar:6.4.5]
	at org.springframework.security.web.FilterChainProxy$VirtualFilterChain.doFilter(FilterChainProxy.java:374) ~[spring-security-web-6.4.5.jar:6.4.5]
	at org.springframework.security.web.servletapi.SecurityContextHolderAwareRequestFilter.doFilter(SecurityContextHolderAwareRequestFilter.java:179) ~[spring-security-web-6.4.5.jar:6.4.5]
	at org.springframework.security.web.FilterChainProxy$VirtualFilterChain.doFilter(FilterChainProxy.java:374) ~[spring-security-web-6.4.5.jar:6.4.5]
	at org.springframework.security.web.savedrequest.RequestCacheAwareFilter.doFilter(RequestCacheAwareFilter.java:63) ~[spring-security-web-6.4.5.jar:6.4.5]
	at org.springframework.security.web.FilterChainProxy$VirtualFilterChain.doFilter(FilterChainProxy.java:374) ~[spring-security-web-6.4.5.jar:6.4.5]
	at com.example.demo.filter.JwtRequestFilter.doFilterInternal(JwtRequestFilter.java:55) ~[classes/:na]
	at org.springframework.web.filter.OncePerRequestFilter.doFilter(OncePerRequestFilter.java:116) ~[spring-web-6.2.6.jar:6.2.6]
	at org.springframework.security.web.FilterChainProxy$VirtualFilterChain.doFilter(FilterChainProxy.java:374) ~[spring-security-web-6.4.5.jar:6.4.5]
	at org.springframework.security.web.authentication.logout.LogoutFilter.doFilter(LogoutFilter.java:107) ~[spring-security-web-6.4.5.jar:6.4.5]
	at org.springframework.security.web.authentication.logout.LogoutFilter.doFilter(LogoutFilter.java:93) ~[spring-security-web-6.4.5.jar:6.4.5]
	at org.springframework.security.web.FilterChainProxy$VirtualFilterChain.doFilter(FilterChainProxy.java:374) ~[spring-security-web-6.4.5.jar:6.4.5]
	at org.springframework.web.filter.CorsFilter.doFilterInternal(CorsFilter.java:91) ~[spring-web-6.2.6.jar:6.2.6]
	at org.springframework.web.filter.OncePerRequestFilter.doFilter(OncePerRequestFilter.java:116) ~[spring-web-6.2.6.jar:6.2.6]
	at org.springframework.security.web.FilterChainProxy$VirtualFilterChain.doFilter(FilterChainProxy.java:374) ~[spring-security-web-6.4.5.jar:6.4.5]
	at org.springframework.security.web.header.HeaderWriterFilter.doHeadersAfter(HeaderWriterFilter.java:90) ~[spring-security-web-6.4.5.jar:6.4.5]
	at org.springframework.security.web.header.HeaderWriterFilter.doFilterInternal(HeaderWriterFilter.java:75) ~[spring-security-web-6.4.5.jar:6.4.5]
	at org.springframework.web.filter.OncePerRequestFilter.doFilter(OncePerRequestFilter.java:116) ~[spring-web-6.2.6.jar:6.2.6]
	at org.springframework.security.web.FilterChainProxy$VirtualFilterChain.doFilter(FilterChainProxy.java:374) ~[spring-security-web-6.4.5.jar:6.4.5]
	at org.springframework.security.web.context.SecurityContextHolderFilter.doFilter(SecurityContextHolderFilter.java:82) ~[spring-security-web-6.4.5.jar:6.4.5]
	at org.springframework.security.web.context.SecurityContextHolderFilter.doFilter(SecurityContextHolderFilter.java:69) ~[spring-security-web-6.4.5.jar:6.4.5]
	at org.springframework.security.web.FilterChainProxy$VirtualFilterChain.doFilter(FilterChainProxy.java:374) ~[spring-security-web-6.4.5.jar:6.4.5]
	at org.springframework.security.web.context.request.async.WebAsyncManagerIntegrationFilter.doFilterInternal(WebAsyncManagerIntegrationFilter.java:62) ~[spring-security-web-6.4.5.jar:6.4.5]
	at org.springframework.web.filter.OncePerRequestFilter.doFilter(OncePerRequestFilter.java:116) ~[spring-web-6.2.6.jar:6.2.6]
	at org.springframework.security.web.FilterChainProxy$VirtualFilterChain.doFilter(FilterChainProxy.java:374) ~[spring-security-web-6.4.5.jar:6.4.5]
	at org.springframework.security.web.session.DisableEncodeUrlFilter.doFilterInternal(DisableEncodeUrlFilter.java:42) ~[spring-security-web-6.4.5.jar:6.4.5]
	at org.springframework.web.filter.OncePerRequestFilter.doFilter(OncePerRequestFilter.java:116) ~[spring-web-6.2.6.jar:6.2.6]
	at org.springframework.security.web.FilterChainProxy$VirtualFilterChain.doFilter(FilterChainProxy.java:374) ~[spring-security-web-6.4.5.jar:6.4.5]
	at org.springframework.security.web.FilterChainProxy.doFilterInternal(FilterChainProxy.java:233) ~[spring-security-web-6.4.5.jar:6.4.5]
	at org.springframework.security.web.FilterChainProxy.doFilter(FilterChainProxy.java:191) ~[spring-security-web-6.4.5.jar:6.4.5]
	at org.springframework.web.filter.CompositeFilter$VirtualFilterChain.doFilter(CompositeFilter.java:113) ~[spring-web-6.2.6.jar:6.2.6]
	at org.springframework.web.servlet.handler.HandlerMappingIntrospector.lambda$createCacheFilter$3(HandlerMappingIntrospector.java:243) ~[spring-webmvc-6.2.6.jar:6.2.6]
	at org.springframework.web.filter.CompositeFilter$VirtualFilterChain.doFilter(CompositeFilter.java:113) ~[spring-web-6.2.6.jar:6.2.6]
	at org.springframework.web.filter.CompositeFilter.doFilter(CompositeFilter.java:74) ~[spring-web-6.2.6.jar:6.2.6]
	at org.springframework.security.config.annotation.web.configuration.WebMvcSecurityConfiguration$CompositeFilterChainProxy.doFilter(WebMvcSecurityConfiguration.java:238) ~[spring-security-config-6.4.5.jar:6.4.5]
	at org.springframework.web.filter.DelegatingFilterProxy.invokeDelegate(DelegatingFilterProxy.java:362) ~[spring-web-6.2.6.jar:6.2.6]
	at org.springframework.web.filter.DelegatingFilterProxy.doFilter(DelegatingFilterProxy.java:278) ~[spring-web-6.2.6.jar:6.2.6]
	at org.apache.catalina.core.ApplicationFilterChain.internalDoFilter(ApplicationFilterChain.java:164) ~[tomcat-embed-core-10.1.40.jar:10.1.40]
	at org.apache.catalina.core.ApplicationFilterChain.doFilter(ApplicationFilterChain.java:140) ~[tomcat-embed-core-10.1.40.jar:10.1.40]
	at org.springframework.web.filter.RequestContextFilter.doFilterInternal(RequestContextFilter.java:100) ~[spring-web-6.2.6.jar:6.2.6]
	at org.springframework.web.filter.OncePerRequestFilter.doFilter(OncePerRequestFilter.java:116) ~[spring-web-6.2.6.jar:6.2.6]
	at org.apache.catalina.core.ApplicationFilterChain.internalDoFilter(ApplicationFilterChain.java:164) ~[tomcat-embed-core-10.1.40.jar:10.1.40]
	at org.apache.catalina.core.ApplicationFilterChain.doFilter(ApplicationFilterChain.java:140) ~[tomcat-embed-core-10.1.40.jar:10.1.40]
	at org.springframework.web.filter.FormContentFilter.doFilterInternal(FormContentFilter.java:93) ~[spring-web-6.2.6.jar:6.2.6]
	at org.springframework.web.filter.OncePerRequestFilter.doFilter(OncePerRequestFilter.java:116) ~[spring-web-6.2.6.jar:6.2.6]
	at org.apache.catalina.core.ApplicationFilterChain.internalDoFilter(ApplicationFilterChain.java:164) ~[tomcat-embed-core-10.1.40.jar:10.1.40]
	at org.apache.catalina.core.ApplicationFilterChain.doFilter(ApplicationFilterChain.java:140) ~[tomcat-embed-core-10.1.40.jar:10.1.40]
	at org.springframework.web.filter.HiddenHttpMethodFilter.doFilterInternal(HiddenHttpMethodFilter.java:91) ~[spring-web-6.2.6.jar:6.2.6]
	at org.springframework.web.filter.OncePerRequestFilter.doFilter(OncePerRequestFilter.java:116) ~[spring-web-6.2.6.jar:6.2.6]
	at org.apache.catalina.core.ApplicationFilterChain.internalDoFilter(ApplicationFilterChain.java:164) ~[tomcat-embed-core-10.1.40.jar:10.1.40]
	at org.apache.catalina.core.ApplicationFilterChain.doFilter(ApplicationFilterChain.java:140) ~[tomcat-embed-core-10.1.40.jar:10.1.40]
	at org.springframework.web.filter.CharacterEncodingFilter.doFilterInternal(CharacterEncodingFilter.java:201) ~[spring-web-6.2.6.jar:6.2.6]
	at org.springframework.web.filter.OncePerRequestFilter.doFilter(OncePerRequestFilter.java:116) ~[spring-web-6.2.6.jar:6.2.6]
	at org.apache.catalina.core.ApplicationFilterChain.internalDoFilter(ApplicationFilterChain.java:164) ~[tomcat-embed-core-10.1.40.jar:10.1.40]
	at org.apache.catalina.core.ApplicationFilterChain.doFilter(ApplicationFilterChain.java:140) ~[tomcat-embed-core-10.1.40.jar:10.1.40]
	at org.apache.catalina.core.StandardWrapperValve.invoke(StandardWrapperValve.java:167) ~[tomcat-embed-core-10.1.40.jar:10.1.40]
	at org.apache.catalina.core.StandardContextValve.invoke(StandardContextValve.java:90) ~[tomcat-embed-core-10.1.40.jar:10.1.40]
	at org.apache.catalina.authenticator.AuthenticatorBase.invoke(AuthenticatorBase.java:483) ~[tomcat-embed-core-10.1.40.jar:10.1.40]
	at org.apache.catalina.core.StandardHostValve.invoke(StandardHostValve.java:116) ~[tomcat-embed-core-10.1.40.jar:10.1.40]
	at org.apache.catalina.valves.ErrorReportValve.invoke(ErrorReportValve.java:93) ~[tomcat-embed-core-10.1.40.jar:10.1.40]
	at org.apache.catalina.core.StandardEngineValve.invoke(StandardEngineValve.java:74) ~[tomcat-embed-core-10.1.40.jar:10.1.40]
	at org.apache.catalina.connector.CoyoteAdapter.service(CoyoteAdapter.java:344) ~[tomcat-embed-core-10.1.40.jar:10.1.40]
	at org.apache.coyote.http11.Http11Processor.service(Http11Processor.java:398) ~[tomcat-embed-core-10.1.40.jar:10.1.40]
	at org.apache.coyote.AbstractProcessorLight.process(AbstractProcessorLight.java:63) ~[tomcat-embed-core-10.1.40.jar:10.1.40]
	at org.apache.coyote.AbstractProtocol$ConnectionHandler.process(AbstractProtocol.java:903) ~[tomcat-embed-core-10.1.40.jar:10.1.40]
	at org.apache.tomcat.util.net.NioEndpoint$SocketProcessor.doRun(NioEndpoint.java:1740) ~[tomcat-embed-core-10.1.40.jar:10.1.40]
	at org.apache.tomcat.util.net.SocketProcessorBase.run(SocketProcessorBase.java:52) ~[tomcat-embed-core-10.1.40.jar:10.1.40]
	at org.apache.tomcat.util.threads.ThreadPoolExecutor.runWorker(ThreadPoolExecutor.java:1189) ~[tomcat-embed-core-10.1.40.jar:10.1.40]
	at org.apache.tomcat.util.threads.ThreadPoolExecutor$Worker.run(ThreadPoolExecutor.java:658) ~[tomcat-embed-core-10.1.40.jar:10.1.40]
	at org.apache.tomcat.util.threads.TaskThread$WrappingRunnable.run(TaskThread.java:63) ~[tomcat-embed-core-10.1.40.jar:10.1.40]
	at java.base/java.lang.Thread.run(Thread.java:1570) ~[na:na]

2025-07-08T16:29:43.999+08:00 DEBUG 8020 --- [MyWebProject] [http-nio-8080-exec-1] o.s.security.web.FilterChainProxy        : Securing GET /error
2025-07-08T16:29:44.000+08:00 DEBUG 8020 --- [MyWebProject] [http-nio-8080-exec-1] o.s.s.w.a.AnonymousAuthenticationFilter  : Set SecurityContextHolder to anonymous SecurityContext
2025-07-08T16:29:44.001+08:00 DEBUG 8020 --- [MyWebProject] [http-nio-8080-exec-1] o.s.s.w.a.Http403ForbiddenEntryPoint     : Pre-authenticated entry point called. Rejecting access
2025-07-08T16:29:51.178+08:00  INFO 8020 --- [MyWebProject] [lettuce-eventExecutorLoop-1-4] i.l.core.protocol.ConnectionWatchdog     : Reconnecting, last destination was localhost/<unresolved>:6379
2025-07-08T16:29:51.192+08:00  WARN 8020 --- [MyWebProject] [lettuce-nioEventLoop-4-2] i.l.core.protocol.ConnectionWatchdog     : Cannot reconnect to [localhost/<unresolved>:6379]: Connection refused: localhost/127.0.0.1:6379
2025-07-08T16:30:04.157+08:00 ERROR 8020 --- [MyWebProject] [http-nio-8080-exec-4] o.a.c.c.C.[.[.[/].[dispatcherServlet]    : Servlet.service() for servlet [dispatcherServlet] in context with path [] threw exception [Request processing failed: org.springframework.dao.QueryTimeoutException: Redis command timed out] with root cause

io.lettuce.core.RedisCommandTimeoutException: Command timed out after 1 minute(s)
	at io.lettuce.core.internal.ExceptionFactory.createTimeoutException(ExceptionFactory.java:63) ~[lettuce-core-6.4.2.RELEASE.jar:6.4.2.RELEASE/f4dfb40]
	at io.lettuce.core.internal.Futures.awaitOrCancel(Futures.java:233) ~[lettuce-core-6.4.2.RELEASE.jar:6.4.2.RELEASE/f4dfb40]
	at io.lettuce.core.LettuceFutures.awaitOrCancel(LettuceFutures.java:59) ~[lettuce-core-6.4.2.RELEASE.jar:6.4.2.RELEASE/f4dfb40]
	at org.springframework.data.redis.connection.lettuce.LettuceConnection.await(LettuceConnection.java:1010) ~[spring-data-redis-3.4.5.jar:3.4.5]
	at org.springframework.data.redis.connection.lettuce.LettuceConnection.lambda$doInvoke$3(LettuceConnection.java:447) ~[spring-data-redis-3.4.5.jar:3.4.5]
	at org.springframework.data.redis.connection.lettuce.LettuceInvoker$Synchronizer.invoke(LettuceInvoker.java:673) ~[spring-data-redis-3.4.5.jar:3.4.5]
	at org.springframework.data.redis.connection.lettuce.LettuceInvoker$DefaultSingleInvocationSpec.get(LettuceInvoker.java:589) ~[spring-data-redis-3.4.5.jar:3.4.5]
	at org.springframework.data.redis.connection.lettuce.LettuceStringCommands.set(LettuceStringCommands.java:102) ~[spring-data-redis-3.4.5.jar:3.4.5]
	at org.springframework.data.redis.connection.DefaultedRedisConnection.set(DefaultedRedisConnection.java:319) ~[spring-data-redis-3.4.5.jar:3.4.5]
	at org.springframework.data.redis.connection.DefaultStringRedisConnection.set(DefaultStringRedisConnection.java:765) ~[spring-data-redis-3.4.5.jar:3.4.5]
	at org.springframework.data.redis.core.DefaultValueOperations.lambda$set$14(DefaultValueOperations.java:199) ~[spring-data-redis-3.4.5.jar:3.4.5]
	at org.springframework.data.redis.core.RedisTemplate.execute(RedisTemplate.java:411) ~[spring-data-redis-3.4.5.jar:3.4.5]
	at org.springframework.data.redis.core.RedisTemplate.execute(RedisTemplate.java:378) ~[spring-data-redis-3.4.5.jar:3.4.5]
	at org.springframework.data.redis.core.AbstractOperations.execute(AbstractOperations.java:117) ~[spring-data-redis-3.4.5.jar:3.4.5]
	at org.springframework.data.redis.core.DefaultValueOperations.set(DefaultValueOperations.java:199) ~[spring-data-redis-3.4.5.jar:3.4.5]
	at com.example.demo.controller.AuthCodeController.authcode(AuthCodeController.java:40) ~[classes/:na]
	at java.base/jdk.internal.reflect.DirectMethodHandleAccessor.invoke(DirectMethodHandleAccessor.java:103) ~[na:na]
	at java.base/java.lang.reflect.Method.invoke(Method.java:580) ~[na:na]
	at org.springframework.web.method.support.InvocableHandlerMethod.doInvoke(InvocableHandlerMethod.java:258) ~[spring-web-6.2.6.jar:6.2.6]
	at org.springframework.web.method.support.InvocableHandlerMethod.invokeForRequest(InvocableHandlerMethod.java:191) ~[spring-web-6.2.6.jar:6.2.6]
	at org.springframework.web.servlet.mvc.method.annotation.ServletInvocableHandlerMethod.invokeAndHandle(ServletInvocableHandlerMethod.java:118) ~[spring-webmvc-6.2.6.jar:6.2.6]
	at org.springframework.web.servlet.mvc.method.annotation.RequestMappingHandlerAdapter.invokeHandlerMethod(RequestMappingHandlerAdapter.java:986) ~[spring-webmvc-6.2.6.jar:6.2.6]
	at org.springframework.web.servlet.mvc.method.annotation.RequestMappingHandlerAdapter.handleInternal(RequestMappingHandlerAdapter.java:891) ~[spring-webmvc-6.2.6.jar:6.2.6]
	at org.springframework.web.servlet.mvc.method.AbstractHandlerMethodAdapter.handle(AbstractHandlerMethodAdapter.java:87) ~[spring-webmvc-6.2.6.jar:6.2.6]
	at org.springframework.web.servlet.DispatcherServlet.doDispatch(DispatcherServlet.java:1089) ~[spring-webmvc-6.2.6.jar:6.2.6]
	at org.springframework.web.servlet.DispatcherServlet.doService(DispatcherServlet.java:979) ~[spring-webmvc-6.2.6.jar:6.2.6]
	at org.springframework.web.servlet.FrameworkServlet.processRequest(FrameworkServlet.java:1014) ~[spring-webmvc-6.2.6.jar:6.2.6]
	at org.springframework.web.servlet.FrameworkServlet.doGet(FrameworkServlet.java:903) ~[spring-webmvc-6.2.6.jar:6.2.6]
	at jakarta.servlet.http.HttpServlet.service(HttpServlet.java:564) ~[tomcat-embed-core-10.1.40.jar:6.0]
	at org.springframework.web.servlet.FrameworkServlet.service(FrameworkServlet.java:885) ~[spring-webmvc-6.2.6.jar:6.2.6]
	at jakarta.servlet.http.HttpServlet.service(HttpServlet.java:658) ~[tomcat-embed-core-10.1.40.jar:6.0]
	at org.apache.catalina.core.ApplicationFilterChain.internalDoFilter(ApplicationFilterChain.java:195) ~[tomcat-embed-core-10.1.40.jar:10.1.40]
	at org.apache.catalina.core.ApplicationFilterChain.doFilter(ApplicationFilterChain.java:140) ~[tomcat-embed-core-10.1.40.jar:10.1.40]
	at org.apache.tomcat.websocket.server.WsFilter.doFilter(WsFilter.java:51) ~[tomcat-embed-websocket-10.1.40.jar:10.1.40]
	at org.apache.catalina.core.ApplicationFilterChain.internalDoFilter(ApplicationFilterChain.java:164) ~[tomcat-embed-core-10.1.40.jar:10.1.40]
	at org.apache.catalina.core.ApplicationFilterChain.doFilter(ApplicationFilterChain.java:140) ~[tomcat-embed-core-10.1.40.jar:10.1.40]
	at org.springframework.web.filter.OncePerRequestFilter.doFilter(OncePerRequestFilter.java:110) ~[spring-web-6.2.6.jar:6.2.6]
	at org.apache.catalina.core.ApplicationFilterChain.internalDoFilter(ApplicationFilterChain.java:164) ~[tomcat-embed-core-10.1.40.jar:10.1.40]
	at org.apache.catalina.core.ApplicationFilterChain.doFilter(ApplicationFilterChain.java:140) ~[tomcat-embed-core-10.1.40.jar:10.1.40]
	at org.springframework.web.filter.CompositeFilter$VirtualFilterChain.doFilter(CompositeFilter.java:108) ~[spring-web-6.2.6.jar:6.2.6]
	at org.springframework.security.web.FilterChainProxy.lambda$doFilterInternal$3(FilterChainProxy.java:231) ~[spring-security-web-6.4.5.jar:6.4.5]
	at org.springframework.security.web.FilterChainProxy$VirtualFilterChain.doFilter(FilterChainProxy.java:365) ~[spring-security-web-6.4.5.jar:6.4.5]
	at org.springframework.security.web.access.intercept.AuthorizationFilter.doFilter(AuthorizationFilter.java:101) ~[spring-security-web-6.4.5.jar:6.4.5]
	at org.springframework.security.web.FilterChainProxy$VirtualFilterChain.doFilter(FilterChainProxy.java:374) ~[spring-security-web-6.4.5.jar:6.4.5]
	at org.springframework.security.web.access.ExceptionTranslationFilter.doFilter(ExceptionTranslationFilter.java:126) ~[spring-security-web-6.4.5.jar:6.4.5]
	at org.springframework.security.web.access.ExceptionTranslationFilter.doFilter(ExceptionTranslationFilter.java:120) ~[spring-security-web-6.4.5.jar:6.4.5]
	at org.springframework.security.web.FilterChainProxy$VirtualFilterChain.doFilter(FilterChainProxy.java:374) ~[spring-security-web-6.4.5.jar:6.4.5]
	at org.springframework.security.web.session.SessionManagementFilter.doFilter(SessionManagementFilter.java:131) ~[spring-security-web-6.4.5.jar:6.4.5]
	at org.springframework.security.web.session.SessionManagementFilter.doFilter(SessionManagementFilter.java:85) ~[spring-security-web-6.4.5.jar:6.4.5]
	at org.springframework.security.web.FilterChainProxy$VirtualFilterChain.doFilter(FilterChainProxy.java:374) ~[spring-security-web-6.4.5.jar:6.4.5]
	at org.springframework.security.web.authentication.AnonymousAuthenticationFilter.doFilter(AnonymousAuthenticationFilter.java:100) ~[spring-security-web-6.4.5.jar:6.4.5]
	at org.springframework.security.web.FilterChainProxy$VirtualFilterChain.doFilter(FilterChainProxy.java:374) ~[spring-security-web-6.4.5.jar:6.4.5]
	at org.springframework.security.web.servletapi.SecurityContextHolderAwareRequestFilter.doFilter(SecurityContextHolderAwareRequestFilter.java:179) ~[spring-security-web-6.4.5.jar:6.4.5]
	at org.springframework.security.web.FilterChainProxy$VirtualFilterChain.doFilter(FilterChainProxy.java:374) ~[spring-security-web-6.4.5.jar:6.4.5]
	at org.springframework.security.web.savedrequest.RequestCacheAwareFilter.doFilter(RequestCacheAwareFilter.java:63) ~[spring-security-web-6.4.5.jar:6.4.5]
	at org.springframework.security.web.FilterChainProxy$VirtualFilterChain.doFilter(FilterChainProxy.java:374) ~[spring-security-web-6.4.5.jar:6.4.5]
	at com.example.demo.filter.JwtRequestFilter.doFilterInternal(JwtRequestFilter.java:55) ~[classes/:na]
	at org.springframework.web.filter.OncePerRequestFilter.doFilter(OncePerRequestFilter.java:116) ~[spring-web-6.2.6.jar:6.2.6]
	at org.springframework.security.web.FilterChainProxy$VirtualFilterChain.doFilter(FilterChainProxy.java:374) ~[spring-security-web-6.4.5.jar:6.4.5]
	at org.springframework.security.web.authentication.logout.LogoutFilter.doFilter(LogoutFilter.java:107) ~[spring-security-web-6.4.5.jar:6.4.5]
	at org.springframework.security.web.authentication.logout.LogoutFilter.doFilter(LogoutFilter.java:93) ~[spring-security-web-6.4.5.jar:6.4.5]
	at org.springframework.security.web.FilterChainProxy$VirtualFilterChain.doFilter(FilterChainProxy.java:374) ~[spring-security-web-6.4.5.jar:6.4.5]
	at org.springframework.web.filter.CorsFilter.doFilterInternal(CorsFilter.java:91) ~[spring-web-6.2.6.jar:6.2.6]
	at org.springframework.web.filter.OncePerRequestFilter.doFilter(OncePerRequestFilter.java:116) ~[spring-web-6.2.6.jar:6.2.6]
	at org.springframework.security.web.FilterChainProxy$VirtualFilterChain.doFilter(FilterChainProxy.java:374) ~[spring-security-web-6.4.5.jar:6.4.5]
	at org.springframework.security.web.header.HeaderWriterFilter.doHeadersAfter(HeaderWriterFilter.java:90) ~[spring-security-web-6.4.5.jar:6.4.5]
	at org.springframework.security.web.header.HeaderWriterFilter.doFilterInternal(HeaderWriterFilter.java:75) ~[spring-security-web-6.4.5.jar:6.4.5]
	at org.springframework.web.filter.OncePerRequestFilter.doFilter(OncePerRequestFilter.java:116) ~[spring-web-6.2.6.jar:6.2.6]
	at org.springframework.security.web.FilterChainProxy$VirtualFilterChain.doFilter(FilterChainProxy.java:374) ~[spring-security-web-6.4.5.jar:6.4.5]
	at org.springframework.security.web.context.SecurityContextHolderFilter.doFilter(SecurityContextHolderFilter.java:82) ~[spring-security-web-6.4.5.jar:6.4.5]
	at org.springframework.security.web.context.SecurityContextHolderFilter.doFilter(SecurityContextHolderFilter.java:69) ~[spring-security-web-6.4.5.jar:6.4.5]
	at org.springframework.security.web.FilterChainProxy$VirtualFilterChain.doFilter(FilterChainProxy.java:374) ~[spring-security-web-6.4.5.jar:6.4.5]
	at org.springframework.security.web.context.request.async.WebAsyncManagerIntegrationFilter.doFilterInternal(WebAsyncManagerIntegrationFilter.java:62) ~[spring-security-web-6.4.5.jar:6.4.5]
	at org.springframework.web.filter.OncePerRequestFilter.doFilter(OncePerRequestFilter.java:116) ~[spring-web-6.2.6.jar:6.2.6]
	at org.springframework.security.web.FilterChainProxy$VirtualFilterChain.doFilter(FilterChainProxy.java:374) ~[spring-security-web-6.4.5.jar:6.4.5]
	at org.springframework.security.web.session.DisableEncodeUrlFilter.doFilterInternal(DisableEncodeUrlFilter.java:42) ~[spring-security-web-6.4.5.jar:6.4.5]
	at org.springframework.web.filter.OncePerRequestFilter.doFilter(OncePerRequestFilter.java:116) ~[spring-web-6.2.6.jar:6.2.6]
	at org.springframework.security.web.FilterChainProxy$VirtualFilterChain.doFilter(FilterChainProxy.java:374) ~[spring-security-web-6.4.5.jar:6.4.5]
	at org.springframework.security.web.FilterChainProxy.doFilterInternal(FilterChainProxy.java:233) ~[spring-security-web-6.4.5.jar:6.4.5]
	at org.springframework.security.web.FilterChainProxy.doFilter(FilterChainProxy.java:191) ~[spring-security-web-6.4.5.jar:6.4.5]
	at org.springframework.web.filter.CompositeFilter$VirtualFilterChain.doFilter(CompositeFilter.java:113) ~[spring-web-6.2.6.jar:6.2.6]
	at org.springframework.web.servlet.handler.HandlerMappingIntrospector.lambda$createCacheFilter$3(HandlerMappingIntrospector.java:243) ~[spring-webmvc-6.2.6.jar:6.2.6]
	at org.springframework.web.filter.CompositeFilter$VirtualFilterChain.doFilter(CompositeFilter.java:113) ~[spring-web-6.2.6.jar:6.2.6]
	at org.springframework.web.filter.CompositeFilter.doFilter(CompositeFilter.java:74) ~[spring-web-6.2.6.jar:6.2.6]
	at org.springframework.security.config.annotation.web.configuration.WebMvcSecurityConfiguration$CompositeFilterChainProxy.doFilter(WebMvcSecurityConfiguration.java:238) ~[spring-security-config-6.4.5.jar:6.4.5]
	at org.springframework.web.filter.DelegatingFilterProxy.invokeDelegate(DelegatingFilterProxy.java:362) ~[spring-web-6.2.6.jar:6.2.6]
	at org.springframework.web.filter.DelegatingFilterProxy.doFilter(DelegatingFilterProxy.java:278) ~[spring-web-6.2.6.jar:6.2.6]
	at org.apache.catalina.core.ApplicationFilterChain.internalDoFilter(ApplicationFilterChain.java:164) ~[tomcat-embed-core-10.1.40.jar:10.1.40]
	at org.apache.catalina.core.ApplicationFilterChain.doFilter(ApplicationFilterChain.java:140) ~[tomcat-embed-core-10.1.40.jar:10.1.40]
	at org.springframework.web.filter.RequestContextFilter.doFilterInternal(RequestContextFilter.java:100) ~[spring-web-6.2.6.jar:6.2.6]
	at org.springframework.web.filter.OncePerRequestFilter.doFilter(OncePerRequestFilter.java:116) ~[spring-web-6.2.6.jar:6.2.6]
	at org.apache.catalina.core.ApplicationFilterChain.internalDoFilter(ApplicationFilterChain.java:164) ~[tomcat-embed-core-10.1.40.jar:10.1.40]
	at org.apache.catalina.core.ApplicationFilterChain.doFilter(ApplicationFilterChain.java:140) ~[tomcat-embed-core-10.1.40.jar:10.1.40]
	at org.springframework.web.filter.FormContentFilter.doFilterInternal(FormContentFilter.java:93) ~[spring-web-6.2.6.jar:6.2.6]
	at org.springframework.web.filter.OncePerRequestFilter.doFilter(OncePerRequestFilter.java:116) ~[spring-web-6.2.6.jar:6.2.6]
	at org.apache.catalina.core.ApplicationFilterChain.internalDoFilter(ApplicationFilterChain.java:164) ~[tomcat-embed-core-10.1.40.jar:10.1.40]
	at org.apache.catalina.core.ApplicationFilterChain.doFilter(ApplicationFilterChain.java:140) ~[tomcat-embed-core-10.1.40.jar:10.1.40]
	at org.springframework.web.filter.HiddenHttpMethodFilter.doFilterInternal(HiddenHttpMethodFilter.java:91) ~[spring-web-6.2.6.jar:6.2.6]
	at org.springframework.web.filter.OncePerRequestFilter.doFilter(OncePerRequestFilter.java:116) ~[spring-web-6.2.6.jar:6.2.6]
	at org.apache.catalina.core.ApplicationFilterChain.internalDoFilter(ApplicationFilterChain.java:164) ~[tomcat-embed-core-10.1.40.jar:10.1.40]
	at org.apache.catalina.core.ApplicationFilterChain.doFilter(ApplicationFilterChain.java:140) ~[tomcat-embed-core-10.1.40.jar:10.1.40]
	at org.springframework.web.filter.CharacterEncodingFilter.doFilterInternal(CharacterEncodingFilter.java:201) ~[spring-web-6.2.6.jar:6.2.6]
	at org.springframework.web.filter.OncePerRequestFilter.doFilter(OncePerRequestFilter.java:116) ~[spring-web-6.2.6.jar:6.2.6]
	at org.apache.catalina.core.ApplicationFilterChain.internalDoFilter(ApplicationFilterChain.java:164) ~[tomcat-embed-core-10.1.40.jar:10.1.40]
	at org.apache.catalina.core.ApplicationFilterChain.doFilter(ApplicationFilterChain.java:140) ~[tomcat-embed-core-10.1.40.jar:10.1.40]
	at org.apache.catalina.core.StandardWrapperValve.invoke(StandardWrapperValve.java:167) ~[tomcat-embed-core-10.1.40.jar:10.1.40]
	at org.apache.catalina.core.StandardContextValve.invoke(StandardContextValve.java:90) ~[tomcat-embed-core-10.1.40.jar:10.1.40]
	at org.apache.catalina.authenticator.AuthenticatorBase.invoke(AuthenticatorBase.java:483) ~[tomcat-embed-core-10.1.40.jar:10.1.40]
	at org.apache.catalina.core.StandardHostValve.invoke(StandardHostValve.java:116) ~[tomcat-embed-core-10.1.40.jar:10.1.40]
	at org.apache.catalina.valves.ErrorReportValve.invoke(ErrorReportValve.java:93) ~[tomcat-embed-core-10.1.40.jar:10.1.40]
	at org.apache.catalina.core.StandardEngineValve.invoke(StandardEngineValve.java:74) ~[tomcat-embed-core-10.1.40.jar:10.1.40]
	at org.apache.catalina.connector.CoyoteAdapter.service(CoyoteAdapter.java:344) ~[tomcat-embed-core-10.1.40.jar:10.1.40]
	at org.apache.coyote.http11.Http11Processor.service(Http11Processor.java:398) ~[tomcat-embed-core-10.1.40.jar:10.1.40]
	at org.apache.coyote.AbstractProcessorLight.process(AbstractProcessorLight.java:63) ~[tomcat-embed-core-10.1.40.jar:10.1.40]
	at org.apache.coyote.AbstractProtocol$ConnectionHandler.process(AbstractProtocol.java:903) ~[tomcat-embed-core-10.1.40.jar:10.1.40]
	at org.apache.tomcat.util.net.NioEndpoint$SocketProcessor.doRun(NioEndpoint.java:1740) ~[tomcat-embed-core-10.1.40.jar:10.1.40]
	at org.apache.tomcat.util.net.SocketProcessorBase.run(SocketProcessorBase.java:52) ~[tomcat-embed-core-10.1.40.jar:10.1.40]
	at org.apache.tomcat.util.threads.ThreadPoolExecutor.runWorker(ThreadPoolExecutor.java:1189) ~[tomcat-embed-core-10.1.40.jar:10.1.40]
	at org.apache.tomcat.util.threads.ThreadPoolExecutor$Worker.run(ThreadPoolExecutor.java:658) ~[tomcat-embed-core-10.1.40.jar:10.1.40]
	at org.apache.tomcat.util.threads.TaskThread$WrappingRunnable.run(TaskThread.java:63) ~[tomcat-embed-core-10.1.40.jar:10.1.40]
	at java.base/java.lang.Thread.run(Thread.java:1570) ~[na:na]

2025-07-08T16:30:04.218+08:00 DEBUG 8020 --- [MyWebProject] [http-nio-8080-exec-4] o.s.security.web.FilterChainProxy        : Securing GET /error
2025-07-08T16:30:04.219+08:00 DEBUG 8020 --- [MyWebProject] [http-nio-8080-exec-4] o.s.s.w.a.AnonymousAuthenticationFilter  : Set SecurityContextHolder to anonymous SecurityContext
2025-07-08T16:30:04.220+08:00 DEBUG 8020 --- [MyWebProject] [http-nio-8080-exec-4] o.s.s.w.a.Http403ForbiddenEntryPoint     : Pre-authenticated entry point called. Rejecting access
2025-07-08T16:30:06.344+08:00 ERROR 8020 --- [MyWebProject] [http-nio-8080-exec-9] o.a.c.c.C.[.[.[/].[dispatcherServlet]    : Servlet.service() for servlet [dispatcherServlet] in context with path [] threw exception [Request processing failed: org.springframework.dao.QueryTimeoutException: Redis command timed out] with root cause

io.lettuce.core.RedisCommandTimeoutException: Command timed out after 1 minute(s)
	at io.lettuce.core.internal.ExceptionFactory.createTimeoutException(ExceptionFactory.java:63) ~[lettuce-core-6.4.2.RELEASE.jar:6.4.2.RELEASE/f4dfb40]
	at io.lettuce.core.internal.Futures.awaitOrCancel(Futures.java:233) ~[lettuce-core-6.4.2.RELEASE.jar:6.4.2.RELEASE/f4dfb40]
	at io.lettuce.core.LettuceFutures.awaitOrCancel(LettuceFutures.java:59) ~[lettuce-core-6.4.2.RELEASE.jar:6.4.2.RELEASE/f4dfb40]
	at org.springframework.data.redis.connection.lettuce.LettuceConnection.await(LettuceConnection.java:1010) ~[spring-data-redis-3.4.5.jar:3.4.5]
	at org.springframework.data.redis.connection.lettuce.LettuceConnection.lambda$doInvoke$3(LettuceConnection.java:447) ~[spring-data-redis-3.4.5.jar:3.4.5]
	at org.springframework.data.redis.connection.lettuce.LettuceInvoker$Synchronizer.invoke(LettuceInvoker.java:673) ~[spring-data-redis-3.4.5.jar:3.4.5]
	at org.springframework.data.redis.connection.lettuce.LettuceInvoker$DefaultSingleInvocationSpec.get(LettuceInvoker.java:589) ~[spring-data-redis-3.4.5.jar:3.4.5]
	at org.springframework.data.redis.connection.lettuce.LettuceStringCommands.set(LettuceStringCommands.java:102) ~[spring-data-redis-3.4.5.jar:3.4.5]
	at org.springframework.data.redis.connection.DefaultedRedisConnection.set(DefaultedRedisConnection.java:319) ~[spring-data-redis-3.4.5.jar:3.4.5]
	at org.springframework.data.redis.connection.DefaultStringRedisConnection.set(DefaultStringRedisConnection.java:765) ~[spring-data-redis-3.4.5.jar:3.4.5]
	at org.springframework.data.redis.core.DefaultValueOperations.lambda$set$14(DefaultValueOperations.java:199) ~[spring-data-redis-3.4.5.jar:3.4.5]
	at org.springframework.data.redis.core.RedisTemplate.execute(RedisTemplate.java:411) ~[spring-data-redis-3.4.5.jar:3.4.5]
	at org.springframework.data.redis.core.RedisTemplate.execute(RedisTemplate.java:378) ~[spring-data-redis-3.4.5.jar:3.4.5]
	at org.springframework.data.redis.core.AbstractOperations.execute(AbstractOperations.java:117) ~[spring-data-redis-3.4.5.jar:3.4.5]
	at org.springframework.data.redis.core.DefaultValueOperations.set(DefaultValueOperations.java:199) ~[spring-data-redis-3.4.5.jar:3.4.5]
	at com.example.demo.controller.AuthCodeController.authcode(AuthCodeController.java:40) ~[classes/:na]
	at java.base/jdk.internal.reflect.DirectMethodHandleAccessor.invoke(DirectMethodHandleAccessor.java:103) ~[na:na]
	at java.base/java.lang.reflect.Method.invoke(Method.java:580) ~[na:na]
	at org.springframework.web.method.support.InvocableHandlerMethod.doInvoke(InvocableHandlerMethod.java:258) ~[spring-web-6.2.6.jar:6.2.6]
	at org.springframework.web.method.support.InvocableHandlerMethod.invokeForRequest(InvocableHandlerMethod.java:191) ~[spring-web-6.2.6.jar:6.2.6]
	at org.springframework.web.servlet.mvc.method.annotation.ServletInvocableHandlerMethod.invokeAndHandle(ServletInvocableHandlerMethod.java:118) ~[spring-webmvc-6.2.6.jar:6.2.6]
	at org.springframework.web.servlet.mvc.method.annotation.RequestMappingHandlerAdapter.invokeHandlerMethod(RequestMappingHandlerAdapter.java:986) ~[spring-webmvc-6.2.6.jar:6.2.6]
	at org.springframework.web.servlet.mvc.method.annotation.RequestMappingHandlerAdapter.handleInternal(RequestMappingHandlerAdapter.java:891) ~[spring-webmvc-6.2.6.jar:6.2.6]
	at org.springframework.web.servlet.mvc.method.AbstractHandlerMethodAdapter.handle(AbstractHandlerMethodAdapter.java:87) ~[spring-webmvc-6.2.6.jar:6.2.6]
	at org.springframework.web.servlet.DispatcherServlet.doDispatch(DispatcherServlet.java:1089) ~[spring-webmvc-6.2.6.jar:6.2.6]
	at org.springframework.web.servlet.DispatcherServlet.doService(DispatcherServlet.java:979) ~[spring-webmvc-6.2.6.jar:6.2.6]
	at org.springframework.web.servlet.FrameworkServlet.processRequest(FrameworkServlet.java:1014) ~[spring-webmvc-6.2.6.jar:6.2.6]
	at org.springframework.web.servlet.FrameworkServlet.doGet(FrameworkServlet.java:903) ~[spring-webmvc-6.2.6.jar:6.2.6]
	at jakarta.servlet.http.HttpServlet.service(HttpServlet.java:564) ~[tomcat-embed-core-10.1.40.jar:6.0]
	at org.springframework.web.servlet.FrameworkServlet.service(FrameworkServlet.java:885) ~[spring-webmvc-6.2.6.jar:6.2.6]
	at jakarta.servlet.http.HttpServlet.service(HttpServlet.java:658) ~[tomcat-embed-core-10.1.40.jar:6.0]
	at org.apache.catalina.core.ApplicationFilterChain.internalDoFilter(ApplicationFilterChain.java:195) ~[tomcat-embed-core-10.1.40.jar:10.1.40]
	at org.apache.catalina.core.ApplicationFilterChain.doFilter(ApplicationFilterChain.java:140) ~[tomcat-embed-core-10.1.40.jar:10.1.40]
	at org.apache.tomcat.websocket.server.WsFilter.doFilter(WsFilter.java:51) ~[tomcat-embed-websocket-10.1.40.jar:10.1.40]
	at org.apache.catalina.core.ApplicationFilterChain.internalDoFilter(ApplicationFilterChain.java:164) ~[tomcat-embed-core-10.1.40.jar:10.1.40]
	at org.apache.catalina.core.ApplicationFilterChain.doFilter(ApplicationFilterChain.java:140) ~[tomcat-embed-core-10.1.40.jar:10.1.40]
	at org.springframework.web.filter.OncePerRequestFilter.doFilter(OncePerRequestFilter.java:110) ~[spring-web-6.2.6.jar:6.2.6]
	at org.apache.catalina.core.ApplicationFilterChain.internalDoFilter(ApplicationFilterChain.java:164) ~[tomcat-embed-core-10.1.40.jar:10.1.40]
	at org.apache.catalina.core.ApplicationFilterChain.doFilter(ApplicationFilterChain.java:140) ~[tomcat-embed-core-10.1.40.jar:10.1.40]
	at org.springframework.web.filter.CompositeFilter$VirtualFilterChain.doFilter(CompositeFilter.java:108) ~[spring-web-6.2.6.jar:6.2.6]
	at org.springframework.security.web.FilterChainProxy.lambda$doFilterInternal$3(FilterChainProxy.java:231) ~[spring-security-web-6.4.5.jar:6.4.5]
	at org.springframework.security.web.FilterChainProxy$VirtualFilterChain.doFilter(FilterChainProxy.java:365) ~[spring-security-web-6.4.5.jar:6.4.5]
	at org.springframework.security.web.access.intercept.AuthorizationFilter.doFilter(AuthorizationFilter.java:101) ~[spring-security-web-6.4.5.jar:6.4.5]
	at org.springframework.security.web.FilterChainProxy$VirtualFilterChain.doFilter(FilterChainProxy.java:374) ~[spring-security-web-6.4.5.jar:6.4.5]
	at org.springframework.security.web.access.ExceptionTranslationFilter.doFilter(ExceptionTranslationFilter.java:126) ~[spring-security-web-6.4.5.jar:6.4.5]
	at org.springframework.security.web.access.ExceptionTranslationFilter.doFilter(ExceptionTranslationFilter.java:120) ~[spring-security-web-6.4.5.jar:6.4.5]
	at org.springframework.security.web.FilterChainProxy$VirtualFilterChain.doFilter(FilterChainProxy.java:374) ~[spring-security-web-6.4.5.jar:6.4.5]
	at org.springframework.security.web.session.SessionManagementFilter.doFilter(SessionManagementFilter.java:131) ~[spring-security-web-6.4.5.jar:6.4.5]
	at org.springframework.security.web.session.SessionManagementFilter.doFilter(SessionManagementFilter.java:85) ~[spring-security-web-6.4.5.jar:6.4.5]
	at org.springframework.security.web.FilterChainProxy$VirtualFilterChain.doFilter(FilterChainProxy.java:374) ~[spring-security-web-6.4.5.jar:6.4.5]
	at org.springframework.security.web.authentication.AnonymousAuthenticationFilter.doFilter(AnonymousAuthenticationFilter.java:100) ~[spring-security-web-6.4.5.jar:6.4.5]
	at org.springframework.security.web.FilterChainProxy$VirtualFilterChain.doFilter(FilterChainProxy.java:374) ~[spring-security-web-6.4.5.jar:6.4.5]
	at org.springframework.security.web.servletapi.SecurityContextHolderAwareRequestFilter.doFilter(SecurityContextHolderAwareRequestFilter.java:179) ~[spring-security-web-6.4.5.jar:6.4.5]
	at org.springframework.security.web.FilterChainProxy$VirtualFilterChain.doFilter(FilterChainProxy.java:374) ~[spring-security-web-6.4.5.jar:6.4.5]
	at org.springframework.security.web.savedrequest.RequestCacheAwareFilter.doFilter(RequestCacheAwareFilter.java:63) ~[spring-security-web-6.4.5.jar:6.4.5]
	at org.springframework.security.web.FilterChainProxy$VirtualFilterChain.doFilter(FilterChainProxy.java:374) ~[spring-security-web-6.4.5.jar:6.4.5]
	at com.example.demo.filter.JwtRequestFilter.doFilterInternal(JwtRequestFilter.java:55) ~[classes/:na]
	at org.springframework.web.filter.OncePerRequestFilter.doFilter(OncePerRequestFilter.java:116) ~[spring-web-6.2.6.jar:6.2.6]
	at org.springframework.security.web.FilterChainProxy$VirtualFilterChain.doFilter(FilterChainProxy.java:374) ~[spring-security-web-6.4.5.jar:6.4.5]
	at org.springframework.security.web.authentication.logout.LogoutFilter.doFilter(LogoutFilter.java:107) ~[spring-security-web-6.4.5.jar:6.4.5]
	at org.springframework.security.web.authentication.logout.LogoutFilter.doFilter(LogoutFilter.java:93) ~[spring-security-web-6.4.5.jar:6.4.5]
	at org.springframework.security.web.FilterChainProxy$VirtualFilterChain.doFilter(FilterChainProxy.java:374) ~[spring-security-web-6.4.5.jar:6.4.5]
	at org.springframework.web.filter.CorsFilter.doFilterInternal(CorsFilter.java:91) ~[spring-web-6.2.6.jar:6.2.6]
	at org.springframework.web.filter.OncePerRequestFilter.doFilter(OncePerRequestFilter.java:116) ~[spring-web-6.2.6.jar:6.2.6]
	at org.springframework.security.web.FilterChainProxy$VirtualFilterChain.doFilter(FilterChainProxy.java:374) ~[spring-security-web-6.4.5.jar:6.4.5]
	at org.springframework.security.web.header.HeaderWriterFilter.doHeadersAfter(HeaderWriterFilter.java:90) ~[spring-security-web-6.4.5.jar:6.4.5]
	at org.springframework.security.web.header.HeaderWriterFilter.doFilterInternal(HeaderWriterFilter.java:75) ~[spring-security-web-6.4.5.jar:6.4.5]
	at org.springframework.web.filter.OncePerRequestFilter.doFilter(OncePerRequestFilter.java:116) ~[spring-web-6.2.6.jar:6.2.6]
	at org.springframework.security.web.FilterChainProxy$VirtualFilterChain.doFilter(FilterChainProxy.java:374) ~[spring-security-web-6.4.5.jar:6.4.5]
	at org.springframework.security.web.context.SecurityContextHolderFilter.doFilter(SecurityContextHolderFilter.java:82) ~[spring-security-web-6.4.5.jar:6.4.5]
	at org.springframework.security.web.context.SecurityContextHolderFilter.doFilter(SecurityContextHolderFilter.java:69) ~[spring-security-web-6.4.5.jar:6.4.5]
	at org.springframework.security.web.FilterChainProxy$VirtualFilterChain.doFilter(FilterChainProxy.java:374) ~[spring-security-web-6.4.5.jar:6.4.5]
	at org.springframework.security.web.context.request.async.WebAsyncManagerIntegrationFilter.doFilterInternal(WebAsyncManagerIntegrationFilter.java:62) ~[spring-security-web-6.4.5.jar:6.4.5]
	at org.springframework.web.filter.OncePerRequestFilter.doFilter(OncePerRequestFilter.java:116) ~[spring-web-6.2.6.jar:6.2.6]
	at org.springframework.security.web.FilterChainProxy$VirtualFilterChain.doFilter(FilterChainProxy.java:374) ~[spring-security-web-6.4.5.jar:6.4.5]
	at org.springframework.security.web.session.DisableEncodeUrlFilter.doFilterInternal(DisableEncodeUrlFilter.java:42) ~[spring-security-web-6.4.5.jar:6.4.5]
	at org.springframework.web.filter.OncePerRequestFilter.doFilter(OncePerRequestFilter.java:116) ~[spring-web-6.2.6.jar:6.2.6]
	at org.springframework.security.web.FilterChainProxy$VirtualFilterChain.doFilter(FilterChainProxy.java:374) ~[spring-security-web-6.4.5.jar:6.4.5]
	at org.springframework.security.web.FilterChainProxy.doFilterInternal(FilterChainProxy.java:233) ~[spring-security-web-6.4.5.jar:6.4.5]
	at org.springframework.security.web.FilterChainProxy.doFilter(FilterChainProxy.java:191) ~[spring-security-web-6.4.5.jar:6.4.5]
	at org.springframework.web.filter.CompositeFilter$VirtualFilterChain.doFilter(CompositeFilter.java:113) ~[spring-web-6.2.6.jar:6.2.6]
	at org.springframework.web.servlet.handler.HandlerMappingIntrospector.lambda$createCacheFilter$3(HandlerMappingIntrospector.java:243) ~[spring-webmvc-6.2.6.jar:6.2.6]
	at org.springframework.web.filter.CompositeFilter$VirtualFilterChain.doFilter(CompositeFilter.java:113) ~[spring-web-6.2.6.jar:6.2.6]
	at org.springframework.web.filter.CompositeFilter.doFilter(CompositeFilter.java:74) ~[spring-web-6.2.6.jar:6.2.6]
	at org.springframework.security.config.annotation.web.configuration.WebMvcSecurityConfiguration$CompositeFilterChainProxy.doFilter(WebMvcSecurityConfiguration.java:238) ~[spring-security-config-6.4.5.jar:6.4.5]
	at org.springframework.web.filter.DelegatingFilterProxy.invokeDelegate(DelegatingFilterProxy.java:362) ~[spring-web-6.2.6.jar:6.2.6]
	at org.springframework.web.filter.DelegatingFilterProxy.doFilter(DelegatingFilterProxy.java:278) ~[spring-web-6.2.6.jar:6.2.6]
	at org.apache.catalina.core.ApplicationFilterChain.internalDoFilter(ApplicationFilterChain.java:164) ~[tomcat-embed-core-10.1.40.jar:10.1.40]
	at org.apache.catalina.core.ApplicationFilterChain.doFilter(ApplicationFilterChain.java:140) ~[tomcat-embed-core-10.1.40.jar:10.1.40]
	at org.springframework.web.filter.RequestContextFilter.doFilterInternal(RequestContextFilter.java:100) ~[spring-web-6.2.6.jar:6.2.6]
	at org.springframework.web.filter.OncePerRequestFilter.doFilter(OncePerRequestFilter.java:116) ~[spring-web-6.2.6.jar:6.2.6]
	at org.apache.catalina.core.ApplicationFilterChain.internalDoFilter(ApplicationFilterChain.java:164) ~[tomcat-embed-core-10.1.40.jar:10.1.40]
	at org.apache.catalina.core.ApplicationFilterChain.doFilter(ApplicationFilterChain.java:140) ~[tomcat-embed-core-10.1.40.jar:10.1.40]
	at org.springframework.web.filter.FormContentFilter.doFilterInternal(FormContentFilter.java:93) ~[spring-web-6.2.6.jar:6.2.6]
	at org.springframework.web.filter.OncePerRequestFilter.doFilter(OncePerRequestFilter.java:116) ~[spring-web-6.2.6.jar:6.2.6]
	at org.apache.catalina.core.ApplicationFilterChain.internalDoFilter(ApplicationFilterChain.java:164) ~[tomcat-embed-core-10.1.40.jar:10.1.40]
	at org.apache.catalina.core.ApplicationFilterChain.doFilter(ApplicationFilterChain.java:140) ~[tomcat-embed-core-10.1.40.jar:10.1.40]
	at org.springframework.web.filter.HiddenHttpMethodFilter.doFilterInternal(HiddenHttpMethodFilter.java:91) ~[spring-web-6.2.6.jar:6.2.6]
	at org.springframework.web.filter.OncePerRequestFilter.doFilter(OncePerRequestFilter.java:116) ~[spring-web-6.2.6.jar:6.2.6]
	at org.apache.catalina.core.ApplicationFilterChain.internalDoFilter(ApplicationFilterChain.java:164) ~[tomcat-embed-core-10.1.40.jar:10.1.40]
	at org.apache.catalina.core.ApplicationFilterChain.doFilter(ApplicationFilterChain.java:140) ~[tomcat-embed-core-10.1.40.jar:10.1.40]
	at org.springframework.web.filter.CharacterEncodingFilter.doFilterInternal(CharacterEncodingFilter.java:201) ~[spring-web-6.2.6.jar:6.2.6]
	at org.springframework.web.filter.OncePerRequestFilter.doFilter(OncePerRequestFilter.java:116) ~[spring-web-6.2.6.jar:6.2.6]
	at org.apache.catalina.core.ApplicationFilterChain.internalDoFilter(ApplicationFilterChain.java:164) ~[tomcat-embed-core-10.1.40.jar:10.1.40]
	at org.apache.catalina.core.ApplicationFilterChain.doFilter(ApplicationFilterChain.java:140) ~[tomcat-embed-core-10.1.40.jar:10.1.40]
	at org.apache.catalina.core.StandardWrapperValve.invoke(StandardWrapperValve.java:167) ~[tomcat-embed-core-10.1.40.jar:10.1.40]
	at org.apache.catalina.core.StandardContextValve.invoke(StandardContextValve.java:90) ~[tomcat-embed-core-10.1.40.jar:10.1.40]
	at org.apache.catalina.authenticator.AuthenticatorBase.invoke(AuthenticatorBase.java:483) ~[tomcat-embed-core-10.1.40.jar:10.1.40]
	at org.apache.catalina.core.StandardHostValve.invoke(StandardHostValve.java:116) ~[tomcat-embed-core-10.1.40.jar:10.1.40]
	at org.apache.catalina.valves.ErrorReportValve.invoke(ErrorReportValve.java:93) ~[tomcat-embed-core-10.1.40.jar:10.1.40]
	at org.apache.catalina.core.StandardEngineValve.invoke(StandardEngineValve.java:74) ~[tomcat-embed-core-10.1.40.jar:10.1.40]
	at org.apache.catalina.connector.CoyoteAdapter.service(CoyoteAdapter.java:344) ~[tomcat-embed-core-10.1.40.jar:10.1.40]
	at org.apache.coyote.http11.Http11Processor.service(Http11Processor.java:398) ~[tomcat-embed-core-10.1.40.jar:10.1.40]
	at org.apache.coyote.AbstractProcessorLight.process(AbstractProcessorLight.java:63) ~[tomcat-embed-core-10.1.40.jar:10.1.40]
	at org.apache.coyote.AbstractProtocol$ConnectionHandler.process(AbstractProtocol.java:903) ~[tomcat-embed-core-10.1.40.jar:10.1.40]
	at org.apache.tomcat.util.net.NioEndpoint$SocketProcessor.doRun(NioEndpoint.java:1740) ~[tomcat-embed-core-10.1.40.jar:10.1.40]
	at org.apache.tomcat.util.net.SocketProcessorBase.run(SocketProcessorBase.java:52) ~[tomcat-embed-core-10.1.40.jar:10.1.40]
	at org.apache.tomcat.util.threads.ThreadPoolExecutor.runWorker(ThreadPoolExecutor.java:1189) ~[tomcat-embed-core-10.1.40.jar:10.1.40]
	at org.apache.tomcat.util.threads.ThreadPoolExecutor$Worker.run(ThreadPoolExecutor.java:658) ~[tomcat-embed-core-10.1.40.jar:10.1.40]
	at org.apache.tomcat.util.threads.TaskThread$WrappingRunnable.run(TaskThread.java:63) ~[tomcat-embed-core-10.1.40.jar:10.1.40]
	at java.base/java.lang.Thread.run(Thread.java:1570) ~[na:na]

2025-07-08T16:30:06.381+08:00 DEBUG 8020 --- [MyWebProject] [http-nio-8080-exec-9] o.s.security.web.FilterChainProxy        : Securing GET /error
2025-07-08T16:30:06.383+08:00 DEBUG 8020 --- [MyWebProject] [http-nio-8080-exec-9] o.s.s.w.a.AnonymousAuthenticationFilter  : Set SecurityContextHolder to anonymous SecurityContext
2025-07-08T16:30:06.385+08:00 DEBUG 8020 --- [MyWebProject] [http-nio-8080-exec-9] o.s.s.w.a.Http403ForbiddenEntryPoint     : Pre-authenticated entry point called. Rejecting access
2025-07-08T16:30:06.903+08:00 ERROR 8020 --- [MyWebProject] [http-nio-8080-exec-10] o.a.c.c.C.[.[.[/].[dispatcherServlet]    : Servlet.service() for servlet [dispatcherServlet] in context with path [] threw exception [Request processing failed: org.springframework.dao.QueryTimeoutException: Redis command timed out] with root cause

io.lettuce.core.RedisCommandTimeoutException: Command timed out after 1 minute(s)
	at io.lettuce.core.internal.ExceptionFactory.createTimeoutException(ExceptionFactory.java:63) ~[lettuce-core-6.4.2.RELEASE.jar:6.4.2.RELEASE/f4dfb40]
	at io.lettuce.core.internal.Futures.awaitOrCancel(Futures.java:233) ~[lettuce-core-6.4.2.RELEASE.jar:6.4.2.RELEASE/f4dfb40]
	at io.lettuce.core.LettuceFutures.awaitOrCancel(LettuceFutures.java:59) ~[lettuce-core-6.4.2.RELEASE.jar:6.4.2.RELEASE/f4dfb40]
	at org.springframework.data.redis.connection.lettuce.LettuceConnection.await(LettuceConnection.java:1010) ~[spring-data-redis-3.4.5.jar:3.4.5]
	at org.springframework.data.redis.connection.lettuce.LettuceConnection.lambda$doInvoke$3(LettuceConnection.java:447) ~[spring-data-redis-3.4.5.jar:3.4.5]
	at org.springframework.data.redis.connection.lettuce.LettuceInvoker$Synchronizer.invoke(LettuceInvoker.java:673) ~[spring-data-redis-3.4.5.jar:3.4.5]
	at org.springframework.data.redis.connection.lettuce.LettuceInvoker$DefaultSingleInvocationSpec.get(LettuceInvoker.java:589) ~[spring-data-redis-3.4.5.jar:3.4.5]
	at org.springframework.data.redis.connection.lettuce.LettuceStringCommands.set(LettuceStringCommands.java:102) ~[spring-data-redis-3.4.5.jar:3.4.5]
	at org.springframework.data.redis.connection.DefaultedRedisConnection.set(DefaultedRedisConnection.java:319) ~[spring-data-redis-3.4.5.jar:3.4.5]
	at org.springframework.data.redis.connection.DefaultStringRedisConnection.set(DefaultStringRedisConnection.java:765) ~[spring-data-redis-3.4.5.jar:3.4.5]
	at org.springframework.data.redis.core.DefaultValueOperations.lambda$set$14(DefaultValueOperations.java:199) ~[spring-data-redis-3.4.5.jar:3.4.5]
	at org.springframework.data.redis.core.RedisTemplate.execute(RedisTemplate.java:411) ~[spring-data-redis-3.4.5.jar:3.4.5]
	at org.springframework.data.redis.core.RedisTemplate.execute(RedisTemplate.java:378) ~[spring-data-redis-3.4.5.jar:3.4.5]
	at org.springframework.data.redis.core.AbstractOperations.execute(AbstractOperations.java:117) ~[spring-data-redis-3.4.5.jar:3.4.5]
	at org.springframework.data.redis.core.DefaultValueOperations.set(DefaultValueOperations.java:199) ~[spring-data-redis-3.4.5.jar:3.4.5]
	at com.example.demo.controller.AuthCodeController.authcode(AuthCodeController.java:40) ~[classes/:na]
	at java.base/jdk.internal.reflect.DirectMethodHandleAccessor.invoke(DirectMethodHandleAccessor.java:103) ~[na:na]
	at java.base/java.lang.reflect.Method.invoke(Method.java:580) ~[na:na]
	at org.springframework.web.method.support.InvocableHandlerMethod.doInvoke(InvocableHandlerMethod.java:258) ~[spring-web-6.2.6.jar:6.2.6]
	at org.springframework.web.method.support.InvocableHandlerMethod.invokeForRequest(InvocableHandlerMethod.java:191) ~[spring-web-6.2.6.jar:6.2.6]
	at org.springframework.web.servlet.mvc.method.annotation.ServletInvocableHandlerMethod.invokeAndHandle(ServletInvocableHandlerMethod.java:118) ~[spring-webmvc-6.2.6.jar:6.2.6]
	at org.springframework.web.servlet.mvc.method.annotation.RequestMappingHandlerAdapter.invokeHandlerMethod(RequestMappingHandlerAdapter.java:986) ~[spring-webmvc-6.2.6.jar:6.2.6]
	at org.springframework.web.servlet.mvc.method.annotation.RequestMappingHandlerAdapter.handleInternal(RequestMappingHandlerAdapter.java:891) ~[spring-webmvc-6.2.6.jar:6.2.6]
	at org.springframework.web.servlet.mvc.method.AbstractHandlerMethodAdapter.handle(AbstractHandlerMethodAdapter.java:87) ~[spring-webmvc-6.2.6.jar:6.2.6]
	at org.springframework.web.servlet.DispatcherServlet.doDispatch(DispatcherServlet.java:1089) ~[spring-webmvc-6.2.6.jar:6.2.6]
	at org.springframework.web.servlet.DispatcherServlet.doService(DispatcherServlet.java:979) ~[spring-webmvc-6.2.6.jar:6.2.6]
	at org.springframework.web.servlet.FrameworkServlet.processRequest(FrameworkServlet.java:1014) ~[spring-webmvc-6.2.6.jar:6.2.6]
	at org.springframework.web.servlet.FrameworkServlet.doGet(FrameworkServlet.java:903) ~[spring-webmvc-6.2.6.jar:6.2.6]
	at jakarta.servlet.http.HttpServlet.service(HttpServlet.java:564) ~[tomcat-embed-core-10.1.40.jar:6.0]
	at org.springframework.web.servlet.FrameworkServlet.service(FrameworkServlet.java:885) ~[spring-webmvc-6.2.6.jar:6.2.6]
	at jakarta.servlet.http.HttpServlet.service(HttpServlet.java:658) ~[tomcat-embed-core-10.1.40.jar:6.0]
	at org.apache.catalina.core.ApplicationFilterChain.internalDoFilter(ApplicationFilterChain.java:195) ~[tomcat-embed-core-10.1.40.jar:10.1.40]
	at org.apache.catalina.core.ApplicationFilterChain.doFilter(ApplicationFilterChain.java:140) ~[tomcat-embed-core-10.1.40.jar:10.1.40]
	at org.apache.tomcat.websocket.server.WsFilter.doFilter(WsFilter.java:51) ~[tomcat-embed-websocket-10.1.40.jar:10.1.40]
	at org.apache.catalina.core.ApplicationFilterChain.internalDoFilter(ApplicationFilterChain.java:164) ~[tomcat-embed-core-10.1.40.jar:10.1.40]
	at org.apache.catalina.core.ApplicationFilterChain.doFilter(ApplicationFilterChain.java:140) ~[tomcat-embed-core-10.1.40.jar:10.1.40]
	at org.springframework.web.filter.OncePerRequestFilter.doFilter(OncePerRequestFilter.java:110) ~[spring-web-6.2.6.jar:6.2.6]
	at org.apache.catalina.core.ApplicationFilterChain.internalDoFilter(ApplicationFilterChain.java:164) ~[tomcat-embed-core-10.1.40.jar:10.1.40]
	at org.apache.catalina.core.ApplicationFilterChain.doFilter(ApplicationFilterChain.java:140) ~[tomcat-embed-core-10.1.40.jar:10.1.40]
	at org.springframework.web.filter.CompositeFilter$VirtualFilterChain.doFilter(CompositeFilter.java:108) ~[spring-web-6.2.6.jar:6.2.6]
	at org.springframework.security.web.FilterChainProxy.lambda$doFilterInternal$3(FilterChainProxy.java:231) ~[spring-security-web-6.4.5.jar:6.4.5]
	at org.springframework.security.web.FilterChainProxy$VirtualFilterChain.doFilter(FilterChainProxy.java:365) ~[spring-security-web-6.4.5.jar:6.4.5]
	at org.springframework.security.web.access.intercept.AuthorizationFilter.doFilter(AuthorizationFilter.java:101) ~[spring-security-web-6.4.5.jar:6.4.5]
	at org.springframework.security.web.FilterChainProxy$VirtualFilterChain.doFilter(FilterChainProxy.java:374) ~[spring-security-web-6.4.5.jar:6.4.5]
	at org.springframework.security.web.access.ExceptionTranslationFilter.doFilter(ExceptionTranslationFilter.java:126) ~[spring-security-web-6.4.5.jar:6.4.5]
	at org.springframework.security.web.access.ExceptionTranslationFilter.doFilter(ExceptionTranslationFilter.java:120) ~[spring-security-web-6.4.5.jar:6.4.5]
	at org.springframework.security.web.FilterChainProxy$VirtualFilterChain.doFilter(FilterChainProxy.java:374) ~[spring-security-web-6.4.5.jar:6.4.5]
	at org.springframework.security.web.session.SessionManagementFilter.doFilter(SessionManagementFilter.java:131) ~[spring-security-web-6.4.5.jar:6.4.5]
	at org.springframework.security.web.session.SessionManagementFilter.doFilter(SessionManagementFilter.java:85) ~[spring-security-web-6.4.5.jar:6.4.5]
	at org.springframework.security.web.FilterChainProxy$VirtualFilterChain.doFilter(FilterChainProxy.java:374) ~[spring-security-web-6.4.5.jar:6.4.5]
	at org.springframework.security.web.authentication.AnonymousAuthenticationFilter.doFilter(AnonymousAuthenticationFilter.java:100) ~[spring-security-web-6.4.5.jar:6.4.5]
	at org.springframework.security.web.FilterChainProxy$VirtualFilterChain.doFilter(FilterChainProxy.java:374) ~[spring-security-web-6.4.5.jar:6.4.5]
	at org.springframework.security.web.servletapi.SecurityContextHolderAwareRequestFilter.doFilter(SecurityContextHolderAwareRequestFilter.java:179) ~[spring-security-web-6.4.5.jar:6.4.5]
	at org.springframework.security.web.FilterChainProxy$VirtualFilterChain.doFilter(FilterChainProxy.java:374) ~[spring-security-web-6.4.5.jar:6.4.5]
	at org.springframework.security.web.savedrequest.RequestCacheAwareFilter.doFilter(RequestCacheAwareFilter.java:63) ~[spring-security-web-6.4.5.jar:6.4.5]
	at org.springframework.security.web.FilterChainProxy$VirtualFilterChain.doFilter(FilterChainProxy.java:374) ~[spring-security-web-6.4.5.jar:6.4.5]
	at com.example.demo.filter.JwtRequestFilter.doFilterInternal(JwtRequestFilter.java:55) ~[classes/:na]
	at org.springframework.web.filter.OncePerRequestFilter.doFilter(OncePerRequestFilter.java:116) ~[spring-web-6.2.6.jar:6.2.6]
	at org.springframework.security.web.FilterChainProxy$VirtualFilterChain.doFilter(FilterChainProxy.java:374) ~[spring-security-web-6.4.5.jar:6.4.5]
	at org.springframework.security.web.authentication.logout.LogoutFilter.doFilter(LogoutFilter.java:107) ~[spring-security-web-6.4.5.jar:6.4.5]
	at org.springframework.security.web.authentication.logout.LogoutFilter.doFilter(LogoutFilter.java:93) ~[spring-security-web-6.4.5.jar:6.4.5]
	at org.springframework.security.web.FilterChainProxy$VirtualFilterChain.doFilter(FilterChainProxy.java:374) ~[spring-security-web-6.4.5.jar:6.4.5]
	at org.springframework.web.filter.CorsFilter.doFilterInternal(CorsFilter.java:91) ~[spring-web-6.2.6.jar:6.2.6]
	at org.springframework.web.filter.OncePerRequestFilter.doFilter(OncePerRequestFilter.java:116) ~[spring-web-6.2.6.jar:6.2.6]
	at org.springframework.security.web.FilterChainProxy$VirtualFilterChain.doFilter(FilterChainProxy.java:374) ~[spring-security-web-6.4.5.jar:6.4.5]
	at org.springframework.security.web.header.HeaderWriterFilter.doHeadersAfter(HeaderWriterFilter.java:90) ~[spring-security-web-6.4.5.jar:6.4.5]
	at org.springframework.security.web.header.HeaderWriterFilter.doFilterInternal(HeaderWriterFilter.java:75) ~[spring-security-web-6.4.5.jar:6.4.5]
	at org.springframework.web.filter.OncePerRequestFilter.doFilter(OncePerRequestFilter.java:116) ~[spring-web-6.2.6.jar:6.2.6]
	at org.springframework.security.web.FilterChainProxy$VirtualFilterChain.doFilter(FilterChainProxy.java:374) ~[spring-security-web-6.4.5.jar:6.4.5]
	at org.springframework.security.web.context.SecurityContextHolderFilter.doFilter(SecurityContextHolderFilter.java:82) ~[spring-security-web-6.4.5.jar:6.4.5]
	at org.springframework.security.web.context.SecurityContextHolderFilter.doFilter(SecurityContextHolderFilter.java:69) ~[spring-security-web-6.4.5.jar:6.4.5]
	at org.springframework.security.web.FilterChainProxy$VirtualFilterChain.doFilter(FilterChainProxy.java:374) ~[spring-security-web-6.4.5.jar:6.4.5]
	at org.springframework.security.web.context.request.async.WebAsyncManagerIntegrationFilter.doFilterInternal(WebAsyncManagerIntegrationFilter.java:62) ~[spring-security-web-6.4.5.jar:6.4.5]
	at org.springframework.web.filter.OncePerRequestFilter.doFilter(OncePerRequestFilter.java:116) ~[spring-web-6.2.6.jar:6.2.6]
	at org.springframework.security.web.FilterChainProxy$VirtualFilterChain.doFilter(FilterChainProxy.java:374) ~[spring-security-web-6.4.5.jar:6.4.5]
	at org.springframework.security.web.session.DisableEncodeUrlFilter.doFilterInternal(DisableEncodeUrlFilter.java:42) ~[spring-security-web-6.4.5.jar:6.4.5]
	at org.springframework.web.filter.OncePerRequestFilter.doFilter(OncePerRequestFilter.java:116) ~[spring-web-6.2.6.jar:6.2.6]
	at org.springframework.security.web.FilterChainProxy$VirtualFilterChain.doFilter(FilterChainProxy.java:374) ~[spring-security-web-6.4.5.jar:6.4.5]
	at org.springframework.security.web.FilterChainProxy.doFilterInternal(FilterChainProxy.java:233) ~[spring-security-web-6.4.5.jar:6.4.5]
	at org.springframework.security.web.FilterChainProxy.doFilter(FilterChainProxy.java:191) ~[spring-security-web-6.4.5.jar:6.4.5]
	at org.springframework.web.filter.CompositeFilter$VirtualFilterChain.doFilter(CompositeFilter.java:113) ~[spring-web-6.2.6.jar:6.2.6]
	at org.springframework.web.servlet.handler.HandlerMappingIntrospector.lambda$createCacheFilter$3(HandlerMappingIntrospector.java:243) ~[spring-webmvc-6.2.6.jar:6.2.6]
	at org.springframework.web.filter.CompositeFilter$VirtualFilterChain.doFilter(CompositeFilter.java:113) ~[spring-web-6.2.6.jar:6.2.6]
	at org.springframework.web.filter.CompositeFilter.doFilter(CompositeFilter.java:74) ~[spring-web-6.2.6.jar:6.2.6]
	at org.springframework.security.config.annotation.web.configuration.WebMvcSecurityConfiguration$CompositeFilterChainProxy.doFilter(WebMvcSecurityConfiguration.java:238) ~[spring-security-config-6.4.5.jar:6.4.5]
	at org.springframework.web.filter.DelegatingFilterProxy.invokeDelegate(DelegatingFilterProxy.java:362) ~[spring-web-6.2.6.jar:6.2.6]
	at org.springframework.web.filter.DelegatingFilterProxy.doFilter(DelegatingFilterProxy.java:278) ~[spring-web-6.2.6.jar:6.2.6]
	at org.apache.catalina.core.ApplicationFilterChain.internalDoFilter(ApplicationFilterChain.java:164) ~[tomcat-embed-core-10.1.40.jar:10.1.40]
	at org.apache.catalina.core.ApplicationFilterChain.doFilter(ApplicationFilterChain.java:140) ~[tomcat-embed-core-10.1.40.jar:10.1.40]
	at org.springframework.web.filter.RequestContextFilter.doFilterInternal(RequestContextFilter.java:100) ~[spring-web-6.2.6.jar:6.2.6]
	at org.springframework.web.filter.OncePerRequestFilter.doFilter(OncePerRequestFilter.java:116) ~[spring-web-6.2.6.jar:6.2.6]
	at org.apache.catalina.core.ApplicationFilterChain.internalDoFilter(ApplicationFilterChain.java:164) ~[tomcat-embed-core-10.1.40.jar:10.1.40]
	at org.apache.catalina.core.ApplicationFilterChain.doFilter(ApplicationFilterChain.java:140) ~[tomcat-embed-core-10.1.40.jar:10.1.40]
	at org.springframework.web.filter.FormContentFilter.doFilterInternal(FormContentFilter.java:93) ~[spring-web-6.2.6.jar:6.2.6]
	at org.springframework.web.filter.OncePerRequestFilter.doFilter(OncePerRequestFilter.java:116) ~[spring-web-6.2.6.jar:6.2.6]
	at org.apache.catalina.core.ApplicationFilterChain.internalDoFilter(ApplicationFilterChain.java:164) ~[tomcat-embed-core-10.1.40.jar:10.1.40]
	at org.apache.catalina.core.ApplicationFilterChain.doFilter(ApplicationFilterChain.java:140) ~[tomcat-embed-core-10.1.40.jar:10.1.40]
	at org.springframework.web.filter.HiddenHttpMethodFilter.doFilterInternal(HiddenHttpMethodFilter.java:91) ~[spring-web-6.2.6.jar:6.2.6]
	at org.springframework.web.filter.OncePerRequestFilter.doFilter(OncePerRequestFilter.java:116) ~[spring-web-6.2.6.jar:6.2.6]
	at org.apache.catalina.core.ApplicationFilterChain.internalDoFilter(ApplicationFilterChain.java:164) ~[tomcat-embed-core-10.1.40.jar:10.1.40]
	at org.apache.catalina.core.ApplicationFilterChain.doFilter(ApplicationFilterChain.java:140) ~[tomcat-embed-core-10.1.40.jar:10.1.40]
	at org.springframework.web.filter.CharacterEncodingFilter.doFilterInternal(CharacterEncodingFilter.java:201) ~[spring-web-6.2.6.jar:6.2.6]
	at org.springframework.web.filter.OncePerRequestFilter.doFilter(OncePerRequestFilter.java:116) ~[spring-web-6.2.6.jar:6.2.6]
	at org.apache.catalina.core.ApplicationFilterChain.internalDoFilter(ApplicationFilterChain.java:164) ~[tomcat-embed-core-10.1.40.jar:10.1.40]
	at org.apache.catalina.core.ApplicationFilterChain.doFilter(ApplicationFilterChain.java:140) ~[tomcat-embed-core-10.1.40.jar:10.1.40]
	at org.apache.catalina.core.StandardWrapperValve.invoke(StandardWrapperValve.java:167) ~[tomcat-embed-core-10.1.40.jar:10.1.40]
	at org.apache.catalina.core.StandardContextValve.invoke(StandardContextValve.java:90) ~[tomcat-embed-core-10.1.40.jar:10.1.40]
	at org.apache.catalina.authenticator.AuthenticatorBase.invoke(AuthenticatorBase.java:483) ~[tomcat-embed-core-10.1.40.jar:10.1.40]
	at org.apache.catalina.core.StandardHostValve.invoke(StandardHostValve.java:116) ~[tomcat-embed-core-10.1.40.jar:10.1.40]
	at org.apache.catalina.valves.ErrorReportValve.invoke(ErrorReportValve.java:93) ~[tomcat-embed-core-10.1.40.jar:10.1.40]
	at org.apache.catalina.core.StandardEngineValve.invoke(StandardEngineValve.java:74) ~[tomcat-embed-core-10.1.40.jar:10.1.40]
	at org.apache.catalina.connector.CoyoteAdapter.service(CoyoteAdapter.java:344) ~[tomcat-embed-core-10.1.40.jar:10.1.40]
	at org.apache.coyote.http11.Http11Processor.service(Http11Processor.java:398) ~[tomcat-embed-core-10.1.40.jar:10.1.40]
	at org.apache.coyote.AbstractProcessorLight.process(AbstractProcessorLight.java:63) ~[tomcat-embed-core-10.1.40.jar:10.1.40]
	at org.apache.coyote.AbstractProtocol$ConnectionHandler.process(AbstractProtocol.java:903) ~[tomcat-embed-core-10.1.40.jar:10.1.40]
	at org.apache.tomcat.util.net.NioEndpoint$SocketProcessor.doRun(NioEndpoint.java:1740) ~[tomcat-embed-core-10.1.40.jar:10.1.40]
	at org.apache.tomcat.util.net.SocketProcessorBase.run(SocketProcessorBase.java:52) ~[tomcat-embed-core-10.1.40.jar:10.1.40]
	at org.apache.tomcat.util.threads.ThreadPoolExecutor.runWorker(ThreadPoolExecutor.java:1189) ~[tomcat-embed-core-10.1.40.jar:10.1.40]
	at org.apache.tomcat.util.threads.ThreadPoolExecutor$Worker.run(ThreadPoolExecutor.java:658) ~[tomcat-embed-core-10.1.40.jar:10.1.40]
	at org.apache.tomcat.util.threads.TaskThread$WrappingRunnable.run(TaskThread.java:63) ~[tomcat-embed-core-10.1.40.jar:10.1.40]
	at java.base/java.lang.Thread.run(Thread.java:1570) ~[na:na]

2025-07-08T16:30:06.923+08:00 DEBUG 8020 --- [MyWebProject] [http-nio-8080-exec-10] o.s.security.web.FilterChainProxy        : Securing GET /error
2025-07-08T16:30:06.923+08:00 DEBUG 8020 --- [MyWebProject] [http-nio-8080-exec-10] o.s.s.w.a.AnonymousAuthenticationFilter  : Set SecurityContextHolder to anonymous SecurityContext
2025-07-08T16:30:06.923+08:00 DEBUG 8020 --- [MyWebProject] [http-nio-8080-exec-10] o.s.s.w.a.Http403ForbiddenEntryPoint     : Pre-authenticated entry point called. Rejecting access
2025-07-08T16:30:21.279+08:00  INFO 8020 --- [MyWebProject] [lettuce-eventExecutorLoop-1-3] i.l.core.protocol.ConnectionWatchdog     : Reconnecting, last destination was localhost/<unresolved>:6379
2025-07-08T16:30:21.284+08:00  WARN 8020 --- [MyWebProject] [lettuce-nioEventLoop-4-3] i.l.core.protocol.ConnectionWatchdog     : Cannot reconnect to [localhost/<unresolved>:6379]: Connection refused: localhost/127.0.0.1:6379
2025-07-08T16:30:51.376+08:00  INFO 8020 --- [MyWebProject] [lettuce-eventExecutorLoop-1-4] i.l.core.protocol.ConnectionWatchdog     : Reconnecting, last destination was localhost/<unresolved>:6379
2025-07-08T16:30:51.383+08:00  WARN 8020 --- [MyWebProject] [lettuce-nioEventLoop-4-4] i.l.core.protocol.ConnectionWatchdog     : Cannot reconnect to [localhost/<unresolved>:6379]: Connection refused: localhost/127.0.0.1:6379
2025-07-08T16:31:04.393+08:00 DEBUG 8020 --- [MyWebProject] [http-nio-8080-exec-6] o.s.security.web.FilterChainProxy        : Securing GET /check-login
2025-07-08T16:31:04.393+08:00 DEBUG 8020 --- [MyWebProject] [http-nio-8080-exec-2] o.s.security.web.FilterChainProxy        : Securing GET /userinfo
2025-07-08T16:31:04.396+08:00 DEBUG 8020 --- [MyWebProject] [http-nio-8080-exec-7] o.s.security.web.FilterChainProxy        : Securing GET /captcha
2025-07-08T16:31:04.407+08:00 DEBUG 8020 --- [MyWebProject] [http-nio-8080-exec-1] o.s.security.web.FilterChainProxy        : Securing GET /categories
2025-07-08T16:31:04.592+08:00 DEBUG 8020 --- [MyWebProject] [http-nio-8080-exec-1] o.s.s.w.a.AnonymousAuthenticationFilter  : Set SecurityContextHolder to anonymous SecurityContext
2025-07-08T16:31:04.595+08:00 DEBUG 8020 --- [MyWebProject] [http-nio-8080-exec-7] o.s.s.w.a.AnonymousAuthenticationFilter  : Set SecurityContextHolder to anonymous SecurityContext
2025-07-08T16:31:04.598+08:00 DEBUG 8020 --- [MyWebProject] [http-nio-8080-exec-6] o.s.s.w.a.AnonymousAuthenticationFilter  : Set SecurityContextHolder to anonymous SecurityContext
2025-07-08T16:31:04.598+08:00 DEBUG 8020 --- [MyWebProject] [http-nio-8080-exec-7] o.s.security.web.FilterChainProxy        : Secured GET /captcha
2025-07-08T16:31:04.592+08:00 DEBUG 8020 --- [MyWebProject] [http-nio-8080-exec-2] o.s.s.w.a.AnonymousAuthenticationFilter  : Set SecurityContextHolder to anonymous SecurityContext
2025-07-08T16:31:04.609+08:00 DEBUG 8020 --- [MyWebProject] [http-nio-8080-exec-2] o.s.s.w.a.Http403ForbiddenEntryPoint     : Pre-authenticated entry point called. Rejecting access
2025-07-08T16:31:04.610+08:00 DEBUG 8020 --- [MyWebProject] [http-nio-8080-exec-2] o.s.security.web.FilterChainProxy        : Securing GET /error
2025-07-08T16:31:04.613+08:00 DEBUG 8020 --- [MyWebProject] [http-nio-8080-exec-2] o.s.s.w.a.AnonymousAuthenticationFilter  : Set SecurityContextHolder to anonymous SecurityContext
2025-07-08T16:31:04.613+08:00 DEBUG 8020 --- [MyWebProject] [http-nio-8080-exec-1] o.s.security.web.FilterChainProxy        : Secured GET /categories
2025-07-08T16:31:04.613+08:00 DEBUG 8020 --- [MyWebProject] [http-nio-8080-exec-2] o.s.s.w.a.Http403ForbiddenEntryPoint     : Pre-authenticated entry point called. Rejecting access
2025-07-08T16:31:04.614+08:00 DEBUG 8020 --- [MyWebProject] [http-nio-8080-exec-6] o.s.s.w.a.Http403ForbiddenEntryPoint     : Pre-authenticated entry point called. Rejecting access
2025-07-08T16:31:04.620+08:00 DEBUG 8020 --- [MyWebProject] [http-nio-8080-exec-6] o.s.security.web.FilterChainProxy        : Securing GET /error
2025-07-08T16:31:04.623+08:00 DEBUG 8020 --- [MyWebProject] [http-nio-8080-exec-6] o.s.s.w.a.AnonymousAuthenticationFilter  : Set SecurityContextHolder to anonymous SecurityContext
2025-07-08T16:31:04.623+08:00 DEBUG 8020 --- [MyWebProject] [http-nio-8080-exec-6] o.s.s.w.a.Http403ForbiddenEntryPoint     : Pre-authenticated entry point called. Rejecting access
2025-07-08T16:31:04.624+08:00 DEBUG 8020 --- [MyWebProject] [http-nio-8080-exec-8] o.s.security.web.FilterChainProxy        : Securing GET /userinfo
2025-07-08T16:31:04.629+08:00 DEBUG 8020 --- [MyWebProject] [http-nio-8080-exec-5] o.s.security.web.FilterChainProxy        : Securing GET /check-login
2025-07-08T16:31:04.630+08:00 DEBUG 8020 --- [MyWebProject] [http-nio-8080-exec-8] o.s.s.w.a.AnonymousAuthenticationFilter  : Set SecurityContextHolder to anonymous SecurityContext
2025-07-08T16:31:04.630+08:00 DEBUG 8020 --- [MyWebProject] [http-nio-8080-exec-5] o.s.s.w.a.AnonymousAuthenticationFilter  : Set SecurityContextHolder to anonymous SecurityContext
2025-07-08T16:31:04.631+08:00 DEBUG 8020 --- [MyWebProject] [http-nio-8080-exec-5] o.s.s.w.a.Http403ForbiddenEntryPoint     : Pre-authenticated entry point called. Rejecting access
2025-07-08T16:31:04.631+08:00 DEBUG 8020 --- [MyWebProject] [http-nio-8080-exec-8] o.s.s.w.a.Http403ForbiddenEntryPoint     : Pre-authenticated entry point called. Rejecting access
2025-07-08T16:31:04.632+08:00 DEBUG 8020 --- [MyWebProject] [http-nio-8080-exec-5] o.s.security.web.FilterChainProxy        : Securing GET /error
2025-07-08T16:31:04.634+08:00 DEBUG 8020 --- [MyWebProject] [http-nio-8080-exec-5] o.s.s.w.a.AnonymousAuthenticationFilter  : Set SecurityContextHolder to anonymous SecurityContext
2025-07-08T16:31:04.635+08:00 DEBUG 8020 --- [MyWebProject] [http-nio-8080-exec-5] o.s.s.w.a.Http403ForbiddenEntryPoint     : Pre-authenticated entry point called. Rejecting access
2025-07-08T16:31:04.636+08:00 DEBUG 8020 --- [MyWebProject] [http-nio-8080-exec-8] o.s.security.web.FilterChainProxy        : Securing GET /error
2025-07-08T16:31:04.640+08:00 DEBUG 8020 --- [MyWebProject] [http-nio-8080-exec-8] o.s.s.w.a.AnonymousAuthenticationFilter  : Set SecurityContextHolder to anonymous SecurityContext
2025-07-08T16:31:04.640+08:00 DEBUG 8020 --- [MyWebProject] [http-nio-8080-exec-8] o.s.s.w.a.Http403ForbiddenEntryPoint     : Pre-authenticated entry point called. Rejecting access
2025-07-08T16:31:04.775+08:00 DEBUG 8020 --- [MyWebProject] [http-nio-8080-exec-4] o.s.security.web.FilterChainProxy        : Securing GET /categories
2025-07-08T16:31:04.777+08:00 DEBUG 8020 --- [MyWebProject] [http-nio-8080-exec-4] o.s.s.w.a.AnonymousAuthenticationFilter  : Set SecurityContextHolder to anonymous SecurityContext
2025-07-08T16:31:04.780+08:00 DEBUG 8020 --- [MyWebProject] [http-nio-8080-exec-4] o.s.security.web.FilterChainProxy        : Secured GET /categories
2025-07-08T16:31:21.472+08:00  INFO 8020 --- [MyWebProject] [lettuce-eventExecutorLoop-1-3] i.l.core.protocol.ConnectionWatchdog     : Reconnecting, last destination was localhost/<unresolved>:6379
2025-07-08T16:31:21.825+08:00  INFO 8020 --- [MyWebProject] [lettuce-nioEventLoop-4-1] i.l.core.protocol.ReconnectionHandler    : Reconnected to localhost/<unresolved>:6379
2025-07-08T16:31:22.364+08:00 DEBUG 8020 --- [MyWebProject] [http-nio-8080-exec-2] o.s.security.web.FilterChainProxy        : Securing GET /userinfo
2025-07-08T16:31:22.373+08:00 DEBUG 8020 --- [MyWebProject] [http-nio-8080-exec-6] o.s.security.web.FilterChainProxy        : Securing GET /categories
2025-07-08T16:31:22.375+08:00 DEBUG 8020 --- [MyWebProject] [http-nio-8080-exec-3] o.s.security.web.FilterChainProxy        : Securing GET /check-login
2025-07-08T16:31:22.379+08:00 DEBUG 8020 --- [MyWebProject] [http-nio-8080-exec-5] o.s.security.web.FilterChainProxy        : Securing GET /captcha
2025-07-08T16:31:22.380+08:00 DEBUG 8020 --- [MyWebProject] [http-nio-8080-exec-6] o.s.s.w.a.AnonymousAuthenticationFilter  : Set SecurityContextHolder to anonymous SecurityContext
2025-07-08T16:31:22.382+08:00 DEBUG 8020 --- [MyWebProject] [http-nio-8080-exec-6] o.s.security.web.FilterChainProxy        : Secured GET /categories
2025-07-08T16:31:22.388+08:00 DEBUG 8020 --- [MyWebProject] [http-nio-8080-exec-2] o.s.s.w.a.AnonymousAuthenticationFilter  : Set SecurityContextHolder to anonymous SecurityContext
2025-07-08T16:31:22.389+08:00 DEBUG 8020 --- [MyWebProject] [http-nio-8080-exec-2] o.s.s.w.a.Http403ForbiddenEntryPoint     : Pre-authenticated entry point called. Rejecting access
2025-07-08T16:31:22.389+08:00 DEBUG 8020 --- [MyWebProject] [http-nio-8080-exec-5] o.s.s.w.a.AnonymousAuthenticationFilter  : Set SecurityContextHolder to anonymous SecurityContext
2025-07-08T16:31:22.390+08:00 DEBUG 8020 --- [MyWebProject] [http-nio-8080-exec-3] o.s.s.w.a.AnonymousAuthenticationFilter  : Set SecurityContextHolder to anonymous SecurityContext
2025-07-08T16:31:22.390+08:00 DEBUG 8020 --- [MyWebProject] [http-nio-8080-exec-5] o.s.security.web.FilterChainProxy        : Secured GET /captcha
2025-07-08T16:31:22.392+08:00 DEBUG 8020 --- [MyWebProject] [http-nio-8080-exec-2] o.s.security.web.FilterChainProxy        : Securing GET /error
2025-07-08T16:31:22.394+08:00 DEBUG 8020 --- [MyWebProject] [http-nio-8080-exec-2] o.s.s.w.a.AnonymousAuthenticationFilter  : Set SecurityContextHolder to anonymous SecurityContext
2025-07-08T16:31:22.394+08:00 DEBUG 8020 --- [MyWebProject] [http-nio-8080-exec-3] o.s.s.w.a.Http403ForbiddenEntryPoint     : Pre-authenticated entry point called. Rejecting access
2025-07-08T16:31:22.394+08:00 DEBUG 8020 --- [MyWebProject] [http-nio-8080-exec-2] o.s.s.w.a.Http403ForbiddenEntryPoint     : Pre-authenticated entry point called. Rejecting access
2025-07-08T16:31:22.397+08:00 DEBUG 8020 --- [MyWebProject] [http-nio-8080-exec-3] o.s.security.web.FilterChainProxy        : Securing GET /error
2025-07-08T16:31:22.398+08:00 DEBUG 8020 --- [MyWebProject] [http-nio-8080-exec-3] o.s.s.w.a.AnonymousAuthenticationFilter  : Set SecurityContextHolder to anonymous SecurityContext
2025-07-08T16:31:22.399+08:00 DEBUG 8020 --- [MyWebProject] [http-nio-8080-exec-8] o.s.security.web.FilterChainProxy        : Securing GET /userinfo
2025-07-08T16:31:22.401+08:00 DEBUG 8020 --- [MyWebProject] [http-nio-8080-exec-8] o.s.s.w.a.AnonymousAuthenticationFilter  : Set SecurityContextHolder to anonymous SecurityContext
2025-07-08T16:31:22.405+08:00 DEBUG 8020 --- [MyWebProject] [http-nio-8080-exec-8] o.s.s.w.a.Http403ForbiddenEntryPoint     : Pre-authenticated entry point called. Rejecting access
2025-07-08T16:31:22.405+08:00 DEBUG 8020 --- [MyWebProject] [http-nio-8080-exec-3] o.s.s.w.a.Http403ForbiddenEntryPoint     : Pre-authenticated entry point called. Rejecting access
2025-07-08T16:31:22.407+08:00 DEBUG 8020 --- [MyWebProject] [http-nio-8080-exec-8] o.s.security.web.FilterChainProxy        : Securing GET /error
2025-07-08T16:31:22.407+08:00 DEBUG 8020 --- [MyWebProject] [http-nio-8080-exec-8] o.s.s.w.a.AnonymousAuthenticationFilter  : Set SecurityContextHolder to anonymous SecurityContext
2025-07-08T16:31:22.407+08:00 DEBUG 8020 --- [MyWebProject] [http-nio-8080-exec-8] o.s.s.w.a.Http403ForbiddenEntryPoint     : Pre-authenticated entry point called. Rejecting access
2025-07-08T16:31:22.413+08:00 DEBUG 8020 --- [MyWebProject] [http-nio-8080-exec-8] o.s.security.web.FilterChainProxy        : Securing GET /check-login
2025-07-08T16:31:22.416+08:00 DEBUG 8020 --- [MyWebProject] [http-nio-8080-exec-8] o.s.s.w.a.AnonymousAuthenticationFilter  : Set SecurityContextHolder to anonymous SecurityContext
2025-07-08T16:31:22.421+08:00 DEBUG 8020 --- [MyWebProject] [http-nio-8080-exec-8] o.s.s.w.a.Http403ForbiddenEntryPoint     : Pre-authenticated entry point called. Rejecting access
2025-07-08T16:31:22.423+08:00 DEBUG 8020 --- [MyWebProject] [http-nio-8080-exec-8] o.s.security.web.FilterChainProxy        : Securing GET /error
2025-07-08T16:31:22.424+08:00 DEBUG 8020 --- [MyWebProject] [http-nio-8080-exec-8] o.s.s.w.a.AnonymousAuthenticationFilter  : Set SecurityContextHolder to anonymous SecurityContext
2025-07-08T16:31:22.427+08:00 DEBUG 8020 --- [MyWebProject] [http-nio-8080-exec-8] o.s.s.w.a.Http403ForbiddenEntryPoint     : Pre-authenticated entry point called. Rejecting access
2025-07-08T16:31:22.444+08:00 DEBUG 8020 --- [MyWebProject] [http-nio-8080-exec-4] o.s.security.web.FilterChainProxy        : Securing GET /categories
2025-07-08T16:31:22.446+08:00 DEBUG 8020 --- [MyWebProject] [http-nio-8080-exec-4] o.s.s.w.a.AnonymousAuthenticationFilter  : Set SecurityContextHolder to anonymous SecurityContext
2025-07-08T16:31:22.448+08:00 DEBUG 8020 --- [MyWebProject] [http-nio-8080-exec-4] o.s.security.web.FilterChainProxy        : Secured GET /categories
2025-07-08T16:31:22.455+08:00 DEBUG 8020 --- [MyWebProject] [http-nio-8080-exec-9] o.s.security.web.FilterChainProxy        : Securing GET /captcha
2025-07-08T16:31:22.459+08:00 DEBUG 8020 --- [MyWebProject] [http-nio-8080-exec-9] o.s.s.w.a.AnonymousAuthenticationFilter  : Set SecurityContextHolder to anonymous SecurityContext
2025-07-08T16:31:22.460+08:00 DEBUG 8020 --- [MyWebProject] [http-nio-8080-exec-9] o.s.security.web.FilterChainProxy        : Secured GET /captcha
2025-07-08T16:31:34.390+08:00 DEBUG 8020 --- [MyWebProject] [http-nio-8080-exec-10] o.s.security.web.FilterChainProxy        : Securing POST /login
2025-07-08T16:31:34.394+08:00 DEBUG 8020 --- [MyWebProject] [http-nio-8080-exec-10] o.s.s.w.a.AnonymousAuthenticationFilter  : Set SecurityContextHolder to anonymous SecurityContext
2025-07-08T16:31:34.394+08:00 DEBUG 8020 --- [MyWebProject] [http-nio-8080-exec-10] o.s.security.web.FilterChainProxy        : Secured POST /login
2025-07-08T16:31:34.413+08:00  INFO 8020 --- [MyWebProject] [http-nio-8080-exec-10] c.e.demo.controller.LoginRestController  : !!!!!!!!!! LOGIN API HAS BEEN CALLED !!!!!!!!!!
2025-07-08T16:31:34.590+08:00 DEBUG 8020 --- [MyWebProject] [http-nio-8080-exec-10] o.s.s.a.dao.DaoAuthenticationProvider    : Authenticated user
2025-07-08T16:31:36.127+08:00 DEBUG 8020 --- [MyWebProject] [http-nio-8080-exec-7] o.s.security.web.FilterChainProxy        : Securing GET /products
2025-07-08T16:31:36.129+08:00 DEBUG 8020 --- [MyWebProject] [http-nio-8080-exec-7] o.s.s.w.a.AnonymousAuthenticationFilter  : Set SecurityContextHolder to anonymous SecurityContext
2025-07-08T16:31:36.132+08:00 DEBUG 8020 --- [MyWebProject] [http-nio-8080-exec-2] o.s.security.web.FilterChainProxy        : Securing GET /check-login
2025-07-08T16:31:36.132+08:00 DEBUG 8020 --- [MyWebProject] [http-nio-8080-exec-7] o.s.security.web.FilterChainProxy        : Secured GET /products
2025-07-08T16:31:36.132+08:00 DEBUG 8020 --- [MyWebProject] [http-nio-8080-exec-3] o.s.security.web.FilterChainProxy        : Securing GET /userinfo
2025-07-08T16:31:36.182+08:00 DEBUG 8020 --- [MyWebProject] [http-nio-8080-exec-3] .s.ChangeSessionIdAuthenticationStrategy : Changed session id from 098ABD8835C39661239BCB38C62025DB
2025-07-08T16:31:36.183+08:00 DEBUG 8020 --- [MyWebProject] [http-nio-8080-exec-3] o.s.security.web.FilterChainProxy        : Secured GET /userinfo
2025-07-08T16:31:36.185+08:00 DEBUG 8020 --- [MyWebProject] [http-nio-8080-exec-2] o.s.security.web.FilterChainProxy        : Secured GET /check-login
2025-07-08T16:31:36.210+08:00 DEBUG 8020 --- [MyWebProject] [http-nio-8080-exec-1] o.s.security.web.FilterChainProxy        : Securing GET /check-login
2025-07-08T16:31:36.219+08:00 DEBUG 8020 --- [MyWebProject] [http-nio-8080-exec-1] o.s.security.web.FilterChainProxy        : Secured GET /check-login
2025-07-08T16:31:36.228+08:00 DEBUG 8020 --- [MyWebProject] [http-nio-8080-exec-8] o.s.security.web.FilterChainProxy        : Securing GET /userinfo
2025-07-08T16:31:36.235+08:00 DEBUG 8020 --- [MyWebProject] [http-nio-8080-exec-8] o.s.security.web.FilterChainProxy        : Secured GET /userinfo
2025-07-08T16:31:36.296+08:00 DEBUG 8020 --- [MyWebProject] [http-nio-8080-exec-6] o.s.security.web.FilterChainProxy        : Securing GET /products
2025-07-08T16:31:36.297+08:00 DEBUG 8020 --- [MyWebProject] [http-nio-8080-exec-6] o.s.s.w.a.AnonymousAuthenticationFilter  : Set SecurityContextHolder to anonymous SecurityContext
2025-07-08T16:31:36.297+08:00 DEBUG 8020 --- [MyWebProject] [http-nio-8080-exec-6] o.s.s.w.session.SessionManagementFilter  : Request requested invalid session id 098ABD8835C39661239BCB38C62025DB
2025-07-08T16:31:36.298+08:00 DEBUG 8020 --- [MyWebProject] [http-nio-8080-exec-6] o.s.security.web.FilterChainProxy        : Secured GET /products
2025-07-08T16:31:36.410+08:00 DEBUG 8020 --- [MyWebProject] [http-nio-8080-exec-4] o.s.security.web.FilterChainProxy        : Securing GET /userinfo
2025-07-08T16:31:36.412+08:00 DEBUG 8020 --- [MyWebProject] [http-nio-8080-exec-5] o.s.security.web.FilterChainProxy        : Securing GET /check-login
2025-07-08T16:31:36.413+08:00 DEBUG 8020 --- [MyWebProject] [http-nio-8080-exec-9] o.s.security.web.FilterChainProxy        : Securing GET /chatrooms?userId=4
2025-07-08T16:31:36.419+08:00 DEBUG 8020 --- [MyWebProject] [http-nio-8080-exec-5] .s.ChangeSessionIdAuthenticationStrategy : Changed session id from A2A60EA31E932892F125C4F81F3AB001
2025-07-08T16:31:36.419+08:00 DEBUG 8020 --- [MyWebProject] [http-nio-8080-exec-4] .s.ChangeSessionIdAuthenticationStrategy : Changed session id from 25CBB8727A45D236C6CC96FC7389EAAB
2025-07-08T16:31:36.419+08:00 DEBUG 8020 --- [MyWebProject] [http-nio-8080-exec-5] o.s.security.web.FilterChainProxy        : Secured GET /check-login
2025-07-08T16:31:36.420+08:00 DEBUG 8020 --- [MyWebProject] [http-nio-8080-exec-4] o.s.security.web.FilterChainProxy        : Secured GET /userinfo
2025-07-08T16:31:36.433+08:00 DEBUG 8020 --- [MyWebProject] [http-nio-8080-exec-9] o.s.security.web.FilterChainProxy        : Secured GET /chatrooms?userId=4
2025-07-08T16:31:36.656+08:00 DEBUG 8020 --- [MyWebProject] [http-nio-8080-exec-10] o.s.security.web.FilterChainProxy        : Securing GET /chatrooms?userId=4
2025-07-08T16:31:36.688+08:00 DEBUG 8020 --- [MyWebProject] [http-nio-8080-exec-10] .s.ChangeSessionIdAuthenticationStrategy : Changed session id from 9F8FBC746CA6B32F48A53AC1D7F316E6
2025-07-08T16:31:36.690+08:00 DEBUG 8020 --- [MyWebProject] [http-nio-8080-exec-10] o.s.security.web.FilterChainProxy        : Secured GET /chatrooms?userId=4
2025-07-08T16:31:36.821+08:00 DEBUG 8020 --- [MyWebProject] [http-nio-8080-exec-3] o.s.security.web.FilterChainProxy        : Securing GET /store/all
2025-07-08T16:31:36.822+08:00 DEBUG 8020 --- [MyWebProject] [http-nio-8080-exec-3] o.s.s.w.a.AnonymousAuthenticationFilter  : Set SecurityContextHolder to anonymous SecurityContext
2025-07-08T16:31:36.824+08:00 DEBUG 8020 --- [MyWebProject] [http-nio-8080-exec-3] o.s.security.web.FilterChainProxy        : Secured GET /store/all
2025-07-08T16:31:36.826+08:00 DEBUG 8020 --- [MyWebProject] [http-nio-8080-exec-2] o.s.security.web.FilterChainProxy        : Securing GET /uploads/products/2_1751941101001_0.jpg
2025-07-08T16:31:36.828+08:00 DEBUG 8020 --- [MyWebProject] [http-nio-8080-exec-2] o.s.s.w.a.AnonymousAuthenticationFilter  : Set SecurityContextHolder to anonymous SecurityContext
2025-07-08T16:31:36.830+08:00 DEBUG 8020 --- [MyWebProject] [http-nio-8080-exec-2] o.s.security.web.FilterChainProxy        : Secured GET /uploads/products/2_1751941101001_0.jpg
2025-07-08T16:31:37.009+08:00 DEBUG 8020 --- [MyWebProject] [http-nio-8080-exec-1] o.s.security.web.FilterChainProxy        : Securing GET /store/all
2025-07-08T16:31:37.023+08:00 DEBUG 8020 --- [MyWebProject] [http-nio-8080-exec-1] o.s.s.w.a.AnonymousAuthenticationFilter  : Set SecurityContextHolder to anonymous SecurityContext
2025-07-08T16:31:37.024+08:00 DEBUG 8020 --- [MyWebProject] [http-nio-8080-exec-1] o.s.security.web.FilterChainProxy        : Secured GET /store/all
2025-07-08T16:33:57.234+08:00  INFO 8020 --- [MyWebProject] [SpringApplicationShutdownHook] o.s.b.w.e.tomcat.GracefulShutdown        : Commencing graceful shutdown. Waiting for active requests to complete
2025-07-08T16:33:57.270+08:00  INFO 8020 --- [MyWebProject] [tomcat-shutdown] o.s.b.w.e.tomcat.GracefulShutdown        : Graceful shutdown complete
2025-07-08T16:33:57.320+08:00  INFO 8020 --- [MyWebProject] [SpringApplicationShutdownHook] o.s.m.s.b.SimpleBrokerMessageHandler     : Stopping...
2025-07-08T16:33:57.323+08:00  INFO 8020 --- [MyWebProject] [SpringApplicationShutdownHook] o.s.m.s.b.SimpleBrokerMessageHandler     : BrokerAvailabilityEvent[available=false, SimpleBrokerMessageHandler [org.springframework.messaging.simp.broker.DefaultSubscriptionRegistry@41758fc9]]
2025-07-08T16:33:57.325+08:00  INFO 8020 --- [MyWebProject] [SpringApplicationShutdownHook] o.s.m.s.b.SimpleBrokerMessageHandler     : Stopped.
2025-07-08T16:33:57.608+08:00  INFO 8020 --- [MyWebProject] [SpringApplicationShutdownHook] j.LocalContainerEntityManagerFactoryBean : Closing JPA EntityManagerFactory for persistence unit 'default'
2025-07-08T16:33:57.698+08:00  INFO 8020 --- [MyWebProject] [SpringApplicationShutdownHook] com.zaxxer.hikari.HikariDataSource       : HikariPool-1 - Shutdown initiated...
2025-07-08T16:33:57.718+08:00  INFO 8020 --- [MyWebProject] [SpringApplicationShutdownHook] com.zaxxer.hikari.HikariDataSource       : HikariPool-1 - Shutdown completed.
